date,symbol,available_date,open,close,volume,amount,market_cap,turnover
20240102,600519.SH,20240102,13851.849199999999,13609.623568799998,571389.058770385,5440082548.0,2116705854978.0,0.256
20240103,600519.SH,20240103,13578.123736799998,13682.234719999999,359455.056986817,3411400667.0,2127999073200.0,0.161
20240104,600519.SH,20240104,13674.157839999998,13480.312719999998,382941.8182732504,3603970147.0,2096594128200.0,0.1716
20240105,600519.SH,20240105,13418.363050399998,13434.759116799998,359696.18285546143,3373155627.0,2089509172608.0,0.1611
20240108,600519.SH,20240108,13415.69768,13278.309951199999,454642.203412779,4211918629.0,2065176621222.0,0.2037
20240109,600519.SH,20240109,13254.240848799998,13254.160079999998,433778.50776594016,4009826496.0,2061420589800.0,0.1943
20240110,600519.SH,20240110,13254.967767999999,13258.198519999998,308304.7439435322,2856120718.0,2062048688700.0,0.1381
20240111,600519.SH,20240111,13246.890887999998,13299.148301599998,292132.7855374368,2708764500.0,2068417611546.0,0.1309
20240112,600519.SH,20240112,13245.8408936,13270.798452799998,206178.43213635843,1908084612.0,2064008357268.0,0.0924
20240115,600519.SH,20240115,13205.698799999998,13246.0832,317248.96776378906,2931202343.0,2060164392000.0,0.1421
20240116,600519.SH,20240116,13233.967879999998,13241.4793784,460273.922853323,4236042960.0,2059448359254.0,0.2062
20240117,600519.SH,20240117,13165.3144,12737.239759999999,917464.5619389827,8251735591.0,1981023930600.0,0.411
20240118,600519.SH,20240118,12713.009119999999,13010.803685599998,1073957.382974014,9566349514.0,2023571350086.0,0.4811
20240119,600519.SH,20240119,12994.649925599997,13205.698799999998,824100.1636048078,7550144389.0,2053883403000.0,0.3692
20240122,600519.SH,20240122,13157.237519999999,13262.236959999998,834183.3828694355,7678297836.0,2062676787600.0,0.3737
20240123,600519.SH,20240123,13181.548928799999,13076.468719999999,618982.7208285645,5659457115.0,2033784238200.0,0.2773
20240124,600519.SH,20240124,13157.237519999999,13133.006879999999,590222.6416322105,5373603703.0,2042577622800.0,0.2644
20240125,600519.SH,20240125,13139.629921599999,13229.929439999998,554497.0988758979,5094508165.0,2057651996400.0,0.2484
20240126,600519.SH,20240126,13168.222076799997,13224.437161599999,478960.02268569014,4402111882.0,2056797781896.0,0.2146
20240129,600519.SH,20240129,13248.506263999998,13326.851999999999,558315.3101252955,5189014946.0,2072726370000.0,0.2501
20240130,600519.SH,20240130,13326.690462399998,13028.00744,548465.0429710533,5010784454.0,2026247051400.0,0.2457
20240131,600519.SH,20240131,13028.00744,12962.665480799998,526836.3901653975,4770104891.0,2016084411198.0,0.236
20240201,600519.SH,20240201,12967.430839999999,13004.0191064,470615.681645495,4272298576.0,2022516143934.0,0.2108
20240202,600519.SH,20240202,13044.161199999999,12890.70048,699780.6766009072,6336691194.0,2004891688800.0,0.3135
20240205,600519.SH,20240205,12890.70048,13165.395168799998,944075.4757843751,8590683071.0,2047614975978.0,0.4229
20240206,600519.SH,20240206,13165.395168799998,13536.850879999998,932377.7615731714,8740646588.0,2105387512800.0,0.4177
20240207,600519.SH,20240207,13577.477586399998,13819.460911199998,934670.5007648587,8899606867.0,2149341873822.0,0.4187
20240208,600519.SH,20240208,13892.314368799998,13779.15728,830818.8152034198,7953438044.0,2143073446800.0,0.3722
20240219,600519.SH,20240219,14036.567445599998,13693.7846584,657053.5991340579,6288277980.0,2129795436054.0,0.2944
20240220,600519.SH,20240220,13709.373036799998,13488.389599999999,612500.0420770858,5755266893.0,2097850326000.0,0.2744
20240221,600519.SH,20240221,13456.2436176,13873.3337008,820113.5018591132,7868784082.0,2157720713148.0,0.3674
20240222,600519.SH,20240222,13791.272599999998,13879.149054399999,405020.5608543494,3905984695.0,2158625175564.0,0.1814
20240223,600519.SH,20240223,13820.4301,13844.4992,485199.4433,4670706950.0,2153236087002.0,0.2174
20240226,600519.SH,20240226,13795.311,13690.1501,485420.3124,4625594409.0,2129230147044.0,0.2175
20240227,600519.SH,20240227,13593.389,13645.8888,392337.7311,3718478358.0,2122346183100.0,0.1758
20240228,600519.SH,20240228,13641.2042,13581.6776,566251.4963,5371312847.0,2112359410590.0,0.2537
20240229,600519.SH,20240229,13581.6776,13690.3116,439931.7485,4184917973.0,2129255271000.0,0.1971
20240301,600519.SH,20240301,13649.9272,13610.0274,477417.8477,4526845398.0,2116768664868.0,0.2139
20240304,600519.SH,20240304,13561.0815,13539.2739,470608.9294,4434401015.0,2105764372140.0,0.2108
20240305,600519.SH,20240305,13494.9319,13691.1193,643921.035,6102136582.0,2129380890780.0,0.2885
20240306,600519.SH,20240306,13658.0041,13573.6007,393450.606,3725582802.0,2111103212790.0,0.1763
20240307,600519.SH,20240307,13569.1584,13598.4775,383795.6206,3633934774.0,2114972302014.0,0.1719
20240308,600519.SH,20240308,13573.6815,13499.9395,393694.9303,3710678522.0,2099646688854.0,0.1764
20240311,600519.SH,20240311,13528.774,13686.1924,531207.0409,5048394347.0,2128614610122.0,0.238
20240312,600519.SH,20240312,13681.7501,14094.1556,963553.5417,9393309052.0,2192065161000.0,0.4317
20240313,600519.SH,20240313,14053.5289,13952.4064,470871.3781,4588879420.0,2170018889610.0,0.211
20240314,600519.SH,20240314,13884.1567,13865.0145,344804.4838,3338768308.0,2156426829414.0,0.1545
20240315,600519.SH,20240315,13831.657,13871.9606,316885.5909,3066692399.0,2157507159522.0,0.142
20240318,600519.SH,20240318,13851.8492,13797.411,462972.5069,4446059130.0,2145912453828.0,0.2074
20240319,600519.SH,20240319,13754.9266,13795.4726,425524.6111,4093701261.0,2145610966356.0,0.1906
20240320,600519.SH,20240320,13757.8343,13808.234,270964.5286,2604543856.0,2147595758880.0,0.1214
20240321,600519.SH,20240321,13796.1187,13803.3879,294894.4497,2839332631.0,2146842040200.0,0.1321
20240322,600519.SH,20240322,13771.3227,13741.5998,452331.1621,4318592818.0,2137232127030.0,0.2026
20240325,600519.SH,20240325,13718.9038,13641.9311,434859.0431,4131446237.0,2121730646178.0,0.1948
20240326,600519.SH,20240326,13629.4119,13805.7302,498760.419,4782899074.0,2147206337562.0,0.2234
20240327,600519.SH,20240327,13771.0804,13738.7729,321843.153,3087792980.0,2136792457800.0,0.1442
20240328,600519.SH,20240328,13690.3116,13743.9421,437867.8746,4201857059.0,2137596424392.0,0.1962
20240329,600519.SH,20240329,13743.9421,13754.119,239109.9711,2290584417.0,2139179233620.0,0.1071
20240401,600519.SH,20240401,13811.384,13902.9759,482098.3905,4679371035.0,2162330959074.0,0.216
20240402,600519.SH,20240402,13908.3874,13843.6916,452208.7334,4360973684.0,2153110467222.0,0.2026
20240403,600519.SH,20240403,14005.3099,13852.7377,516115.9731,5002390042.0,2154517408758.0,0.2312
20240408,600519.SH,20240408,13690.3116,13461.4128,1051333.4863,9907355766.0,2093654625348.0,0.471
20240409,600519.SH,20240409,13413.0323,13425.5515,454706.5273,4256226333.0,2088077107116.0,0.2037
20240410,600519.SH,20240410,13425.9553,13310.5367,490967.4513,4562853880.0,2070188850444.0,0.22
20240411,600519.SH,20240411,13246.9717,13310.6982,404534.2222,3736417595.0,2070213974400.0,0.1812
20240412,600519.SH,20240412,13334.9289,13197.8642,475221.0614,4403968129.0,2052664891134.0,0.2129
20240415,600519.SH,20240415,13205.7796,13512.4587,636446.3107,5960815532.0,2101593795444.0,0.2851
20240416,600519.SH,20240416,13451.9629,13488.3896,466725.6835,4382796962.0,2097850326000.0,0.2091
20240417,600519.SH,20240417,13472.2358,13464.159,441011.7508,4130322018.0,2094081732600.0,0.1976
20240418,600519.SH,20240418,13399.6247,13494.6896,472095.1319,4445487745.0,2098830160284.0,0.2115
20240419,600519.SH,20240419,13413.9208,13299.7137,417571.0113,3879233242.0,2068505545392.0,0.1871
20240422,600519.SH,20240422,13359.1595,13529.2586,532207.4378,5001684635.0,2104206686868.0,0.2384
20240423,600519.SH,20240423,13528.774,13668.3425,443869.7231,4217855279.0,2125838412984.0,0.1989
20240424,600519.SH,20240424,13706.3038,13679.004,303609.4529,2893555635.0,2127496594080.0,0.136
20240425,600519.SH,20240425,13652.5926,13674.4809,257233.1477,2447183879.0,2126793123312.0,0.1152
20240426,600519.SH,20240426,13682.2347,13806.861,550767.7328,5290248521.0,2147382205254.0,0.2467
20240429,600519.SH,20240429,13706.0615,13763.0035,734434.0355,7072096590.0,2140561051200.0,0.329
20240430,600519.SH,20240430,13771.1612,13771.0804,546573.7064,5273902374.0,2141817249000.0,0.2449
20240506,600519.SH,20240506,14005.0676,14216.9242,1064534.1058,10504351712.0,2211159367560.0,0.4769
20240507,600519.SH,20240507,14262.0739,14296.0776,442884.7852,4413196426.0,2223470106000.0,0.1984
20240508,600519.SH,20240508,14293.5738,14247.374,262432.5465,2603293863.0,2215895233266.0,0.1176
20240509,600519.SH,20240509,14199.155,14183.0013,397801.5331,3929804849.0,2205883336800.0,0.1782
20240510,600519.SH,20240510,14224.1934,14045.5328,465666.2933,4571398242.0,2184502850244.0,0.2086
20240513,600519.SH,20240513,13989.3177,13779.1573,669219.7052,6435415674.0,2143073446800.0,0.2998
20240514,600519.SH,20240514,13779.0765,13746.6882,378021.5712,3623282672.0,2138023531644.0,0.1694
20240515,600519.SH,20240515,13751.5344,13730.696,279662.6512,2677203002.0,2135536260000.0,0.1253
20240516,600519.SH,20240516,13771.0804,13767.042,527376.9244,5048754769.0,2141189150100.0,0.2363
20240517,600519.SH,20240517,13730.7768,13851.8492,513949.5718,4936920634.0,2154379227000.0,0.2302
20240520,600519.SH,20240520,13875.9991,13803.3879,558404.8661,5401389335.0,2146842040200.0,0.2502
20240521,600519.SH,20240521,13795.311,13771.0804,289517.8937,2776847499.0,2141817249000.0,0.1297
20240522,600519.SH,20240522,13754.9266,13712.1999,360457.0531,3443977767.0,2132659567038.0,0.1615
20240523,600519.SH,20240523,13730.696,13666.1617,335567.7815,3199923320.0,2125499239578.0,0.1503
20240524,600519.SH,20240524,13674.1578,13545.5739,359230.1009,3401323915.0,2106744206424.0,0.1609
20240527,600519.SH,20240527,13553.0046,13489.3588,445965.759,4199001866.0,2098001069736.0,0.1998
20240528,600519.SH,20240528,13491.6204,13445.0975,417943.2727,3923020375.0,2091117105792.0,0.1872
20240529,600519.SH,20240529,13456.0821,13520.6971,349184.3744,3289173345.0,2102875117200.0,0.1564
20240530,600519.SH,20240530,13528.774,13318.7751,572303.8089,5333306808.0,2071470172200.0,0.2564
20240531,600519.SH,20240531,13330.8904,13314.3328,388371.6814,3617654788.0,2070779263410.0,0.174
20240603,600519.SH,20240603,13326.852,13241.1563,537709.7986,4966041477.0,2059398111342.0,0.2409
20240604,600519.SH,20240604,13250.1216,13352.698,370325.9778,3432497303.0,2076746202960.0,0.1659
20240605,600519.SH,20240605,13343.0058,13278.3907,338599.1797,3140824328.0,2065189183200.0,0.1517
20240606,600519.SH,20240606,13275.6446,13244.5486,455065.995,4205700983.0,2059925714418.0,0.2039
20240607,600519.SH,20240607,13295.5945,13077.9226,595699.0597,5453120695.0,2034010353804.0,0.2669
20240611,600519.SH,20240611,12947.1579,12672.6247,1248217.4668,11090577610.0,1970974348200.0,0.5592
20240612,600519.SH,20240612,12680.7016,12694.2708,589407.9312,5230086503.0,1974340958304.0,0.2641
20240613,600519.SH,20240613,12735.3821,12559.6292,642989.9373,5654938942.0,1953400140978.0,0.2881
20240614,600519.SH,20240614,12559.5484,12559.5484,1057509.4714,9177637168.0,1953387579000.0,0.4738
20240617,600519.SH,20240617,12376.1225,12450.5105,858567.303,7400883243.0,1936428908700.0,0.3846
20240618,600519.SH,20240618,12364.8148,12288.9729,733119.4819,6317590943.0,1911304952700.0,0.3284
20240619,600519.SH,20240619,12349.6992,12374.5142,733177.7644,6167728416.0,1885552897800.0,0.3285
20240620,600519.SH,20240620,12366.27,12367.0944,439085.0538,3715924984.0,1884422319780.0,0.1967
20240621,600519.SH,20240621,12370.3921,12127.1888,769754.2665,6418543742.0,1847866963800.0,0.3448
20240624,600519.SH,20240624,11731.4681,12172.944,1134374.2502,9319362390.0,1854838861590.0,0.5082
20240625,600519.SH,20240625,12176.6539,12256.2102,748040.1446,6273919386.0,1867526459370.0,0.3351
20240626,600519.SH,20240626,12201.3864,12277.3977,525426.4169,4414601922.0,1870754887716.0,0.2354
20240627,600519.SH,20240627,12300.3166,12287.8678,583211.5116,4857959457.0,1872350258922.0,0.2613
20240628,600519.SH,20240628,12201.3864,12097.4273,685565.4448,5699649047.0,1843332089742.0,0.3071
20240701,600519.SH,20240701,12109.7111,11874.752,571476.8378,4636689118.0,1809402187164.0,0.256
20240702,600519.SH,20240702,11813.9099,12289.5991,921377.6599,7659166816.0,1872614060460.0,0.4128
20240703,600519.SH,20240703,12358.0258,12366.27,561026.5102,4740808130.0,1884296700000.0,0.2513
20240704,600519.SH,20240704,12407.4909,12248.708,433204.3901,3637968895.0,1866383319372.0,0.1941
20240705,600519.SH,20240705,12193.1422,11978.7935,689960.7945,5664477336.0,1825255403400.0,0.3091
20240708,600519.SH,20240708,11896.3517,11706.7356,702357.7204,5657951348.0,1783800876000.0,0.3147
20240709,600519.SH,20240709,11706.7356,11855.3782,597407.7305,4807957927.0,1806450122334.0,0.2676
20240710,600519.SH,20240710,11865.4361,11851.7507,422249.5994,3436693365.0,1805897395302.0,0.1892
20240711,600519.SH,20240711,11953.8137,12053.7331,515660.0196,4236960596.0,1836674241402.0,0.231
20240712,600519.SH,20240712,12143.7596,12191.6583,415552.8038,3451132648.0,1857690430596.0,0.1862
20240715,600519.SH,20240715,12118.9446,12159.3411,340743.7251,2835374730.0,1852766135220.0,0.1527
20240716,600519.SH,20240716,12168.4097,12168.4097,361003.6288,2998367128.0,1854147952800.0,0.1617
20240717,600519.SH,20240717,12169.2341,12377.8119,609673.6986,5115680654.0,1886055376920.0,0.2731
20240718,600519.SH,20240718,12362.1479,12345.742,512999.1059,4337214601.0,1881168767478.0,0.2298
20240719,600519.SH,20240719,12290.506,12577.4859,691978.1136,5888615145.0,1916480487636.0,0.31
20240722,600519.SH,20240722,12572.6218,12358.0258,507185.4315,4300813310.0,1883040502200.0,0.2272
20240723,600519.SH,20240723,12358.0258,11995.2819,549844.4535,4555460198.0,1827767799000.0,0.2463
20240724,600519.SH,20240724,11955.7098,11871.7841,428634.5485,3490200973.0,1808949955956.0,0.192
20240725,600519.SH,20240725,11871.7841,11793.217,503691.1498,4054086714.0,1796978390922.0,0.2257
20240726,600519.SH,20240726,11793.217,11724.7904,574895.7788,4594928574.0,1786551949182.0,0.2576
20240729,600519.SH,20240729,11665.5147,11525.5285,548513.7301,4342610100.0,1756189648356.0,0.2457
20240730,600519.SH,20240730,11426.2686,11376.886,920063.8171,7103491566.0,1733540402022.0,0.4122
20240731,600519.SH,20240731,11320.0836,11717.2882,768907.5717,6098149721.0,1785408809184.0,0.3445
20240801,600519.SH,20240801,11690.2472,11427.7525,569286.2706,4470988088.0,1741291142448.0,0.255
20240802,600519.SH,20240802,11324.2056,11421.8992,389633.994,3041726372.0,1740399242010.0,0.1746
20240805,600519.SH,20240805,11450.1767,11624.3762,670533.7257,5327127147.0,1771251459978.0,0.3004
20240806,600519.SH,20240806,11723.224,11580.5996,487659.3891,3860735014.0,1764581049660.0,0.2185
20240807,600519.SH,20240807,11587.195,11669.6368,366436.8681,2910580747.0,1778147985900.0,0.1642
20240808,600519.SH,20240808,11632.538,11794.8659,446550.5381,3592705430.0,1797229630482.0,0.2001
20240809,600519.SH,20240809,12036.7501,11845.2378,535532.0251,4368705515.0,1804904999040.0,0.2399
20240812,600519.SH,20240812,11789.1774,11839.4669,242228.0822,1956573438.0,1804025660580.0,0.1085
20240813,600519.SH,20240813,11813.9099,11731.5506,289785.14,2317037756.0,1787582031378.0,0.1298
20240814,600519.SH,20240814,11731.5506,11651.4996,238359.4069,1898377426.0,1775384350740.0,0.1068
20240815,600519.SH,20240815,11583.3202,11763.538,409380.3724,3275699572.0,1792456078842.0,0.1834
20240816,600519.SH,20240816,11762.7136,11799.0704,292384.2174,2349825846.0,1797870291360.0,0.131
20240819,600519.SH,20240819,11805.6658,11751.5839,363071.0566,2942106435.0,1790634592032.0,0.1627
20240820,600519.SH,20240820,11788.353,11729.1598,330350.9692,2644814344.0,1787217734016.0,0.148
20240821,600519.SH,20240821,11706.7356,11686.7847,268164.1279,2144746551.0,1780760877324.0,0.1201
20240822,600519.SH,20240822,11673.7589,11624.706,346981.1911,2750868073.0,1771301707890.0,0.1554
20240823,600519.SH,20240823,11607.8054,11665.4323,272229.8619,2166499202.0,1777507325022.0,0.122
20240826,600519.SH,20240826,11682.0031,11640.7822,277701.8376,2207595461.0,1773751293600.0,0.1244
20240827,600519.SH,20240827,11640.7822,11575.4058,242678.8827,1920770570.0,1763789645046.0,0.1087
20240828,600519.SH,20240828,11575.4058,11451.166,562630.166,4388025875.0,1744858744200.0,0.2521
20240829,600519.SH,20240829,11376.9684,11651.4996,488144.1285,3864270621.0,1775384350740.0,0.2187
20240830,600519.SH,20240830,11649.0263,11897.9181,688358.9156,5576118649.0,1812932102982.0,0.3084
20240902,600519.SH,20240902,11789.1774,11500.6311,606538.8846,4801049927.0,1752395931000.0,0.2717
20240903,600519.SH,20240903,11525.3636,11624.2938,317845.4744,2516125842.0,1771238898000.0,0.1424
20240904,600519.SH,20240904,11558.3404,11541.852,252517.4223,1995221417.0,1758676920000.0,0.1131
20240905,600519.SH,20240905,11545.9741,11582.0836,257703.4942,2033680839.0,1764807165264.0,0.1155
20240906,600519.SH,20240906,11583.0729,11525.3636,183394.9694,1445537257.0,1756164524400.0,0.0822
20240909,600519.SH,20240909,11377.0508,11335.7475,508861.7627,3950086825.0,1727271975000.0,0.228
20240910,600519.SH,20240910,11294.6915,11360.48,351877.45,2737295644.0,1731040568400.0,0.1576
20240911,600519.SH,20240911,11340.694,11376.9684,373074.6705,2892932794.0,1733552964000.0,0.1671
20240912,600519.SH,20240912,11376.9684,11006.475,851995.4236,6482445000.0,1677099434868.0,0.3817
20240913,600519.SH,20240913,10973.0036,10751.4825,995157.0226,7329376917.0,1638245236914.0,0.4458
20240918,600519.SH,20240918,10717.434,10444.5516,820668.6067,5895948011.0,1591476992820.0,0.3677
20240919,600519.SH,20240919,10404.1552,10395.911,1065932.8846,7623739997.0,1584065425800.0,0.4775
20240920,600519.SH,20240920,10400.0331,10419.984,710438.902,5038507835.0,1587733523376.0,0.3183
20240923,600519.SH,20240923,10453.6202,10400.3628,809374.2496,5809791682.0,1584743772612.0,0.3626
20240924,600519.SH,20240924,10594.5133,11315.9615,1784239.2067,13297277523.0,1724257100280.0,0.7993
20240925,600519.SH,20240925,11542.2642,11533.6078,1314088.0077,10420109655.0,1757420722200.0,0.5887
20240926,600519.SH,20240926,11541.5222,12605.3512,1728537.7095,14269262657.0,1920726436200.0,0.7744
20240927,600519.SH,20240927,13190.688,13431.4181,1562283.6442,14050260569.0,2046597455760.0,0.6999
20240930,600519.SH,20240930,13949.1526,14410.8266,2794952.8459,26982747037.0,2195833754400.0,1.2521
20241008,600519.SH,20241008,15746.3838,14204.7221,3459800.3012,35114075007.0,2164428809400.0,1.55
20241009,600519.SH,20241009,14015.106,13150.7037,2135782.421,19708432734.0,2003823920670.0,0.9568
20241010,600519.SH,20241010,13374.2034,13520.4552,1325631.1313,12198964035.0,2060164392000.0,0.5939
20241011,600519.SH,20241011,13317.6484,13231.8265,744784.1457,6764982707.0,2016184907022.0,0.3337
20241014,600519.SH,20241014,13297.8623,13207.0939,796266.5621,7181350822.0,2012416313622.0,0.3567
20241015,600519.SH,20241015,13182.4438,12813.5168,774222.4692,6884141869.0,1952445430650.0,0.3469
20241016,600519.SH,20241016,12703.2921,12551.764,829181.5759,7140169692.0,1912561150500.0,0.3715
20241017,600519.SH,20241017,12671.3047,12321.7514,701158.3102,5964778958.0,1877513231880.0,0.3141
20241018,600519.SH,20241018,12308.5607,12704.2814,1219299.0655,10418043492.0,1935800809800.0,0.5462
20241021,600519.SH,20241021,12706.0127,12603.7024,746440.0426,6433918335.0,1920475196640.0,0.3344
20241022,600519.SH,20241022,12585.2354,12720.7697,644467.6106,5607826492.0,1938313205400.0,0.2887
20241023,600519.SH,20241023,12729.9208,12922.7522,712333.437,6259600035.0,1969090051500.0,0.3191
20241024,600519.SH,20241024,12869.165,12796.6162,425085.1828,3723973209.0,1949870225160.0,0.1904
20241025,600519.SH,20241025,12753.7465,12851.44,493003.4278,4328271351.0,1958223940530.0,0.2209
20241028,600519.SH,20241028,12860.9208,12902.1417,695149.7095,6064453668.0,1965949557000.0,0.3114
20241029,600519.SH,20241029,12860.9208,12626.951,731476.3788,6368105233.0,1924017674436.0,0.3277
20241030,600519.SH,20241030,12572.3745,12630.0838,568711.2645,4913175983.0,1924495029600.0,0.2548
20241031,600519.SH,20241031,12631.3204,12595.3758,532313.3413,4575545180.0,1919206436862.0,0.2385
20241101,600519.SH,20241101,12539.3978,12644.5111,573654.256,4954302212.0,1926693375750.0,0.257
20241104,600519.SH,20241104,12736.681,12763.6395,516953.2503,4481761764.0,1944845433960.0,0.2316
20241105,600519.SH,20241105,12696.0372,13000.9894,810987.3231,7134443464.0,1981011368622.0,0.3633
20241106,600519.SH,20241106,12984.5835,12951.6068,668674.3734,5916917616.0,1973486743800.0,0.2996
20241107,600519.SH,20241107,12881.2015,13595.807,1328035.2823,12074951757.0,2071646039892.0,0.595
20241108,600519.SH,20241108,13692.6761,13272.8825,1079845.865,9885645907.0,2022440772066.0,0.4838
20241111,600519.SH,20241111,13108.2462,13174.2821,779237.2476,6957095385.0,2007416646378.0,0.3491
20241112,600519.SH,20241112,13100.002,13002.7207,874639.3994,7844798676.0,1981275170160.0,0.3918
20241113,600519.SH,20241113,12926.8742,13013.4381,517527.901,4594445032.0,1982908227300.0,0.2319
20241114,600519.SH,20241114,12943.3626,12974.6905,519711.3606,4617144097.0,1977004097640.0,0.2328
20241115,600519.SH,20241115,12935.1184,12852.6766,599902.6814,5295326892.0,1958412370200.0,0.2688
20241118,600519.SH,20241118,12877.4092,12852.6766,481402.1995,4237197499.0,1958412370200.0,0.2157
20241119,600519.SH,20241119,12902.1417,12711.866,591112.5151,5138831155.0,1936956511776.0,0.2648
20241120,600519.SH,20241120,12720.7697,12735.6917,379272.1562,3292675257.0,1940586923418.0,0.1699
20241121,600519.SH,20241121,12727.9422,12738.3298,324494.4714,2810933515.0,1940988906714.0,0.1454
20241122,600519.SH,20241122,12705.518,12430.7395,594127.5658,5107288992.0,1894120166796.0,0.2662
20241125,600519.SH,20241125,12456.956,12354.4808,589675.5329,5011136234.0,1882500337146.0,0.2642
20241126,600519.SH,20241126,12354.4808,12440.4676,457460.1954,3876885984.0,1895602480200.0,0.2049
20241127,600519.SH,20241127,12440.4676,12523.3216,460825.2962,3927607772.0,1908227268090.0,0.2064
20241128,600519.SH,20241128,12547.642,12514.6652,425604.5718,3627662382.0,1906908260400.0,0.1907
20241129,600519.SH,20241129,12506.4211,12578.4752,641250.8814,5534035503.0,1916631231372.0,0.2873
20241202,600519.SH,20241202,12580.6187,12572.3745,476557.4708,4086609952.0,1915701645000.0,0.2135
20241203,600519.SH,20241203,12564.1303,12586.7194,440789.8154,3777197199.0,1917887429172.0,0.1975
20241204,600519.SH,20241204,12531.7307,12531.1536,425104.551,3626565544.0,1909420656000.0,0.1904
20241205,600519.SH,20241205,12455.8018,12456.956,286818.4211,2441318387.0,1898114875800.0,0.1285
20241206,600519.SH,20241206,12473.4443,12539.4802,569314.5234,4883148600.0,1910689415778.0,0.2551
20241209,600519.SH,20241209,12547.8068,12521.2606,351824.4983,3008173586.0,1907913218640.0,0.1576
20241210,600519.SH,20241210,12943.3626,12750.3663,1071688.0989,9421340719.0,1942822955502.0,0.4801
20241211,600519.SH,20241211,12696.0372,12659.7628,527227.309,4569662604.0,1929017341680.0,0.2362
20241212,600519.SH,20241212,12630.2486,12908.737,745171.6885,6510547810.0,1966954515240.0,0.3338
20241213,600519.SH,20241213,12778.5614,12522.9094,879780.1602,7580908315.0,1908164458200.0,0.3941
20241216,600519.SH,20241216,12539.3978,12590.5117,578153.0214,4945298799.0,1918465280160.0,0.259
20241217,600519.SH,20241217,12580.5362,12844.4324,962577.8437,8398945449.0,1957156172400.0,0.4312
20241218,600519.SH,20241218,12844.1851,12955.7289,731413.8318,6440801971.0,1974114842700.0,0.3277
20241219,600519.SH,20241219,12903.2959,12786.8056,440837.7919,3862602665.0,1948375349778.0,0.1975
20241220,600519.SH,20241220,12820.3046,12743.8582,500335.9997,4307425535.0,1911933051600.0,0.2242
20241223,600519.SH,20241223,12752.2313,12781.1185,383859.0561,3300971424.0,1917523131810.0,0.172
20241224,600519.SH,20241224,12768.9775,12884.6937,392783.2009,3394160299.0,1933062298596.0,0.176
20241225,600519.SH,20241225,12884.5263,12810.843,304266.1966,2621061878.0,1921982634000.0,0.1363
20241226,600519.SH,20241226,12844.3354,12792.3384,324933.7221,2798840003.0,1919206436862.0,0.1456
20241227,600519.SH,20241227,12801.6326,12802.2187,368873.1811,3170191445.0,1920688750266.0,0.1653
20241230,600519.SH,20241230,12844.0842,12768.9775,446532.7691,3849542646.0,1915701645000.0,0.2
20241231,600519.SH,20241231,12772.3267,12760.6044,699290.7842,6033540366.0,1914445447200.0,0.3133
20250102,600519.SH,20250102,12760.604400000002,12459.172800000002,888961.9561277914,7490883773.0,1869222326400.0,0.3983
20250103,600519.SH,20250103,12513.597950000001,12350.322500000002,579774.6239826697,4836610288.0,1852891755000.0,0.2597
20250106,600519.SH,20250106,12166.114300000001,12057.264000000001,786370.9839326256,6392479712.0,1808924832000.0,0.3523
20250107,600519.SH,20250107,12096.282646000001,12058.93862,430387.1088499869,3494634227.0,1809176071560.0,0.1928
20250108,600519.SH,20250108,12057.264000000001,12078.196750000001,626504.5330213349,5071821246.0,1812065326500.0,0.2807
20250109,600519.SH,20250109,12132.538169000001,12090.756400000002,527840.8739792864,4295852736.0,1813949623200.0,0.2365
20250110,600519.SH,20250110,12116.713010000001,12023.771600000002,388643.5477301878,3154677598.0,1803900040800.0,0.1741
20250113,600519.SH,20250113,11931.667500000001,12090.588938,374615.9570343368,3030806870.0,1813924499244.0,0.1678
20250114,600519.SH,20250114,12098.710845000001,12329.389750000002,550068.5211130192,4535651504.0,1849751260500.0,0.2464
20250115,600519.SH,20250115,12283.337700000002,12319.090837000002,326938.60279919964,2701518712.0,1848206137206.0,0.1465
20250116,600519.SH,20250116,12341.949400000001,12110.684378000002,468074.3535884918,3840411437.0,1816939373964.0,0.2097
20250117,600519.SH,20250117,12110.768109000002,12180.767225000001,325332.28161088267,2663227309.0,1827453749550.0,0.1457
20250120,600519.SH,20250120,12233.099100000001,12348.64788,558121.0945214427,4647626351.0,1852640515440.0,0.25
20250121,600519.SH,20250121,12400.5611,12292.966765000003,299515.6438398019,2481821229.0,1844286800070.0,0.1342
20250122,600519.SH,20250122,12252.106037000001,12065.637100000002,502754.36604922276,4088101682.0,1810181029800.0,0.2252
20250123,600519.SH,20250123,12140.743807,12082.383300000001,481985.91245514253,3932700850.0,1812693425400.0,0.2159
20250124,600519.SH,20250124,12074.0102,12023.771600000002,557243.1262701734,4515322685.0,1803900040800.0,0.2496
20250127,600519.SH,20250127,12032.1447,12015.314769,521636.10300861835,4213534543.0,1802631281022.0,0.2337
20250205,600519.SH,20250205,12057.264000000001,11754.157780000001,724204.2216599963,5753730034.0,1763450471640.0,0.3244
20250206,600519.SH,20250206,11722.423731,11829.850604000001,486086.65143567114,3859568163.0,1774806499752.0,0.2178
20250207,600519.SH,20250207,11836.884008,12023.771600000002,661755.8201082207,5310850624.0,1803900040800.0,0.2965
20250210,600519.SH,20250210,12040.517800000001,11986.176381000001,370303.05571986455,2988101756.0,1798259712678.0,0.1659
20250211,600519.SH,20250211,12014.979845000002,11873.055800000002,418866.5519645301,3348668867.0,1781288480400.0,0.1877
20250212,600519.SH,20250212,11873.055800000002,12082.383300000001,452680.3237401897,3644170477.0,1812693425400.0,0.2028
20250213,600519.SH,20250213,12082.550762,12267.093886,770916.1839685708,6335985851.0,1840405148868.0,0.3454
20250214,600519.SH,20250214,12267.093886,12350.322500000002,481539.554178035,3978694098.0,1852891755000.0,0.2157
20250217,600519.SH,20250217,12400.5611,12322.021422,576971.2025901834,4804663813.0,1848645806436.0,0.2585
20250218,600519.SH,20250218,12308.457000000002,12350.322500000002,493977.8819636751,4113845397.0,1852891755000.0,0.2213
20250219,600519.SH,20250219,12350.741155000002,12484.2921,575598.0112026486,4803378441.0,1872990919800.0,0.2579
20250220,600519.SH,20250220,12417.3073,12341.949400000001,422009.8950863583,3513552984.0,1851635557200.0,0.1891
20250221,600519.SH,20250221,12392.188000000002,12460.931151000003,647109.8668310264,5418169587.0,1869486127938.0,0.2899
20250224,600519.SH,20250224,12459.172800000002,12384.401017,617362.7174796833,5157907322.0,1858004480046.0,0.2766
20250225,600519.SH,20250225,12308.540731000001,12174.487400000002,504417.37047416286,4142814459.0,1826511601200.0,0.226
20250226,600519.SH,20250226,12186.628395000002,12224.809731000001,468500.0997795546,3835949041.0,1834061349978.0,0.2099
20250227,600519.SH,20250227,12224.893462000002,12438.742436,884225.9739782105,7368002361.0,1866157203768.0,0.3961
20250228,600519.SH,20250228,12438.240050000002,12566.264749000002,997357.5405197217,8475738166.0,1885289096262.0,0.4468
20250303,600519.SH,20250303,12581.42006,12450.967162,561424.5366909117,4736679903.0,1867991252556.0,0.2515
20250304,600519.SH,20250304,12434.053500000002,12309.378041,447978.9912180116,3710675863.0,1846748947758.0,0.2007
20250305,600519.SH,20250305,12325.203200000002,12278.062647,437211.13085398293,3606932152.0,1842050767986.0,0.1959
20250306,600519.SH,20250306,12341.949400000001,12609.721138,749278.4689526713,6297117400.0,1891808762844.0,0.3357
20250307,600519.SH,20250307,12584.769300000002,12735.485100000002,675069.8061699698,5760608729.0,1910676853800.0,0.3024
20250310,600519.SH,20250310,12725.521111,12751.393990000002,557398.2499867,4758789260.0,1913063629620.0,0.2497
20250311,600519.SH,20250311,12701.9927,12967.252508000001,706774.2152435818,6094007854.0,1945448408904.0,0.3166
20250312,600519.SH,20250312,12952.850776000001,12916.176598,526033.9403328268,4552923644.0,1937785602324.0,0.2357
20250313,600519.SH,20250313,12928.066400000002,12875.901987000001,457097.70700806135,3966369271.0,1931743290906.0,0.2048
20250314,600519.SH,20250314,12958.711946000001,13631.490531000001,1650977.4504233552,14882842708.0,2045102580378.0,0.7396
20250317,600519.SH,20250317,13874.226700000001,13713.965566,971773.3217878354,8985138902.0,2057476128708.0,0.4354
20250318,600519.SH,20250318,13774.084424,13597.914400000001,561740.647907064,5153210436.0,2040065227200.0,0.2517
20250319,600519.SH,20250319,13600.342599000001,13695.963401,486686.00114454207,4477128770.0,2054775303438.0,0.218
20250320,600519.SH,20250320,13695.963401,13430.452400000002,652777.1243509579,5903879207.0,2014941271200.0,0.2924
20250321,600519.SH,20250321,13388.586900000002,13177.166125000002,597293.8309783469,5324973190.0,1976941287750.0,0.2676
20250324,600519.SH,20250324,13145.767000000002,13254.617300000002,454280.6034550108,4032223482.0,1988561117400.0,0.2035
20250325,600519.SH,20250325,13296.482800000002,13191.819050000002,314056.75978280295,2783286813.0,1979139633900.0,0.1407
20250326,600519.SH,20250326,13168.960487000002,13196.005600000002,254515.9061961192,2257639750.0,1979767732800.0,0.114
20250327,600519.SH,20250327,13196.005600000002,13304.855900000002,319054.30219667626,2848889210.0,1996098304200.0,0.1429
20250328,600519.SH,20250328,13321.015983000001,13273.121851000002,288354.0215561593,2569470015.0,1991337314538.0,0.1292
20250331,600519.SH,20250331,13237.703638,13070.4091,374659.13580079266,3311857714.0,1960924765800.0,0.1678
20250401,600519.SH,20250401,13095.528400000001,13028.711062,329730.11893509113,2893739955.0,1954668900756.0,0.1477
20250402,600519.SH,20250402,13045.2898,12970.099362,385126.3440132027,3371883024.0,1945875516156.0,0.1725
20250403,600519.SH,20250403,12810.843,13136.389128000003,630454.4128548634,5557442052.0,1970823604464.0,0.2824
20250407,600519.SH,20250407,12727.195731000002,12559.650000000001,1811601.0401159974,15314738235.0,1884296700000.0,0.8116
20250408,600519.SH,20250408,12668.500300000002,12936.439500000002,1312714.283246521,11226977557.0,1940825601000.0,0.5881
20250409,600519.SH,20250409,12769.144962,12903.282024000002,988492.3889261021,8562928225.0,1935851057712.0,0.4428
20250410,600519.SH,20250410,12986.594369000002,12969.931900000001,686244.0444717951,5963650791.0,1945850392200.0,0.3074
20250411,600519.SH,20250411,13229.246807000001,13137.226438000002,579878.9282456721,5087359924.0,1970949224244.0,0.2598
20250414,600519.SH,20250414,13070.157907,12994.967469000001,385791.4391689406,3379425640.0,1949606423622.0,0.1728
20250415,600519.SH,20250415,12995.051200000002,13045.2898,381843.8693105723,3339942729.0,1957156172400.0,0.1711
20250416,600519.SH,20250416,12995.051200000002,13055.086327000003,553613.0891511329,4834880596.0,1958625923826.0,0.248
20250417,600519.SH,20250417,13011.797400000001,13145.767000000002,423721.40898966236,3733924973.0,1972230546000.0,0.1898
20250418,600519.SH,20250418,13112.2746,13111.772214000002,360684.49684322905,3179974340.0,1967130382932.0,0.1616
20250421,600519.SH,20250421,13108.088050000002,12986.678100000001,320856.0828216247,2808158177.0,1948362787800.0,0.1437
20250422,600519.SH,20250422,12978.305000000002,12968.257280000002,327521.42730115535,2857525967.0,1945599152640.0,0.1467
20250423,600519.SH,20250423,13053.662900000001,12995.051200000002,331725.93747349555,2895468892.0,1949618985600.0,0.1486
20250424,600519.SH,20250424,12995.051200000002,12997.144475000001,264257.7822082295,2313372072.0,1949933035050.0,0.1184
20250425,600519.SH,20250425,13037.75401,12978.305000000002,262358.09417456837,2295029705.0,1947106590000.0,0.1175
20250428,600519.SH,20250428,12995.051200000002,12978.305000000002,260489.14657957747,2274252465.0,1947106590000.0,0.1167
20250429,600519.SH,20250429,12978.305000000002,12928.066400000002,336222.21527760755,2917422938.0,1939569403200.0,0.1506
20250430,600519.SH,20250430,12978.221269000001,12953.185700000002,457628.29053331737,4005439429.0,1943337996600.0,0.205
20250506,600519.SH,20250506,13053.662900000001,12979.979620000002,325178.04634634074,2838614215.0,1947357829560.0,0.1457
20250507,600519.SH,20250507,13145.767000000002,13020.170500000002,487977.0995686915,4275142569.0,1953387579000.0,0.2186
20250508,600519.SH,20250508,13003.4243,13214.342689000001,594926.2841295487,5265446444.0,1982518805982.0,0.2665
20250509,600519.SH,20250509,13221.041169000002,13323.109258000002,420626.930726992,3757574546.0,1998836815404.0,0.1884
20250512,600519.SH,20250512,13380.213800000001,13434.638950000002,439523.06060853956,3967785800.0,2015569370100.0,0.1969
20250513,600519.SH,20250513,13471.648052000002,13315.740930000002,377739.39883170795,3386617848.0,1997731361340.0,0.1692
20250514,600519.SH,20250514,13313.229000000001,13689.934769000001,701168.4386009908,6394735058.0,2053870841022.0,0.3141
20250515,600519.SH,20250515,13688.34388,13664.982931,439478.993390099,4043402636.0,2050127371578.0,0.1969
20250516,600519.SH,20250516,13681.561669,13515.271903000003,407536.8345653844,3714508659.0,2027666554914.0,0.1826
20250519,600519.SH,20250519,13363.467600000002,13220.957438000001,676339.9371272806,6021950010.0,1983511202244.0,0.303
20250520,600519.SH,20250520,13229.498000000001,13279.736600000002,346878.8414531532,3095742637.0,1992329710800.0,0.1554
20250521,600519.SH,20250521,13271.363500000001,13237.619907000002,351731.74388391915,3143941416.0,1986011035866.0,0.1576
20250522,600519.SH,20250522,13237.787369000001,13229.498000000001,268139.07354854,2381236586.0,1984792524000.0,0.1201
20250523,600519.SH,20250523,13189.307120000001,13167.53706,382691.80788475904,3399424961.0,1975496660280.0,0.1714
20250526,600519.SH,20250526,13145.767000000002,12982.49155,481301.6267365354,4212944430.0,1947734688900.0,0.2156
20250527,600519.SH,20250527,12986.678100000001,12927.229090000003,315438.30261899374,2748945675.0,1939443783420.0,0.1413
20250528,600519.SH,20250528,12927.982669,12869.454700000002,289025.5135661869,2504624605.0,1930776018600.0,0.1295
20250529,600519.SH,20250529,12894.574,12894.574,388423.7447091759,3375465796.0,1934544612000.0,0.174
20250530,600519.SH,20250530,12895.829965000003,12743.8582,555090.229420876,4764875947.0,1911933051600.0,0.2487
20250603,600519.SH,20250603,12626.718531,12635.0079,514932.1997129522,4377892799.0,1895602480200.0,0.2307
20250604,600519.SH,20250604,12647.567550000002,12643.046076000002,408831.66448786954,3480363797.0,1896808430088.0,0.1832
20250605,600519.SH,20250605,12676.873400000002,12676.873400000002,412484.44597771816,3504925524.0,1901883469200.0,0.1848
20250606,600519.SH,20250606,12675.19878,12613.154109000003,444635.9240900254,3777727616.0,1892323803942.0,0.1992
20250609,600519.SH,20250609,12601.682962,12443.347641,798872.3918091786,6723839138.0,1866848112558.0,0.3579
20250610,600519.SH,20250610,12442.4266,12350.406231,541817.1121504225,4511934584.0,1852904316978.0,0.2427
20250611,600519.SH,20250611,12365.39408,12392.188000000002,548935.7448325413,4585522755.0,1859172744000.0,0.2459
20250612,600519.SH,20250612,12392.188000000002,12216.352900000002,886739.2269524976,7306800800.0,1832792590200.0,0.3973
20250613,600519.SH,20250613,12094.189371000002,11947.995045000001,1050385.6856778443,8466515559.0,1792531450710.0,0.4706
20250616,600519.SH,20250616,11732.387720000002,11908.976399000001,762076.2644113164,6060448438.0,1786677568962.0,0.3414
20250617,600519.SH,20250617,11889.802000000001,11948.413700000001,483877.7821113384,3868364671.0,1792594260600.0,0.2168
20250618,600519.SH,20250618,12057.264000000001,11931.667500000001,546593.2523297113,4404131364.0,1790081865000.0,0.2449
20250619,600519.SH,20250619,11940.040600000002,11940.040600000002,435354.2662059838,3490268568.0,1791338062800.0,0.195
20250620,600519.SH,20250620,11919.777698,11962.313046000001,618643.5098608104,4990683314.0,1794679548948.0,0.2772
20250623,600519.SH,20250623,11889.802000000001,11889.802000000001,474847.5561389637,3794012343.0,1783800876000.0,0.2127
20250624,600519.SH,20250624,11917.851885,12033.819320000002,645220.6625307845,5229183514.0,1805407478160.0,0.2891
20250625,600519.SH,20250625,12049.811941,12022.599366,729420.3232621029,5869292227.0,1803724173108.0,0.3268
20250626,600519.SH,20250626,12080.138,12122.824,619433.1659848016,4955829982.0,1783800876000.0,0.2775
20250627,600519.SH,20250627,12122.909372,11978.459948,679660.9706460466,5404312675.0,1762558571202.0,0.3045
20250630,600519.SH,20250630,11981.960200000001,12033.354144,541196.9726651099,4287373691.0,1770635923056.0,0.2425
20250701,600519.SH,20250701,12028.9148,11995.61972,353216.34715033375,2794423203.0,1765083528780.0,0.1582
20250702,600519.SH,20250702,12033.1834,12034.037119999999,465873.1249512274,3689246316.0,1770736418880.0,0.2087
20250703,600519.SH,20250703,12054.5264,12085.26032,433789.70226094726,3456733002.0,1778273605680.0,0.1943
20250704,600519.SH,20250704,12086.11404,12141.776584000001,511160.3656571553,4086547268.0,1786589635116.0,0.229
20250707,600519.SH,20250707,12142.288816,12043.42804,423874.57811182266,3370562659.0,1772118236460.0,0.1899
20250708,600519.SH,20250708,12043.513412,12089.614292,331813.7165295828,2643302691.0,1778914266558.0,0.1487
20250709,600519.SH,20250709,12080.138,12113.262336000002,493007.6923963952,3950810723.0,1782393934464.0,0.2209
20250710,600519.SH,20250710,12114.030684000001,12178.3158,688106.5952124962,5503329754.0,1791966161700.0,0.3083
20250711,600519.SH,20250711,12149.801552,12182.5844,1017159.3583544608,8239010390.0,1792594260600.0,0.4557
20250714,600519.SH,20250714,12208.196,12153.55792,493640.6255902873,3961736006.0,1788323188080.0,0.2212
20250715,600519.SH,20250715,12131.190456,12045.9892,629126.7102089447,5005150165.0,1772495095800.0,0.2818
20250716,600519.SH,20250716,12037.537372,12046.245316,378232.66737360705,3006882579.0,1772532781734.0,0.1694
20250717,600519.SH,20250717,12071.430056000001,12091.66322,410563.2574060276,3273100406.0,1779215754030.0,0.1839
20250718,600519.SH,20250718,12122.824,12267.956400000001,743161.8324188843,5984949774.0,1805156238600.0,0.3329
20250721,600519.SH,20250721,12267.871028000001,12319.179600000001,465607.6554982024,3779891829.0,1812693425400.0,0.2086
20250722,600519.SH,20250722,12327.7168,12506.827256,748413.8274811723,6127636851.0,1840304653044.0,0.3353
20250723,600519.SH,20250723,12541.1468,12596.6386,800403.5499595909,6676301462.0,1853519853900.0,0.3586
20250724,600519.SH,20250724,12600.9072,12733.2338,689503.4194228236,5786337377.0,1873619018700.0,0.3089
20250725,600519.SH,20250725,12732.38008,12421.626,744722.8425559821,6140078741.0,1827767799000.0,0.3336
20250728,600519.SH,20250728,12404.5516,12282.128152000001,685641.8517165731,5560966386.0,1807241526948.0,0.3072
20250729,600519.SH,20250729,12290.153119999999,12285.0308,467398.24162814376,3785848102.0,1807668634200.0,0.2094
20250730,600519.SH,20250730,12327.7168,12374.159168,566258.6039396023,4612883040.0,1820783339232.0,0.2537
20250731,600519.SH,20250731,12319.179600000001,12137.081124,920392.0112285316,7386302758.0,1785898726326.0,0.4123
20250801,600519.SH,20250801,12138.788564,12097.2124,526595.9750583408,4200850790.0,1780032282600.0,0.2359
20250804,600519.SH,20250804,12080.138,12114.2868,332066.92534521903,2647105740.0,1782544678200.0,0.1488
20250805,600519.SH,20250805,12131.361200000001,12188.901928000001,450307.8015602773,3607931488.0,1793523846972.0,0.2017
20250806,600519.SH,20250806,12199.658800000001,12155.948336000001,421113.4470338075,3372334940.0,1788674923464.0,0.1887
20250807,600519.SH,20250807,12155.948336000001,12142.886419999999,497556.92193879455,3988765795.0,1786752940830.0,0.2229
20250808,600519.SH,20250808,12148.86246,12131.105084,331486.41081842355,2651478118.0,1785019387866.0,0.1485
20250811,600519.SH,20250811,12152.7042,12336.254,837971.3867513536,6794034090.0,1815205821000.0,0.3754
20250812,600519.SH,20250812,12370.4028,12268.297888000001,746641.3657717186,6095342036.0,1805206486512.0,0.3345
20250813,600519.SH,20250813,12165.51,12123.25086,1164361.4592952065,9325460101.0,1783863685890.0,0.5216
20250814,600519.SH,20250814,12130.848968,12182.499028,855211.4421334417,6897535330.0,1792581698622.0,0.3831
20250815,600519.SH,20250815,12174.132572,12140.581376,845480.2275451476,6772436997.0,1786413767424.0,0.3788
20250818,600519.SH,20250818,12182.499028,12195.3902,841861.2072307172,6773477871.0,1794478557300.0,0.3772
20250819,600519.SH,20250819,12238.076200000001,12276.4936,823983.4210140198,6678541001.0,1806412436400.0,0.3691
20250820,600519.SH,20250820,12276.4936,12378.94,813904.8216997124,6623095725.0,1821486810000.0,0.3646
20250821,600519.SH,20250821,12408.39334,12363.9999,548895.7644932303,4470441662.0,1819288463850.0,0.2459
20250822,600519.SH,20250822,12369.378336000002,12498.033940000001,799084.0210719315,6544867368.0,1839010769310.0,0.358
20250825,600519.SH,20250825,12549.769372,12723.245276,1160754.521927768,9676719498.0,1872149267274.0,0.52
20250826,600519.SH,20250826,12723.159904,12648.800892,703691.8199279032,5883917000.0,1861195222458.0,0.3153
20250827,600519.SH,20250827,12651.105936000002,12361.865600000001,995174.4363029449,8184169113.0,1818974414400.0,0.4458
20250828,600519.SH,20250828,12361.609484,12345.644919999999,697999.3303716066,5683673273.0,1816587638580.0,0.3127
20250829,600519.SH,20250829,12404.5516,12635.056,1106237.864314498,9159701454.0,1859172744000.0,0.4956
20250901,600519.SH,20250901,12653.83784,12601.76092,801799.1303371397,6658918555.0,1848476064362.0,0.3603
20250902,600519.SH,20250902,12623.616152,12731.52636,1007297.8967052114,8470012816.0,1867510571630.0,0.4527
20250903,600519.SH,20250903,12728.9652,12639.75146,800406.9260771327,6656011145.0,1854048666818.0,0.3597
20250904,600519.SH,20250904,12566.7584,12572.392952000002,848414.0736889862,7017084750.0,1844168254822.0,0.3813
20250905,600519.SH,20250905,12558.2212,12660.6676,664357.3852097858,5519312163.0,1857116728845.0,0.2986
20250908,600519.SH,20250908,12660.6676,12816.300756,913026.2112042725,7682065696.0,1879945614864.0,0.4103
20250909,600519.SH,20250909,12848.486,12848.486,635114.6988953489,5366650005.0,1884666673575.0,0.2854
20250910,600519.SH,20250910,12862.657752000001,12993.703772,882469.3267140843,7541460049.0,1905967789932.0,0.3966
20250911,600519.SH,20250911,12993.703772,13006.424200000001,661700.558394773,5642778456.0,1907833672553.0,0.2974
20250912,600519.SH,20250912,13027.7672,12942.3952,599209.1557669385,5132184935.0,1898441645940.0,0.2693
20250915,600519.SH,20250915,12941.285364,12934.71172,458921.52124223,3901929718.0,1897314602747.0,0.2062
20250916,600519.SH,20250916,12934.71172,12805.629256,581365.486106453,4928374478.0,1878380277096.0,0.2613
20250917,600519.SH,20250917,12805.714628,12746.0396,538944.5691935275,4534770634.0,1869639430995.0,0.2422
20250918,600519.SH,20250918,12737.502400000001,12532.268112000002,883498.8648739414,7347477479.0,1838282584811.0,0.397
20250919,600519.SH,20250919,12532.524228,12532.353484000001,579921.3962505403,4784528851.0,1838295107514.0,0.2606
20250922,600519.SH,20250922,12507.766348,12407.53962,620976.0517014117,5085057536.0,1819986916970.0,0.2791
20250923,600519.SH,20250923,12383.2086,12356.914024000002,687004.3816802915,5588384388.0,1812560954595.0,0.3087
20250924,600519.SH,20250924,12242.942404,12310.6424,546282.4718254673,4443052872.0,1805773650030.0,0.2455
20250925,600519.SH,20250925,12317.728276,12285.0308,601832.576787327,4873274661.0,1802016839385.0,0.2705
20250926,600519.SH,20250926,12303.641896000001,12250.882,801751.6870011573,6480889597.0,1797007758525.0,0.3603
20250929,600519.SH,20250929,12288.274936000002,12471.653992,953913.6599916256,7798434586.0,1829391466285.0,0.4287
20250930,600519.SH,20250930,12464.312,12327.631428,699453.7262705418,5687474876.0,1808265667758.0,0.3143
20251009,600519.SH,20251009,12259.4192,12266.078216,975842.2541873122,7845448947.0,1799236799508.0,0.4385
20251010,600519.SH,20251010,12273.07872,12208.196,639711.0163929368,5157459262.0,1790746407450.0,0.2875
20251013,600519.SH,20251013,12086.11404,12115.99424,818598.3358444253,6533147458.0,1777221889128.0,0.3679
20251014,600519.SH,20251014,12208.110628,12387.647944,1184703.2782462393,9639484605.0,1817069127369.0,0.5324
20251015,600519.SH,20251015,12387.306456,12481.386400000001,760255.4709138956,6233407482.0,1830819054330.0,0.3417
20251016,600519.SH,20251016,12480.703424000001,12676.973652,812580.8505521296,6749162949.0,1859508564956.0,0.3652
20251017,600519.SH,20251017,12661.52132,12421.626,676749.691182619,5594724900.0,1822053162825.0,0.3041
20251020,600519.SH,20251020,12421.626,12446.639996000002,461104.44776860985,3793283759.0,1825722314555.0,0.2072
20251021,600519.SH,20251021,12455.774800000001,12483.606072,452091.813145532,3727984130.0,1831144644586.0,0.2032
20251022,600519.SH,20251022,12482.069376,12453.213640000002,323306.25570499885,2657486636.0,1826686562621.0,0.1453
20251023,600519.SH,20251023,12421.626,12532.438856,521030.0010646638,4274652090.0,1838307630216.0,0.2342
20251024,600519.SH,20251024,12532.18274,12378.94,679236.2905973654,5578603148.0,1815791811750.0,0.3053
20251027,600519.SH,20251027,12293.568000000001,12297.068252000001,659273.8406437946,5352667152.0,1803782540388.0,0.2963
20251028,600519.SH,20251028,12310.6424,12336.254,481973.29643695994,3923817140.0,1809530460675.0,0.2166
20251029,600519.SH,20251029,12293.738744,12224.416680000002,603029.8546818933,4868780319.0,1793125720859.0,0.271
20251030,600519.SH,20251030,12138.276332,12180.364728,843249.3246115947,6768821311.0,1786664006549.0,0.379
20251031,600519.SH,20251031,12139.8984,12208.281372000001,634244.015950354,5109623861.0,1790758930152.0,0.285
20251103,600519.SH,20251103,12216.7332,12250.882,613878.7418669255,4945310830.0,1797007758525.0,0.2759
20251104,600519.SH,20251104,12251.73572,12199.658800000001,472047.3331736222,3793892903.0,1789494137235.0,0.2121
20251105,600519.SH,20251105,12173.108108000002,12123.506976,612592.4410834934,4908475373.0,1778323886917.0,0.2753
20251106,600519.SH,20251106,12208.196,12251.991836000001,681403.9357496086,5505960415.0,1797170553653.0,0.3062
20251107,600519.SH,20251107,12251.821092,12236.624876,335148.78758970683,2704995856.0,1794916467266.0,0.1506
20251110,600519.SH,20251110,12250.882,12483.94756,878706.3771781343,7181246441.0,1831194735395.0,0.3949
20251111,600519.SH,20251111,12481.386400000001,12455.689428,474283.3891286864,3882776772.0,1827049720983.0,0.2131
20251112,600519.SH,20251112,12464.141256,12508.278580000002,586237.9344808821,4849073051.0,1834763705507.0,0.2635
20251113,600519.SH,20251113,12482.410864,12552.928136000002,554024.9754912345,4569178269.0,1841313078732.0,0.249
20251114,600519.SH,20251114,12549.684000000001,12435.28552,488169.8936493689,4031007106.0,1824056795169.0,0.2194
20251117,600519.SH,20251117,12413.088800000001,12558.2212,612360.3774250927,5035780027.0,1842089486265.0,0.2752
20251118,600519.SH,20251118,12555.66004,12600.9072,607786.0935367252,5055675474.0,1848350837340.0,0.2731
20251119,600519.SH,20251119,12583.8328,12558.306572000001,391725.0545938817,3249449214.0,1842102008967.0,0.176
20251120,600519.SH,20251120,12566.7584,12525.011492,426498.17682260805,3531653943.0,1837218155129.0,0.1917
20251121,600519.SH,20251121,12553.9526,12520.657519999999,757089.0280404655,6259873433.0,1836579497319.0,0.3402
20251124,600519.SH,20251124,12524.072400000001,12396.0144,597171.9353660475,4901903705.0,1818296352180.0,0.2684
20251125,600519.SH,20251125,12447.2376,12333.265980000002,505363.74952825316,4119930011.0,1809092166100.0,0.2271
20251126,600519.SH,20251126,12369.378336000002,12371.68338,360820.9630680772,2938818095.0,1814727382067.0,0.1622
20251127,600519.SH,20251127,12374.671400000001,12355.88956,396016.63306072145,3216797187.0,1812410682170.0,0.178
20251128,600519.SH,20251128,12349.0598,12383.2086,412440.9118304684,3366696622.0,1816417946858.0,0.1854
20251201,600519.SH,20251201,12387.477200000001,12361.865600000001,485688.6249465307,3961994999.0,1813287271320.0,0.2183
20251202,600519.SH,20251202,12361.865600000001,12259.675316,445065.75716021773,3607543825.0,1798297596846.0,0.2
20251203,600519.SH,20251203,12257.797132,12200.51252,418865.84120294236,3370080066.0,1789619364257.0,0.1882
20251204,600519.SH,20251204,12200.51252,12156.802056,516641.75902188994,4134921902.0,1783207740756.0,0.2322
20251205,600519.SH,20251205,12156.802056,12208.281372000001,451363.1048276904,3622681597.0,1790758930152.0,0.2028
20251208,600519.SH,20251208,12201.366240000001,12107.627784,597089.4870218685,4789155770.0,1775994664317.0,0.2683
20251209,600519.SH,20251209,12107.713156,11960.702572,757572.8789913269,5995722121.0,1754443093917.0,0.3405
20251210,600519.SH,20251210,11952.08,11975.98416,588749.9436223906,4625906139.0,1756684657602.0,0.2646
20251211,600519.SH,20251211,12008.937752000002,12054.441028000001,397760.1312354743,3149974074.0,1768193020878.0,0.1788
20251212,600519.SH,20251212,12105.749600000001,12128.37318,660283.1220984008,5273563274.0,1779037680940.0,0.2967
20251215,600519.SH,20251215,12290.067748,12174.0472,592753.6636461912,4774362060.0,1785737326590.0,0.2664
20251216,600519.SH,20251216,12175.754640000001,12139.8984,425811.4034384438,3403139194.0,1780728245730.0,0.1914
20251217,600519.SH,20251217,12165.51,12234.66132,557636.7104993905,4489482138.0,1794628445117.0,0.2506
20251218,600519.SH,20251218,12238.076200000001,12216.7332,316821.089287963,2551177659.0,1791998677665.0,0.1424
20251219,600519.SH,20251219,12242.4096,12242.4096,471033.78714948945,3733028357.0,1765701003150.0,0.2117
20251222,600519.SH,20251222,12242.4096,12227.3019456,362944.185621086,2881636856.0,1763522052976.0,0.1631
20251223,600519.SH,20251223,12227.3019456,12223.8289216,435462.4796577189,3445377032.0,1763021144890.0,0.1957
20251224,600519.SH,20251224,12198.909974400001,12163.398304000002,447543.29436472035,3533253565.0,1754305344194.0,0.2011
20251225,600519.SH,20251225,12198.9968,12278.615875200001,415550.49377687846,3299572096.0,1770922969947.0,0.1868
20251226,600519.SH,20251226,12278.615875200001,12278.268572800001,316342.03597781894,2520605635.0,1770872879138.0,0.1422
20251229,600519.SH,20251229,12278.268572800001,12172.949120000001,467469.67316771275,3694660107.0,1755682841430.0,0.2101
20251230,600519.SH,20251230,12164.26656,12066.3272832,600450.3231895484,4702489813.0,1740304963190.0,0.2698
20251231,600519.SH,20251231,12068.7584,11957.447980800001,617751.8594489769,4799456452.0,1724601494694.0,0.2776
20260105,600519.SH,20260105,12025.3456,12381.3306,1260703.0602,10018086372.0,1785737326590.0,0.5666
20260106,600519.SH,20260106,12438.2013,12398.7825,703408.4037,5649710153.0,1788254389722.0,0.3161
20260107,600519.SH,20260107,12441.0666,12358.4086,527452.6205,4234255286.0,1782431333222.0,0.237
20260108,600519.SH,20260108,12358.1481,12262.3795,517692.7977,4117925041.0,1768581224645.0,0.2327
20260109,600519.SH,20260109,12303.1875,12321.4209,530365.6768,4243865418.0,1777096662107.0,0.2383
20260112,600519.SH,20260112,12321.4209,12357.2799,641154.2178,5135636033.0,1782268538094.0,0.2881
20260113,600519.SH,20260113,12388.1898,12251.0922,695989.4743,5555633779.0,1766953273365.0,0.3128
20260114,600519.SH,20260114,12251.0922,12138.3057,919689.4234,7285041159.0,1750686283272.0,0.4133
20260115,600519.SH,20260115,12121.0274,12059.1208,726880.5944,5698739671.0,1739265578911.0,0.3267
20260116,600519.SH,20260116,12112.1712,11999.2979,979441.5509,7643061998.0,1730637437130.0,0.4402
20260119,600519.SH,20260119,11998.4297,11947.2026,751388.7201,5833745442.0,1723123815840.0,0.3377
20260120,600519.SH,20260120,11977.5915,11925.9303,648293.2849,5021900765.0,1720055753813.0,0.2913
20260121,600519.SH,20260121,11926.0171,11730.6595,1146391.8071,8775880803.0,1691892196678.0,0.5152
20260122,600519.SH,20260122,11738.9079,11635.1514,1048566.8468,7962441434.0,1678117224313.0,0.4712
20260123,600519.SH,20260123,11635.4987,11608.5827,1100772.4631,8301311489.0,1674285277455.0,0.4947
20260126,600519.SH,20260126,11639.0585,11651.9955,1424473.9022,10751225525.0,1680546628530.0,0.6402
20260127,600519.SH,20260127,11677.869548800001,11660.764905600001,860305.1150520582,6514513216.0,1681811421447.0,0.3866
20260128,600519.SH,20260128,11661.025382400001,11493.017846400002,1354320.845070281,10135019524.0,1657617560893.0,0.6086
20260129,600519.SH,20260129,11591.2176,12483.0901632,3367844.276935185,26305591086.0,1800413933510.0,1.5135
20260130,600519.SH,20260130,12459.473600000001,12164.26656,1678814.2503172208,13366329414.0,1754430571215.0,0.7545
20260202,600519.SH,20260202,12372.648000000001,12390.013120000001,1523237.9563495943,12312646443.0,1786989596805.0,0.6846
20260203,600519.SH,20260203,12546.299200000001,12806.0813952,1533835.2339325629,12628439703.0,1846998385508.0,0.6893
20260204,600519.SH,20260204,12893.6016,13240.904,1939009.6746706602,16444345980.0,1909712077875.0,0.8714
20260205,600519.SH,20260205,13197.4912,13501.3808,1628048.1039121153,14183456476.0,1947280184325.0,0.7317
20260206,600519.SH,20260206,13501.3808,13154.165225600002,1403138.9716537583,12019878669.0,1897201898427.0,0.6306
20260209,600519.SH,20260209,13180.12608,13240.556697600001,909214.3968091646,7809067705.0,1909661987066.0,0.4086
20260210,600519.SH,20260210,13240.6435232,13065.516288,703226.8041591173,5953269321.0,1884416219532.0,0.316
20260211,600519.SH,20260211,13065.516288,13061.4354848,549569.0334072274,4648360030.0,1883827652531.0,0.247
20260212,600519.SH,20260212,13025.576512000001,12907.493696,821743.8112510167,6874370113.0,1861624901619.0,0.3693
20260213,600519.SH,20260213,12907.493696,12896.206368000001,740595.9830871036,6216379203.0,1859996950340.0,0.3328
20260225,600519.SH,20260225,12763.363200000002,12951.427449600002,655334.0891628916,5490316149.0,1867961388907.0,0.2945
20260226,600519.SH,20260226,12907.493696,12730.456297600002,585632.1879177215,4855471430.0,1836091111935.0,0.2632
20260227,600519.SH,20260227,12737.2286944,12633.2984512,571455.1595980457,4697692477.0,1822078208229.0,0.2568
20260302,600519.SH,20260302,12589.712000000001,12503.8414816,629981.0456374213,5115063511.0,1803406859324.0,0.2831
20260303,600519.SH,20260303,12503.754656,12382.9802464,815436.5129213156,6565381648.0,1785975257931.0,0.3665
20260304,600519.SH,20260304,12285.822400000001,12165.8294208,853170.3125438181,6743267103.0,1754655979854.0,0.3834
20260306,600519.SH,20260306,12112.1712,12172.949120000001,518041.24858817144,4072328833.0,1755682841430.0,0.2328
20260309,600519.SH,20260309,12068.7584,12129.536320000001,665301.6319791127,5220095639.0,1749421490355.0,0.299
20260310,600519.SH,20260310,12198.128544000001,12171.907212800003,437578.949975644,3457808916.0,1755532569004.0,0.1967
20260311,600519.SH,20260311,12181.544854400001,12155.584,434572.60614985484,3425363892.0,1753178301000.0,0.1953
20260312,600519.SH,20260312,12112.1712,12086.123520000001,490184.9027506426,3850521717.0,1743160139280.0,0.2203
20260313,600519.SH,20260313,12090.2911488,12274.014118400002,597178.8652915282,4738808558.0,1770259266733.0,0.2684
20260316,600519.SH,20260316,12329.235200000001,12678.100460800002,1067676.7382038534,8711525836.0,1828539922539.0,0.4798
20260317,600519.SH,20260317,12745.998080000001,12893.6016,878743.1590903003,7347310632.0,1859621269275.0,0.3949
20260318,600519.SH,20260318,12928.33184,12752.944128000001,631707.1301532743,5239992522.0,1839334491792.0,0.2839
20260319,600519.SH,20260319,12789.063577600002,12614.6309472,538732.2291691868,4404953481.0,1819385827267.0,0.2421
20260320,600519.SH,20260320,12615.412377600001,12546.299200000001,464346.5867511355,3782818260.0,1809530460675.0,0.2087
20260323,600519.SH,20260323,12444.9737248,12225.6522592,839691.7851745046,6669708665.0,1763284121635.0,0.3774
20260324,600519.SH,20260324,12294.50496,12219.2271648,507515.58023516886,4017694387.0,1762357441676.0,0.2281
20260325,600519.SH,20260325,12243.3646816,12244.7538912,463655.72648784163,3677905549.0,1766039116108.0,0.2084
20260326,600519.SH,20260326,12233.727040000002,12165.8294208,410338.47905390133,3243387502.0,1754655979854.0,0.1844
20260327,600519.SH,20260327,12155.584,12294.6786112,534619.0518608725,4257499781.0,1773239669844.0,0.2403
20260330,600519.SH,20260330,12216.361920000001,12329.235200000001,509697.618309564,4060684934.0,1778223705300.0,0.2291
20260331,600519.SH,20260331,12745.998080000001,12589.712000000001,1096183.7862749682,9015486797.0,1815791811750.0,0.4926
20260401,600519.SH,20260401,12715.522294400002,12671.6753664,517525.7687466551,4256185472.0,1827613242580.0,0.2326
20260402,600519.SH,20260402,12671.6753664,12675.495692800001,374293.62665429176,3071809846.0,1828164241474.0,0.1682
20260403,600519.SH,20260403,12672.5436224,12676.537600000001,358823.18993530644,2953993081.0,1828314513900.0,0.1613
20260407,600519.SH,20260407,12676.971728,12503.0600512,429161.04511111666,3507471653.0,1803294155004.0,0.1929
20260408,600519.SH,20260408,12676.537600000001,12720.1240512,601235.0039824254,4947937007.0,1834600910379.0,0.2702
20260409,600519.SH,20260409,12720.1240512,12680.7920544,367903.70229001454,3012278579.0,1828928126305.0,0.1653
20260410,600519.SH,20260410,12669.070598400001,12624.0949376,512913.28142294585,4187181529.0,1820750801801.0,0.2305
20260413,600519.SH,20260413,12537.61664,12531.6256736,448022.1699844675,3629675490.0,1807414124012.0,0.2013
20260414,600519.SH,20260414,12525.461056,12562.796064000002,430590.20897368673,3492544230.0,1811909774084.0,0.1935
20260415,600519.SH,20260415,12546.1255488,12741.6568,613982.1576779432,5049317187.0,1837706540513.0,0.2759
20260416,600519.SH,20260416,12741.222672000002,12701.1960704,435569.6269670723,3597294838.0,1831870961311.0,0.1957
20260417,600519.SH,20260417,12155.584,12218.4457344,1720487.0906590386,13631929446.0,1762244737357.0,0.7732
20260420,600519.SH,20260420,12181.63168,12250.137078400001,647706.1958031494,5127146041.0,1766815523641.0,0.2911
20260421,600519.SH,20260421,12251.09216,12259.8615456,386552.4871390248,3074595192.0,1768218066282.0,0.1737
20260422,600519.SH,20260422,12285.822400000001,12238.06832,478270.22856477794,3793827534.0,1765074868043.0,0.2149
20260423,600519.SH,20260423,12225.04448,12320.55264,669912.1647084557,5332831151.0,1776971435085.0,0.3011
20260424,600519.SH,20260424,12269.325536,12663.4269344,985387.6046204094,8003410999.0,1826423585875.0,0.4428
20260427,600519.SH,20260427,12329.235200000001,12183.368192000002,1293545.9316768649,10239763452.0,1757185565688.0,0.5813
20260428,600519.SH,20260428,12172.949120000001,12198.9968,604225.888743681,4772513712.0,1759439652075.0,0.2715
20260429,600519.SH,20260429,12198.9968,12165.742595200001,618595.8888344311,4881691348.0,1754643457152.0,0.278
20260430,600519.SH,20260430,12155.584,12023.5222624,937364.2871824345,7316111748.0,1734131271030.0,0.4213
20260506,600519.SH,20260506,11852.562656,11938.52,849467.422362033,6550750940.0,1721871545625.0,0.3818
20260507,600519.SH,20260507,11938.52,11904.223888,718961.466498349,5573286315.0,1716925078276.0,0.3231
20260508,600519.SH,20260508,11909.520249600002,11921.0680544,592926.7340928086,4582855939.0,1719354482493.0,0.2665
20260511,600519.SH,20260511,11920.1997984,11819.8294048,1015235.85980761,7790721392.0,1704753011786.0,0.4563
20260512,600519.SH,20260512,11825.64672,11760.961648,903332.3115993354,6886304982.0,1696262619728.0,0.406
20260513,600519.SH,20260513,11760.527520000001,11670.1420704,1012264.3432996206,7653257144.0,1683163873279.0,0.4549
20260514,600519.SH,20260514,11617.265280000001,11653.471555200002,981638.8703162144,7428592859.0,1680759514467.0,0.4412
20260515,600519.SH,20260515,11592.519984000002,11573.418352,1033867.5863785142,7749366540.0,1669213583084.0,0.4646
20260518,600519.SH,20260518,11599.900160000001,11487.026880000001,882427.7471612009,6594983723.0,1656753494445.0,0.3966
20260519,600519.SH,20260519,11477.476064000002,11498.314208,768593.415099801,5719170335.0,1658381445725.0,0.3454
20260520,600519.SH,20260520,11469.66176,11417.566400000002,843804.2517212312,6271273748.0,1646735332725.0,0.3792
20260521,600519.SH,20260521,11400.0276288,11382.83616,690653.7870525983,5112740391.0,1641726251865.0,0.3104
20260522,600519.SH,20260522,11382.402032000002,11202.238912,873475.1718922879,6372389482.0,1615679031393.0,0.3925
20260525,600519.SH,20260525,11174.454720000002,11164.730252800002,823644.0323558687,5978725158.0,1610269224064.0,0.3701
20260526,600519.SH,20260526,11160.128496,11056.1982528,816160.7789792337,5867830633.0,1594615846377.0,0.3668
20260527,600519.SH,20260527,11009.659731200001,11313.375680000001,1469995.5165727648,10586574902.0,1631708090145.0,0.6606
20260528,600519.SH,20260528,11200.502400000001,11078.772908800001,815420.876166385,5895475019.0,1595079121244.0,0.3671
20260529,600519.SH,20260529,11032.060736,11513.074560000001,1358941.5061522494,10037388211.0,1657608202926.0,0.6118
20260601,600519.SH,20260601,11521.75712,11370.680576,779076.4377575385,5741133268.0,1637106864670.0,0.3507
20260602,600519.SH,20260602,11339.42336,11350.0160832,646115.155988969,4769963104.0,1634131670459.0,0.2909
20260603,600519.SH,20260603,11322.05824,11130.260489600001,932457.3668709995,6743202681.0,1602492105138.0,0.4198
20260604,600519.SH,20260604,11104.9074144,11009.48608,595372.4647162593,4273269325.0,1585103470068.0,0.268
20260605,600519.SH,20260605,11096.31168,11051.6833216,556241.4855026355,3984001862.0,1591178866649.0,0.2504
20260608,600519.SH,20260608,11044.216320000001,10965.899628800002,547790.3525338807,3898027116.0,1578828060431.0,0.2466
20260609,600519.SH,20260609,10965.986454400001,10905.29536,495047.57815324015,3500590715.0,1570102490856.0,0.2229
20260610,600519.SH,20260610,10871.2597248,11077.904652800002,697330.68140793,4991686419.0,1594954113084.0,0.3139
20260611,600519.SH,20260611,11045.2582272,11104.99424,450480.33893570385,3230008220.0,1598854367679.0,0.2028
20260612,600519.SH,20260612,11037.0966208,11217.086089600001,897243.7501482646,6477910214.0,1614992921148.0,0.4039
20260615,600519.SH,20260615,11223.945312000002,11036.402016,738935.4663277207,5303656129.0,1588978723031.0,0.3327
20260616,600519.SH,20260616,11000.8903456,10902.4301152,621378.6981408726,4399957625.0,1569689963928.0,0.2797
20260617,600519.SH,20260617,10922.66048,10766.3744,796111.6161119574,5581256291.0,1550101185240.0,0.3584
20260618,600519.SH,20260618,10722.9616,10549.3104,1021217.4516397243,7016713941.0,1518849145215.0,0.4597
20260622,600519.SH,20260622,10543.3194336,10778.616809600002,1035069.8396041947,7163236298.0,1551863800297.0,0.466
20260623,600519.SH,20260623,10757.691840000001,10613.995472,1030676.2668495128,7179745911.0,1528162253142.0,0.464
20260624,600519.SH,20260624,10615.731984000002,10485.754060800002,805564.38984825,5516574460.0,1509698547896.0,0.3627
20260625,600519.SH,20260625,10479.84992,10524.130976,860847.6038339091,5860481755.0,1515223908572.0,0.3875
20260626,600519.SH,20260626,10656.78394,10386.853557800001,889633.0927570253,5922014054.0,1460882861377.0,0.4005
20260629,600519.SH,20260629,10390.14214,10620.8761776,1188359.9689248207,7949237761.0,1493797509931.0,0.535
20260630,600519.SH,20260630,10550.127219999998,10536.7062494,703792.39269257,4684236159.0,1481959237169.0,0.3168
20260701,600519.SH,20260701,10488.799605999999,10603.5444606,754718.8158357133,5033838236.0,1491359850809.0,0.3398
20260702,600519.SH,20260702,10603.5444606,10692.336179999998,903913.7145781156,6122360932.0,1503848166003.0,0.4069
20260703,600519.SH,20260703,10712.2454344,10616.343267,608901.4561583032,4099266243.0,1493159968314.0,0.2741
20260706,600519.SH,20260706,10541.23916,10727.0884946,727997.7339442195,4913750668.0,1508735985063.0,0.3277
20260707,600519.SH,20260707,10665.671999999999,10566.125727999999,486249.77122005995,3264967794.0,1486097007269.0,0.2189
20260708,600519.SH,20260708,10565.859086199998,10659.450357999998,458015.12252745073,3071933498.0,1499222864079.0,0.2062
20260709,600519.SH,20260709,10585.67946,10507.3756514,605859.2188723325,4035216946.0,1477833967886.0,0.2728
20260710,600519.SH,20260710,10507.464532,10709.9345388,927766.8734630346,6223343642.0,1506323327573.0,0.4177
20260713,600519.SH,20260713,10640.074387199998,10763.3517794,745989.952776545,5056689558.0,1513836317995.0,0.3358
20260714,600519.SH,20260714,10745.5756594,10797.9263328,773437.610701117,5294785036.0,1518699135423.0,0.3482
20260715,600519.SH,20260715,10698.2022996,11119.496343599998,1278370.638707193,8922861367.0,1563927087747.0,0.5755
20260716,600519.SH,20260716,11127.85112,11189.9786594,846004.236525717,5987570858.0,1573840234843.0,0.3809
20240102,300750.SZ,20240102,295.5145518,285.6956427,11890704.444444446,3390080350.21,689901637042.0,0.5495
20240103,300750.SZ,20240103,284.365809,283.81930200000005,10976433.88888889,3070016674.07,685370624569.0,0.5073
20240104,300750.SZ,20240104,283.27279500000003,275.439528,15134312.222222222,4114835334.93,665135034883.0,0.6994
20240105,300750.SZ,20240105,275.0569731,274.89302100000003,11686287.777777778,3195235676.67,663815322512.0,0.5401
20240108,300750.SZ,20240108,273.617838,273.25350000000003,10769669.444444444,2926528361.75,659856185400.0,0.4977
20240109,300750.SZ,20240109,273.18063240000004,270.88530299999996,12995347.222222222,3473507460.23,654137431793.0,0.6006
20240110,300750.SZ,20240110,267.6791286,274.4558154,12895533.333333334,3500326619.89,662759552616.0,0.596
20240111,300750.SZ,20240111,274.4558154,282.0340458,18223223.333333336,5037065544.25,681059564158.0,0.8422
20240112,300750.SZ,20240112,280.54026,281.6879247,14145682.222222222,3943737150.63,680223746323.0,0.6537
20240115,300750.SZ,20240115,279.629415,276.350373,9595662.777777778,2618158007.72,667334555501.0,0.4435
20240116,300750.SZ,20240116,276.2775054,285.9142455,15816261.111111112,4421625828.65,690429521990.0,0.7309
20240117,300750.SZ,20240117,285.75029340000003,277.33408560000004,12089736.111111112,3343384131.76,669710037769.0,0.5587
20240118,300750.SZ,20240118,273.435669,281.65149090000006,17099321.666666668,4688436698.41,680135765498.0,0.7902
20240119,300750.SZ,20240119,280.175922,282.179781,14774948.88888889,4136034233.34,681411487456.0,0.6828
20240122,300750.SZ,20240122,279.629415,283.5642654,22493783.333333336,6323471152.62,684754758796.0,1.0395
20240123,300750.SZ,20240123,282.36195,280.3763079,17947719.444444444,5033058276.4,677056436633.0,0.8295
20240124,300750.SZ,20240124,281.451105,279.5929812,13817212.777777778,3776131708.06,675164848901.0,0.6386
20240125,300750.SZ,20240125,276.89688,282.36195,16377560.555555556,4503492567.88,681851391580.0,0.7569
20240126,300750.SZ,20240126,277.807725,273.25350000000003,15100705.555555556,4118576147.81,659856185400.0,0.6979
20240129,300750.SZ,20240129,272.2333536,267.8248638,12093055.555555556,3235910042.92,646747042517.0,0.5589
20240130,300750.SZ,20240130,265.055895,256.4028675,18181902.77777778,4680164654.32,619165053967.0,0.8403
20240131,300750.SZ,20240131,264.14505,276.14998710000003,33067837.77777778,8943013792.76,666850660965.0,1.5282
20240201,300750.SZ,20240201,276.1317702,271.46824380000004,15538246.666666668,4197978843.17,655545124989.0,0.7181
20240202,300750.SZ,20240202,269.61012,265.96674,17058909.444444444,4494266567.68,642260020456.0,0.7884
20240205,300750.SZ,20240205,259.7912109,276.7875786,26184785.0,7035622773.05,668390325398.0,1.2101
20240206,300750.SZ,20240206,275.4213111,288.42817770000005,24303292.222222224,6828296924.06,696500198896.0,1.1232
20240207,300750.SZ,20240207,287.82702,290.741724,20337244.444444444,5800699416.45,702086981266.0,0.9399
20240208,300750.SZ,20240208,290.559555,296.64399960000003,17167308.888888888,5016344779.04,716339874870.0,0.7934
20240219,300750.SZ,20240219,300.5059824,291.6343521,15051375.555555556,4355156562.95,704242511471.0,0.6956
20240220,300750.SZ,20240220,294.8951772,288.42817770000005,12330439.444444446,3506366283.11,696500198896.0,0.5698
20240221,300750.SZ,20240221,286.6975722,293.656428,14323701.666666668,4135575623.96,709125447243.0,0.662
20240222,300750.SZ,20240222,293.8932477,292.10799149999997,11642192.777777778,3349275886.97,705386262193.0,0.538
20240223,300750.SZ,20240223,295.0591,292.3812,11676466.1111,3368773226.46,706046118378.0,0.5396
20240226,300750.SZ,20240226,290.0677,284.1836,20036902.7778,5638931754.29,686250432816.0,0.926
20240227,300750.SZ,20240227,282.5077,287.5173,16133375.0,4531078101.31,694300678278.0,0.7456
20240228,300750.SZ,20240228,288.1549,286.0235,22273172.7778,6423464926.27,690693464464.0,1.0294
20240229,300750.SZ,20240229,284.3658,297.8645,21759724.4444,6315294345.27,719287232498.0,1.0056
20240301,300750.SZ,20240301,297.901,299.7591,15611853.3333,4610970231.35,723862235384.0,0.7215
20240304,300750.SZ,20240304,300.5788,298.575,14893653.8889,4424835389.74,721002858580.0,0.6883
20240305,300750.SZ,20240305,295.2959,299.9413,15305332.7778,4478109343.91,724302139507.0,0.7073
20240306,300750.SZ,20240306,296.1704,298.1014,10398893.8889,3067856204.79,719859107859.0,0.4806
20240307,300750.SZ,20240307,296.9355,291.7437,12302789.4444,3568786297.0,704506453945.0,0.5686
20240308,300750.SZ,20240308,289.8855,287.827,11231679.4444,3194520067.02,695048515288.0,0.5191
20240311,300750.SZ,20240311,300.5788,329.4526,42408359.4444,13248182793.02,795566607531.0,1.9599
20240312,300750.SZ,20240312,333.9886,338.5429,34536055.5556,11428112945.34,817517823298.0,1.5961
20240313,300750.SZ,20240313,340.656,337.3406,19330998.8889,6444102061.72,814614456082.0,0.8934
20240314,300750.SZ,20240314,336.8123,334.8448,16964247.7778,5642924971.26,808587769589.0,0.784
20240315,300750.SZ,20240315,334.5169,329.7259,19713135.5556,6371462215.2,796226463716.0,0.911
20240318,300750.SZ,20240318,346.194,347.8699,26836207.2222,9229188790.08,840040914427.0,1.2402
20240319,300750.SZ,20240319,347.0137,341.1115,14976431.1111,5099068938.67,823720471441.0,0.6921
20240320,300750.SZ,20240320,337.9417,345.1738,11684213.3333,3987105281.59,833530333397.0,0.54
20240321,300750.SZ,20240321,345.2285,344.4451,10420400.0,3571619013.59,831770716903.0,0.4816
20240322,300750.SZ,20240322,344.4634,339.7634,10612981.6667,3563063417.12,820465180926.0,0.4905
20240325,300750.SZ,20240325,338.051,336.6483,9118536.1111,3046334226.28,812942820413.0,0.4214
20240326,300750.SZ,20240326,338.2878,349.4001,16804060.0,5746016495.95,843736109065.0,0.7766
20240327,300750.SZ,20240327,349.2908,342.4777,11469835.5556,3910050276.4,827019752368.0,0.5301
20240328,300750.SZ,20240328,342.6052,343.8986,11131513.8889,3792149244.82,830451004532.0,0.5144
20240329,300750.SZ,20240329,346.6676,346.4126,9147114.4444,3154024728.73,836521681438.0,0.4227
20240401,300750.SZ,20240401,353.4079,360.4031,15285103.8889,5438688735.17,870306318130.0,0.7064
20240402,300750.SZ,20240402,360.8768,363.7915,13354505.5556,4793028386.5,878488534829.0,0.6172
20240403,300750.SZ,20240403,362.407,360.057,13049467.2222,4635543375.83,869470500295.0,0.6031
20240408,300750.SZ,20240408,360.057,354.5009,10531975.5556,3729974586.66,856053424526.0,0.4867
20240409,300750.SZ,20240409,353.4079,357.0512,8094445.0,2845224466.88,862212082256.0,0.3741
20240410,300750.SZ,20240410,353.6082,351.1125,9978608.3333,3459617610.91,847871207827.0,0.4612
20240411,300750.SZ,20240411,347.5967,350.8575,10719691.1111,3681659227.96,847255342054.0,0.4954
20240412,300750.SZ,20240412,347.9428,343.1882,9236469.4444,3153751598.81,828735378450.0,0.4269
20240415,300750.SZ,20240415,353.1346,359.128,16971250.0,5978911501.32,867226989265.0,0.7843
20240416,300750.SZ,20240416,362.5163,359.1462,15346177.7778,5450235800.73,867270979677.0,0.7092
20240417,300750.SZ,20240417,355.8671,357.033,12010646.6667,4211033978.06,862168091844.0,0.5551
20240418,300750.SZ,20240418,353.3532,356.2497,10855320.0,3808772286.51,860276504112.0,0.5017
20240419,300750.SZ,20240419,351.6955,347.5785,10273040.0,3533488436.05,839337067829.0,0.4748
20240422,300750.SZ,20240422,351.2218,347.2141,8388190.5556,2903026005.69,838457259582.0,0.3877
20240423,300750.SZ,20240423,348.1796,345.9936,6174331.1111,2113386949.51,835509901953.0,0.2853
20240424,300750.SZ,20240424,349.7645,345.3924,8419043.8889,2865374635.48,834058218346.0,0.3891
20240425,300750.SZ,20240425,343.5161,351.9505,9121290.5556,3150746112.0,849894766795.0,0.4215
20240426,300750.SZ,20240426,349.7827,361.569,12493372.7778,4413524312.71,873121704521.0,0.5774
20240429,300750.SZ,20240429,365.3764,381.8809,24368352.7778,9119637969.04,922171014303.0,1.1262
20240430,300750.SZ,20240430,384.0181,378.1205,11907235.5556,4377316692.36,891245754414.0,0.5503
20240506,300750.SZ,20240506,393.7977,386.2951,15055499.4444,5634660009.91,910513555027.0,0.6958
20240507,300750.SZ,20240507,384.802,386.1084,7322167.7778,2722386147.53,910073650904.0,0.3384
20240508,300750.SZ,20240508,386.3324,379.2963,6907220.5556,2544539625.56,894017150392.0,0.3192
20240509,300750.SZ,20240509,384.97,390.8116,12178682.2222,4575999960.06,921159234818.0,0.5628
20240510,300750.SZ,20240510,390.8116,379.8002,12667295.5556,4675581900.35,895204891526.0,0.5854
20240513,300750.SZ,20240513,366.3625,372.0549,12331512.7778,4425713327.7,876948870397.0,0.5699
20240514,300750.SZ,20240514,374.3878,371.4203,5941506.6667,2131826963.91,875453196376.0,0.2746
20240515,300750.SZ,20240515,371.4203,369.33,7263397.7778,2607766831.74,870526270192.0,0.3357
20240516,300750.SZ,20240516,371.0284,372.6521,8543446.6667,3065019508.61,878356563592.0,0.3948
20240517,300750.SZ,20240517,372.7081,378.867,10275667.2222,3727316446.1,893005370908.0,0.4749
20240520,300750.SZ,20240520,386.7056,379.7069,11065095.0,4083626152.69,894984939464.0,0.5114
20240521,300750.SZ,20240521,380.1175,376.1795,6831310.0,2480343309.64,886670751528.0,0.3157
20240522,300750.SZ,20240522,377.9338,382.3944,14020311.6667,5153120079.07,901319558844.0,0.6479
20240523,300750.SZ,20240523,381.1066,381.3679,9808233.3333,3602986569.39,898900086164.0,0.4533
20240524,300750.SZ,20240524,378.4938,375.097,8617051.6667,3136303496.79,884119307611.0,0.3982
20240527,300750.SZ,20240527,376.6274,373.2867,9089880.5556,3261446783.13,879852237612.0,0.4201
20240528,300750.SZ,20240528,372.2602,369.1621,7049996.6667,2517505166.39,870130356481.0,0.3258
20240529,300750.SZ,20240529,369.554,371.0097,7410419.4444,2663801635.26,874485407304.0,0.3425
20240530,300750.SZ,20240530,371.495,372.0549,7102224.4444,2548445865.24,876948870397.0,0.3282
20240531,300750.SZ,20240531,372.0549,369.0874,7671459.4444,2760668470.77,869954394831.0,0.3545
20240603,300750.SZ,20240603,369.0874,377.9338,10398926.6667,3757638839.5,890805850290.0,0.4806
20240604,300750.SZ,20240604,376.982,384.41,9841632.7778,3639805938.31,906070523379.0,0.4548
20240605,300750.SZ,20240605,383.9061,380.9573,6542994.4444,2420867501.82,897932297092.0,0.3024
20240606,300750.SZ,20240606,380.696,382.2078,6895872.2222,2544442658.23,900879654720.0,0.3187
20240607,300750.SZ,20240607,371.1404,360.5769,28714866.6667,10008885040.64,849894766795.0,1.3271
20240611,300750.SZ,20240611,352.7383,352.309,23373535.0,7876263876.2,830407014120.0,1.0802
20240612,300750.SZ,20240612,347.1392,346.3927,11283551.1111,3788449182.24,816462053402.0,0.5215
20240613,300750.SZ,20240613,349.0056,345.6088,12287576.1111,4134985666.22,814614456082.0,0.5679
20240614,300750.SZ,20240614,347.3259,345.0676,20658305.0,6764196086.13,813338734124.0,0.9547
20240617,300750.SZ,20240617,340.7004,351.2452,14960732.2222,5044213365.16,827899560615.0,0.6914
20240618,300750.SZ,20240618,351.1519,355.2205,8696060.5556,2959271843.32,837224978563.0,0.4019
20240619,300750.SZ,20240619,355.7244,352.7569,5974430.5556,2030697600.04,831418553030.0,0.2761
20240620,300750.SZ,20240620,354.5859,350.8533,6423538.8889,2172637229.05,826931769664.0,0.2969
20240621,300750.SZ,20240621,351.4505,345.5715,10259842.7778,3416688219.76,814483145226.0,0.4742
20240624,300750.SZ,20240624,341.5402,348.9683,10019716.6667,3363422625.72,822488974370.0,0.4631
20240625,300750.SZ,20240625,349.0056,347.7365,8008006.6667,2696969882.24,819585761603.0,0.3701
20240626,300750.SZ,20240626,345.4969,346.2247,5822998.8889,1940490559.38,816022727753.0,0.2691
20240627,300750.SZ,20240627,346.2247,345.2729,7029765.0,2330478210.95,813779336070.0,0.3249
20240628,300750.SZ,20240628,343.0333,335.9972,10789170.0,3539244333.22,791917264177.0,0.4986
20240701,300750.SZ,20240701,334.4295,328.6065,14997635.5556,4709620520.85,774497987578.0,0.6931
20240702,300750.SZ,20240702,324.4632,328.6251,8008658.8889,2529552189.48,774541975650.0,0.3701
20240703,300750.SZ,20240703,330.3422,335.008,9002956.1111,2906473773.97,789585896349.0,0.4161
20240704,300750.SZ,20240704,336.6691,335.1947,6574803.3333,2137596470.18,790025777071.0,0.3039
20240705,300750.SZ,20240705,337.8075,331.4993,7513726.1111,2414693953.96,781316138772.0,0.3472
20240708,300750.SZ,20240708,328.4945,328.3079,6003553.8889,1907514420.0,773794178422.0,0.2775
20240709,300750.SZ,20240709,327.1694,328.0466,9135508.3333,2876833389.62,773178345411.0,0.4222
20240710,300750.SZ,20240710,326.6282,322.9701,9873843.8889,3123226777.38,761213589767.0,0.4563
20240711,300750.SZ,20240711,326.6095,330.3608,11561748.8889,3678618339.7,778632866366.0,0.5343
20240712,300750.SZ,20240712,331.9286,335.5679,10861366.6667,3523525353.71,790905538516.0,0.502
20240715,300750.SZ,20240715,332.7684,332.4325,6372053.3333,2041627402.34,783515542383.0,0.2945
20240716,300750.SZ,20240716,331.2754,334.6348,8415965.0,2710034963.05,788706134905.0,0.3889
20240717,300750.SZ,20240717,332.2085,337.6022,10327856.1111,3346445646.37,795700238388.0,0.4773
20240718,300750.SZ,20240718,335.9412,351.5251,17774667.2222,5957621426.21,828515340264.0,0.8215
20240719,300750.SZ,20240719,347.7925,353.5594,11582017.2222,3929663334.93,833310040136.0,0.5353
20240722,300750.SZ,20240722,356.8255,353.7088,9537917.7778,3259890052.78,833661944713.0,0.4408
20240723,300750.SZ,20240723,352.7569,347.5125,6612835.5556,2233862306.3,819057904736.0,0.3056
20240724,300750.SZ,20240724,347.1392,347.7365,8037853.3333,2708577542.72,819585761603.0,0.3715
20240725,300750.SZ,20240725,347.3632,350.368,11442160.0,3863507112.24,825788079786.0,0.5288
20240726,300750.SZ,20240726,354.6046,353.3915,12970954.4444,4436931314.66,832914147486.0,0.5995
20240729,300750.SZ,20240729,349.0056,344.3957,11867981.1111,3918833597.96,811711896676.0,0.5485
20240730,300750.SZ,20240730,341.9508,345.0676,7069535.0,2349179517.95,813295467276.0,0.3267
20240731,300750.SZ,20240731,339.6739,347.7178,11053855.5556,3690880179.03,819541773531.0,0.5109
20240801,300750.SZ,20240801,345.2729,336.5011,12784810.5556,4180640117.67,793104942127.0,0.5908
20240802,300750.SZ,20240802,334.0749,330.5102,8607602.7778,2753866402.32,778984770944.0,0.3978
20240805,300750.SZ,20240805,326.6282,330.3422,10748699.4444,3451887572.32,778588878294.0,0.4967
20240806,300750.SZ,20240806,332.9737,326.5162,8760390.5556,2771240102.29,769571323489.0,0.4049
20240807,300750.SZ,20240807,326.5162,324.1273,7085532.7778,2230380711.06,763940850245.0,0.3275
20240808,300750.SZ,20240808,322.8955,321.757,8143886.6667,2520197340.45,758354365073.0,0.3764
20240809,300750.SZ,20240809,323.9966,317.2778,8562771.6667,2646422840.31,747797227740.0,0.3957
20240812,300750.SZ,20240812,318.3416,315.4115,9675322.7778,2934605437.63,743398420518.0,0.4471
20240813,300750.SZ,20240813,315.2062,324.3326,10771808.8889,3336604796.24,764424719039.0,0.4978
20240814,300750.SZ,20240814,322.8582,321.4024,5536825.0,1720375362.23,757518591701.0,0.2559
20240815,300750.SZ,20240815,321.0105,323.6234,8045112.2222,2511442939.39,762753172295.0,0.3718
20240816,300750.SZ,20240816,323.6234,324.034,6194800.5556,1941327488.98,763720909884.0,0.2863
20240819,300750.SZ,20240819,323.53,327.7293,7797690.5556,2473581500.63,772430548183.0,0.3604
20240820,300750.SZ,20240820,326.6095,326.3669,4687197.2222,1475662465.92,769219418911.0,0.2166
20240821,300750.SZ,20240821,324.7432,324.7618,6193002.7778,1940113037.72,765436444700.0,0.2862
20240822,300750.SZ,20240822,326.5722,333.7016,11056186.6667,3536569763.92,786506731294.0,0.511
20240823,300750.SZ,20240823,330.3422,339.3006,10230653.3333,3332172741.09,799703152960.0,0.4728
20240826,300750.SZ,20240826,339.4872,343.2573,8243749.4444,2717728514.01,809028624270.0,0.381
20240827,300750.SZ,20240827,340.6444,342.4734,5542773.3333,1827225122.26,807181125237.0,0.2562
20240828,300750.SZ,20240828,341.167,341.2043,5910563.8889,1940292275.3,804189936326.0,0.2732
20240829,300750.SZ,20240829,334.3921,337.4343,8705690.0,2839993927.17,795304345738.0,0.4023
20240830,300750.SZ,20240830,337.4343,344.0411,14127317.2222,4689604094.32,810876123303.0,0.6529
20240902,300750.SZ,20240902,344.2277,338.1621,7213986.6667,2371406001.78,797019880554.0,0.3334
20240903,300750.SZ,20240903,336.5011,346.486,10109381.1111,3362146073.33,816638560764.0,0.4672
20240904,300750.SZ,20240904,345.8701,349.2855,9202513.3333,3101382415.29,823236771597.0,0.4253
20240905,300750.SZ,20240905,349.2855,348.6323,6843452.7778,2302962597.23,821697189070.0,0.3163
20240906,300750.SZ,20240906,347.3632,347.0459,4180825.5556,1404159124.51,817958202931.0,0.1932
20240909,300750.SZ,20240909,345.4782,345.5529,7486308.3333,2494206446.2,814439157153.0,0.346
20240910,300750.SZ,20240910,346.2061,338.1062,8569118.3333,2809100737.45,796887916338.0,0.396
20240911,300750.SZ,20240911,340.4204,348.1844,11776157.2222,3938430662.64,820641475336.0,0.5442
20240912,300750.SZ,20240912,350.8719,353.3915,11505547.7778,3931885572.83,832914147486.0,0.5317
20240913,300750.SZ,20240913,352.5143,342.4734,9604048.8889,3202147524.27,807181125237.0,0.4438
20240918,300750.SZ,20240918,342.66,347.8858,6321052.7778,2116044596.22,819937666181.0,0.2921
20240919,300750.SZ,20240919,349.0056,348.8189,8760782.7778,2940618896.64,822137069792.0,0.4049
20240920,300750.SZ,20240920,348.8189,346.3927,8612612.7778,2874252971.74,817080924166.0,0.3977
20240923,300750.SZ,20240923,348.371,351.2452,8773638.3333,2968348168.22,828527100906.0,0.4051
20240924,300750.SZ,20240924,358.2626,368.6395,19695408.3333,6891613101.73,869557242141.0,0.9087
20240925,300750.SZ,20240925,387.0603,379.0537,23338955.0,8606648805.95,894122498374.0,1.0768
20240926,300750.SZ,20240926,380.1735,383.5515,19716303.3333,7190132217.19,904732223736.0,0.9096
20240927,300750.SZ,20240927,395.6641,423.3046,38989625.5556,15567947397.43,998502825486.0,1.7988
20240930,300750.SZ,20240930,434.8945,470.1124,50756191.6667,22246725636.15,1108914407264.0,2.3417
20241008,300750.SZ,20241008,552.4366,558.0357,76470266.1111,39285155658.41,1316310325031.0,3.5281
20241009,300750.SZ,20241009,522.3886,475.9167,60384218.8889,29017394644.92,1122605795595.0,2.7859
20241010,300750.SZ,20241010,475.9167,481.5157,33796573.8889,15786972610.89,1135812922602.0,1.5593
20241011,300750.SZ,20241011,476.8499,451.2623,26466794.4444,11668275358.21,1064450413008.0,1.2211
20241014,300750.SZ,20241014,466.5663,466.0624,25977701.6667,11671765786.38,1099361252063.0,1.1985
20241015,300750.SZ,20241015,466.2304,450.1985,18202963.3333,8057930637.14,1061941058876.0,0.8398
20241016,300750.SZ,20241016,445.7193,436.4436,18658863.3333,7918107275.66,1029495550196.0,0.8609
20241017,300750.SZ,20241017,436.7236,432.0577,14535928.8889,6135626737.15,1019149967374.0,0.6706
20241018,300750.SZ,20241018,429.2582,466.3797,37785437.2222,16734812130.47,1100109655926.0,1.7433
20241021,300750.SZ,20241021,483.3821,472.8559,32475449.4444,14972853360.17,1115385899498.0,1.4983
20241022,300750.SZ,20241022,474.0504,467.6115,15486685.0,6986426718.6,1103015223868.0,0.7145
20241023,300750.SZ,20241023,462.4977,465.2786,17863401.1111,8076690148.32,1097512254282.0,0.8242
20241024,300750.SZ,20241024,466.1557,459.4183,11925438.8889,5297733385.73,1083688794681.0,0.5502
20241025,300750.SZ,20241025,470.9522,483.1581,32165861.6667,14887536977.89,1139687013191.0,1.484
20241028,300750.SZ,20241028,478.0257,478.231,15334408.3333,7053002719.83,1128064741425.0,0.7075
20241029,300750.SZ,20241029,478.231,469.9071,14997115.5556,6853075171.39,1108430145941.0,0.6919
20241030,300750.SZ,20241030,466.585,462.9083,15074652.2222,6734690047.33,1091921237182.0,0.6955
20241031,300750.SZ,20241031,460.9673,459.0823,14166821.6667,6286268642.67,1082896367061.0,0.6536
20241101,300750.SZ,20241101,460.1088,459.4929,14397682.7778,6418140472.77,1083864889708.0,0.6643
20241104,300750.SZ,20241104,455.387,468.8246,13470678.8889,6074686403.4,1105876768053.0,0.6215
20241105,300750.SZ,20241105,467.6675,487.8426,26934496.6667,12547431634.82,1150736976120.0,1.2427
20241106,300750.SZ,20241106,483.3634,478.7162,25132950.0,11840068810.22,1129209359099.0,1.1595
20241107,300750.SZ,20241107,481.5157,490.4742,18650570.5556,8698717048.5,1156944325813.0,0.8605
20241108,300750.SZ,20241108,503.2772,480.5826,22385626.1111,10612727375.41,1133611734768.0,1.0328
20241111,300750.SZ,20241111,470.9709,499.246,27307726.1111,12844920271.79,1177635491458.0,1.2599
20241112,300750.SZ,20241112,519.3651,509.5481,41335004.4444,20764206510.38,1201936605150.0,1.9071
20241113,300750.SZ,20241113,502.0455,526.3079,30985382.2222,15410247017.55,1241469938658.0,1.4296
20241114,300750.SZ,20241114,528.1742,513.2435,23698450.0,11940874423.6,1210653313375.0,1.0934
20241115,300750.SZ,20241115,502.9786,495.6253,19554620.5556,9488134617.77,1169094886909.0,0.9022
20241118,300750.SZ,20241118,495.6253,490.6981,17027783.3333,8135717135.86,1157472615100.0,0.7856
20241119,300750.SZ,20241119,489.0184,501.5229,19340492.7778,9211079120.51,1183299506594.0,0.8921
20241120,300750.SZ,20241120,498.2195,499.3393,12615987.7778,6060616028.92,1178147450838.0,0.5819
20241121,300750.SZ,20241121,495.8119,500.6644,11417126.1111,5510533650.39,1181273912023.0,0.5266
20241122,300750.SZ,20241122,500.0485,483.5687,12530611.6667,5937579845.21,1140938159268.0,0.578
20241125,300750.SZ,20241125,490.9594,492.9004,14577261.6667,6923644963.03,1162955491558.0,0.6724
20241126,300750.SZ,20241126,488.1786,479.1268,15200225.0,7076484876.24,1130457909098.0,0.7011
20241127,300750.SZ,20241127,475.3568,485.0618,15222591.6667,7033615361.69,1144460932434.0,0.7021
20241128,300750.SZ,20241128,483.7553,475.3568,12419776.6667,5728197559.53,1121562906853.0,0.5728
20241129,300750.SZ,20241129,468.8806,487.5627,17425706.6667,8192074188.26,1150361577488.0,0.8037
20241202,300750.SZ,20241202,482.7102,489.3357,11470859.4444,5387882833.85,1154544870623.0,0.5291
20241203,300750.SZ,20241203,487.1147,488.6825,9617105.0,4514867561.72,1153003657363.0,0.4436
20241204,300750.SZ,20241204,485.2484,483.3261,8989663.8889,4186965339.38,1140365708628.0,0.4146
20241205,300750.SZ,20241205,481.4971,477.783,8900877.7778,4109014221.95,1127287413248.0,0.4105
20241206,300750.SZ,20241206,477.783,497.4729,18354520.0,8719647873.97,1173743984380.0,0.8466
20241209,300750.SZ,20241209,498.2941,500.2724,12475605.5556,6005103478.7,1180349184067.0,0.5754
20241210,300750.SZ,20241210,524.9641,504.9756,18280242.2222,9035442039.71,1191445919541.0,0.8432
20241211,300750.SZ,20241211,511.3025,498.4994,10778233.8889,5262014871.75,1176165890932.0,0.4971
20241212,300750.SZ,20241212,496.2598,510.8359,12405285.5556,6055502392.49,1205272804219.0,0.5722
20241213,300750.SZ,20241213,503.6878,498.3688,15731356.1111,7596460114.56,1175857648280.0,0.7256
20241216,300750.SZ,20241216,496.857,498.686,9031948.8889,4333963457.3,1176606237578.0,0.4166
20241217,300750.SZ,20241217,498.3128,511.0039,15674783.3333,7746201690.52,1205669116200.0,0.723
20241218,300750.SZ,20241218,511.9557,506.5433,8380738.3333,4110472402.55,1195144831366.0,0.3865
20241219,300750.SZ,20241219,502.5307,503.5199,8525565.5556,4137668599.45,1188011215704.0,0.3932
20241220,300750.SZ,20241220,503.5199,490.3062,15411165.5556,7313368050.81,1156834673181.0,0.7108
20241223,300750.SZ,20241223,490.3062,491.7806,11466323.8889,5482614221.43,1160313411683.0,0.5289
20241224,300750.SZ,20241224,490.8474,500.6084,10897417.7778,5229920631.84,1181141808029.0,0.5026
20241225,300750.SZ,20241225,501.8775,500.1231,6341005.5556,3058526680.1,1179996906750.0,0.2925
20241226,300750.SZ,20241226,498.686,487.5813,12468756.6667,5898437344.16,1150405612153.0,0.5751
20241227,300750.SZ,20241227,486.3122,488.9811,13528843.3333,6338085456.58,1153708211996.0,0.624
20241230,300750.SZ,20241230,486.8908,497.5289,12572973.3333,6013633016.57,1173876088374.0,0.5799
20241231,300750.SZ,20241231,494.7481,496.4464,13852195.5556,6694555730.67,1171322077828.0,0.6389
20250102,300750.SZ,20250102,496.913025,482.97146519999995,12974764.444444446,6090661831.17,1139529050001.0,0.5984
20250103,300750.SZ,20250103,482.97146519999995,480.8251742,10290976.666666668,4812148522.42,1134465063575.0,0.4747
20250106,300750.SZ,20250106,481.51572000000004,479.18279500000006,9605042.777777778,4433101113.47,1130590013092.0,0.443
20250107,300750.SZ,20250107,453.52062,465.558513,22279777.222222224,9934923663.6,1098444707948.0,1.0276
20250108,300750.SZ,20250108,459.1009766,457.8878556,15103195.555555556,6681628785.11,1080346460806.0,0.6966
20250109,300750.SZ,20250109,450.441159,461.60187220000006,9407154.444444444,4168600175.92,1089109359057.0,0.4339
20250110,300750.SZ,20250110,460.05281,459.11964,8183018.333333334,3643092329.08,1083252748668.0,0.3774
20250113,300750.SZ,20250113,454.45379,460.8180094,10051236.666666668,4467775090.65,1087259903145.0,0.4636
20250114,300750.SZ,20250114,462.31108140000003,478.156308,11248185.555555556,5108567634.52,1128168106540.0,0.5188
20250115,300750.SZ,20250115,478.156308,468.20871580000005,8368147.222222223,3798504600.23,1104697630318.0,0.386
20250116,300750.SZ,20250116,470.31768000000005,466.45435620000006,8993543.333333334,4056598313.89,1100558371848.0,0.4148
20250117,300750.SZ,20250117,463.78549000000004,469.38451000000003,6170333.333333334,2786220135.4,1107471814187.0,0.2846
20250120,300750.SZ,20250120,478.71621000000005,495.5505968,19046387.222222224,9048642227.01,1169208413928.0,0.8785
20250121,300750.SZ,20250121,501.11229000000003,493.0497012,7718503.333333334,3681448144.13,1163307768874.0,0.356
20250122,300750.SZ,20250122,488.98108,481.51572000000004,13911520.555555556,6440345376.16,1136094346164.0,0.6416
20250123,300750.SZ,20250123,484.9684490000001,480.58255,9196493.333333334,4291744662.35,1133892612935.0,0.4242
20250124,300750.SZ,20250124,480.08531259999995,488.7302612,12466553.333333334,5876198259.64,1147631428284.0,0.575
20250127,300750.SZ,20250127,488.7490138,481.94182,9501465.0,4460049868.79,1131690879706.0,0.4382
20250205,300750.SZ,20250205,487.56759999999997,472.7905512,13360077.777777778,6141794779.18,1110201963391.0,0.6162
20250206,300750.SZ,20250206,470.69025999999997,474.62830599999995,13831167.222222222,6261792979.68,1114517360520.0,0.6379
20250207,300750.SZ,20250207,481.94182,489.9679327999999,19134030.0,8922582684.06,1150537716146.0,0.8825
20250210,300750.SZ,20250210,489.9679327999999,484.66094699999996,12737061.111111112,5928297100.65,1138075906070.0,0.5875
20250211,300750.SZ,20250211,488.3927144,472.190468,13773322.222222222,6268157349.51,1108792854124.0,0.6353
20250212,300750.SZ,20250212,468.83375259999997,478.753878,15212341.111111112,6902713445.39,1124204986727.0,0.7016
20250213,300750.SZ,20250213,480.0478074,490.17421139999993,20852759.444444444,9803005760.98,1151022097457.0,0.9618
20250214,300750.SZ,20250214,490.4367477999999,505.77637459999994,21544461.111111112,10409880413.13,1187658938387.0,0.9937
20250217,300750.SZ,20250217,515.508974,505.19504399999994,13434977.777777778,6513084025.55,1186293863785.0,0.6197
20250218,300750.SZ,20250218,511.87096959999997,507.76415019999996,13247641.666666668,6497674092.82,1192326612833.0,0.611
20250219,300750.SZ,20250219,503.6385782,512.9773730000001,11358632.777777778,5580141095.98,1204568249586.0,0.5239
20250220,300750.SZ,20250220,511.570928,506.695252,10882778.333333334,5267400818.81,1189816636952.0,0.502
20250221,300750.SZ,20250221,503.65733079999995,516.727893,17195503.333333336,8443562273.09,1213375182502.0,0.7931
20250224,300750.SZ,20250224,511.9647326,509.13309,15418756.666666668,7510840227.9,1195521718337.0,0.7112
20250225,300750.SZ,20250225,501.5945448,505.3450648,12894097.222222222,6243748571.26,1186626860616.0,0.5947
20250226,300750.SZ,20250226,509.03932699999996,503.7323412,11762818.88888889,5698649749.86,1182839940993.0,0.5425
20250227,300750.SZ,20250227,506.82652019999995,506.3202,12880616.666666668,6250587949.69,1188916625970.0,0.5941
20250228,300750.SZ,20250228,505.57009600000004,495.631218,12369698.88888889,5935077344.85,1163817274977.0,0.5705
20250303,300750.SZ,20250303,496.9439,512.9398677999999,21520223.888888888,10603328988.12,1204460610006.0,0.9926
20250304,300750.SZ,20250304,506.3202,493.19338,14909190.0,7115460892.09,1158092861593.0,0.6877
20250305,300750.SZ,20250305,493.19338,489.4241074,11594227.777777778,5438997025.6,1149242037822.0,0.5348
20250306,300750.SZ,20250306,491.78693499999997,495.64997059999996,13904067.222222222,6601078271.87,1163861308926.0,0.6413
20250307,300750.SZ,20250307,493.11836959999994,488.99279759999996,12381726.666666668,5812794648.75,1148229256992.0,0.5711
20250310,300750.SZ,20250310,490.943068,481.00419,15930596.666666668,7355227161.05,1129470794672.0,0.7348
20250311,300750.SZ,20250311,474.5720482,478.56635199999994,9519487.222222222,4355529582.69,1123746381287.0,0.4391
20250312,300750.SZ,20250312,480.08531259999995,477.25367,11063716.666666668,5058919203.76,1120664004850.0,0.5103
20250313,300750.SZ,20250313,476.31604,474.8533372,9380638.88888889,4316530458.89,1115027659363.0,0.4327
20250314,300750.SZ,20250314,474.44077999999996,491.31811999999996,19504963.888888888,9148092796.94,1153689466682.0,0.8996
20250317,300750.SZ,20250317,493.38090600000004,480.06656,18619714.444444444,8685706367.06,1127269097216.0,0.8588
20250318,300750.SZ,20250318,483.81708,481.94182,12542628.88888889,5817534421.17,1131672492127.0,0.5785
20250319,300750.SZ,20250319,482.31687199999993,497.6752514,20530066.666666668,9737109378.54,1168616975430.0,0.9469
20250320,300750.SZ,20250320,497.6752514,491.5994089999999,8013696.111111111,3794188019.64,1154349975919.0,0.3696
20250321,300750.SZ,20250321,492.5932968,480.06656,10795558.88888889,5026360931.88,1127269097216.0,0.4979
20250324,300750.SZ,20250324,483.25450199999995,484.1171216,9294565.0,4311680872.58,1136780430224.0,0.4287
20250325,300750.SZ,20250325,483.2732545999999,486.5924648,7103210.0,3303477319.98,1142592911506.0,0.3276
20250326,300750.SZ,20250326,486.44244399999997,481.7917992,7169236.666666667,3336108307.58,1131320220534.0,0.3307
20250327,300750.SZ,20250327,480.4228594,485.46730879999996,7877336.666666667,3675726420.1,1139950874560.0,0.3633
20250328,300750.SZ,20250328,480.2728386,481.566768,6245593.333333334,2888588257.91,1130791813145.0,0.2881
20250331,300750.SZ,20250331,480.1790756,474.32826439999997,10812975.0,4951863265.85,1113794708788.0,0.4987
20250401,300750.SZ,20250401,474.32826439999997,467.05225559999997,10786782.222222222,4862442756.21,1096709536534.0,0.4975
20250402,300750.SZ,20250402,469.190052,467.20227639999996,7628951.111111111,3433096886.45,1097061808127.0,0.3519
20250403,300750.SZ,20250403,459.4387,455.8382008,12934243.88888889,5693962717.17,1070377234966.0,0.5966
20250407,300750.SZ,20250407,423.97753339999997,403.5934572,40202545.55555556,15811389636.04,947698652745.0,1.8543
20250408,300750.SZ,20250408,412.46343699999994,410.775703,26477456.111111112,10471952816.27,964563655255.0,1.2212
20250409,300750.SZ,20250409,399.28035919999996,396.41121139999996,29779077.222222224,11459705354.46,930833650236.0,1.3735
20250410,300750.SZ,20250410,414.43246,408.7691748,20707843.888888888,8168675412.18,959852022700.0,0.9551
20250411,300750.SZ,20250411,405.05616,420.05823999999996,16832841.666666668,6696905324.87,986360460064.0,0.7764
20250414,300750.SZ,20250414,425.965309,420.05823999999996,11498057.777777778,4642121045.01,986360460064.0,0.5303
20250415,300750.SZ,20250415,423.80876,427.840569,14825856.666666668,6087451729.5,1004634548945.0,0.6838
20250416,300750.SZ,20250416,425.68402,421.72722139999996,12030608.88888889,4838764472.01,990279481535.0,0.5549
20250417,300750.SZ,20250417,418.18298,423.80876,8743143.88888889,3551280611.34,995167249886.0,0.4033
20250418,300750.SZ,20250418,422.3273046,422.7961196,6395996.666666667,2588857714.93,992789416634.0,0.295
20250421,300750.SZ,20250421,422.7961196,433.8601536,12226772.777777778,5088523082.08,1018769446609.0,0.5639
20250422,300750.SZ,20250422,439.93710000000004,441.2569113,9408568.333333334,3885729764.44,1015819172019.0,0.434
20250423,300750.SZ,20250423,449.50095000000005,446.3448795,10665544.444444444,4507058716.13,1027532202482.0,0.4919
20250424,300750.SZ,20250424,448.54456500000003,453.07782990000004,10086355.0,4297351278.47,1043032152569.0,0.4652
20250425,300750.SZ,20250425,453.709044,452.561382,7089993.888888889,3016796564.98,1041843235943.0,0.327
20250428,300750.SZ,20250428,455.71745250000004,449.2140345,7951351.111111111,3357178149.08,1034137294848.0,0.3667
20250429,300750.SZ,20250429,447.58818,443.8200231,9301352.777777778,3892978723.57,1021719721199.0,0.429
20250430,300750.SZ,20250430,445.77104850000006,442.806255,8684908.333333334,3635403837.28,1019385921897.0,0.4006
20250506,300750.SZ,20250506,447.4160307,443.0549151,10937599.444444444,4591289270.22,1019958363235.0,0.5045
20250507,300750.SZ,20250507,452.2744665,456.40604970000004,17378325.0,7444719326.75,1050694059714.0,0.8016
20250508,300750.SZ,20250508,458.0892873,467.8061589,17380911.111111112,7666995082.28,1076938293383.0,0.8017
20250509,300750.SZ,20250509,470.6753139,474.88340790000007,13162953.88888889,5858468263.59,1093230854554.0,0.6071
20250512,300750.SZ,20250512,487.75635,491.58189000000004,16795281.111111112,7731591601.27,1131672492127.0,0.7747
20250513,300750.SZ,20250513,501.14574000000005,494.96749289999997,11378106.111111112,5281511474.78,1139466501119.0,0.5248
20250514,300750.SZ,20250514,494.96749289999997,502.29340200000007,12859059.444444446,6020688165.31,1156331503629.0,0.5931
20250515,300750.SZ,20250515,502.33165740000004,497.66449860000006,7839940.555555556,3685574613.84,1145675287944.0,0.3616
20250516,300750.SZ,20250516,495.6752178,496.09602720000004,10500032.222222222,4904611047.57,1142064504117.0,0.4843
20250519,300750.SZ,20250519,498.276585,497.3202,9430009.444444444,4399897902.76,1144882676860.0,0.4349
20250520,300750.SZ,20250520,505.8128988,503.05851,19245757.77777778,9053425367.26,1193750033393.0,0.8877
20250521,300750.SZ,20250521,510.69046230000004,524.2520016,31402509.444444444,15470587405.46,1244041859895.0,1.4484
20250522,300750.SZ,20250522,531.367506,517.1556249,15337843.333333334,7470701466.92,1227202268169.0,0.7074
20250523,300750.SZ,20250523,518.3797977,510.69046230000004,12777973.333333334,6218224096.63,1217290233235.0,0.5894
20250526,300750.SZ,20250526,506.88405,489.477843,18340119.444444444,8477228630.01,1166727482995.0,0.8459
20250527,300750.SZ,20250527,489.4587153,485.8244523,9815552.777777778,4491281265.98,1158019200492.0,0.4527
20250528,300750.SZ,20250528,488.92313970000004,485.07847200000003,8586813.88888889,3946773465.49,1156241069510.0,0.3961
20250529,300750.SZ,20250529,483.93081,481.7311245,12104602.777777778,5487937547.64,1148262276640.0,0.5583
20250530,300750.SZ,20250530,479.913993,478.1925,11352081.666666668,5107325147.85,1139827552750.0,0.5236
20250603,300750.SZ,20250603,482.01804000000004,480.39218550000004,8800647.777777778,3989341996.16,1145070759493.0,0.4059
20250604,300750.SZ,20250604,482.974425,480.2009085,7244552.777777778,3285855858.94,1144614828472.0,0.3341
20250605,300750.SZ,20250605,480.7938672,481.06165500000003,7514361.666666667,3386751734.82,1146666518067.0,0.3466
20250606,300750.SZ,20250606,482.01804000000004,476.0501976,9195263.333333334,4138221069.73,1134721125314.0,0.4241
20250609,300750.SZ,20250609,476.0501976,469.73805660000005,10305420.555555556,4593124638.49,1119675401617.0,0.4753
20250610,300750.SZ,20250610,468.62865,465.0708978,7740255.0,3406606343.21,1108550684703.0,0.357
20250611,300750.SZ,20250611,470.7135693,479.148885,15551891.111111112,7006354612.93,1142107207856.0,0.7173
20250612,300750.SZ,20250612,482.01804000000004,477.82907370000004,9760898.333333334,4386403720.61,1138961283810.0,0.4502
20250613,300750.SZ,20250613,474.558237,474.749514,9668469.444444444,4322411795.88,1131620794370.0,0.4459
20250616,300750.SZ,20250616,474.36696,471.8038482,6787539.444444445,3013514215.11,1124599456645.0,0.3131
20250617,300750.SZ,20250617,472.37767920000005,471.0387402,5425013.333333334,2407928749.8,1122775732561.0,0.2502
20250618,300750.SZ,20250618,472.4159346,469.7189289,5811422.777777778,2586543839.29,1119629808515.0,0.268
20250619,300750.SZ,20250619,469.20248100000003,463.081617,8221364.444444445,3604508604.0,1103809026293.0,0.3792
20250620,300750.SZ,20250620,461.09233620000003,459.5621202,7604633.333333334,3293985956.97,1095419895321.0,0.3508
20250623,300750.SZ,20250623,457.72586100000007,458.31881970000006,7061070.555555556,3040680713.46,1092456343619.0,0.3257
20250624,300750.SZ,20250624,460.17420660000005,470.38839839999997,13056156.111111112,5767361453.67,1121225591681.0,0.6022
20250625,300750.SZ,20250625,471.497805,487.56507300000004,17520957.222222224,7930320892.2,1162168198274.0,0.8081
20250626,300750.SZ,20250626,489.43958760000004,483.5291283,11063627.777777778,5062386536.58,1152548053518.0,0.5103
20250627,300750.SZ,20250627,490.62550500000003,480.08614230000006,13122259.444444446,5985026676.06,1144341294958.0,0.6052
20250630,300750.SZ,20250630,481.06165500000003,482.43884940000004,9790761.111111112,4434817078.09,1149949246640.0,0.4516
20250701,300750.SZ,20250701,482.974425,481.06165500000003,5295698.888888889,2395104336.39,1146666543217.0,0.2443
20250702,300750.SZ,20250702,481.06165500000003,479.0532465,6428541.111111111,2897311834.39,1141879267390.0,0.2965
20250703,300750.SZ,20250703,481.0042719,502.2742743,18779859.444444444,8746803693.22,1197229294565.0,0.8662
20250704,300750.SZ,20250704,506.9031777,508.41426600000005,15114451.666666668,7214227943.16,1211864680664.0,0.6971
20250707,300750.SZ,20250707,508.41426600000005,499.0225653,9703610.0,4568972964.97,1189478467037.0,0.4476
20250708,300750.SZ,20250708,498.659139,503.6514687,8662384.444444444,4104293094.04,1200511997989.0,0.3995
20250709,300750.SZ,20250709,501.528294,517.978116,16326872.777777778,7948423738.84,1234661232219.0,0.7531
20250710,300750.SZ,20250710,525.9926223,520.27344,13466305.0,6594201202.24,1240132404592.0,0.6211
20250711,300750.SZ,20250711,519.317055,519.317055,11848973.88888889,5798544034.02,1237852749437.0,0.5465
20250714,300750.SZ,20250714,518.36067,513.578745,8321602.222222223,4013693003.02,1224174818504.0,0.3838
20250715,300750.SZ,20250715,513.578745,512.1441675,9418138.333333334,4553827628.41,1220755335770.0,0.4344
20250716,300750.SZ,20250716,513.578745,505.736388,8681377.222222222,4135841242.09,1205481646228.0,0.4004
20250717,300750.SZ,20250717,507.5917749,507.840435,8061676.111111111,3852746250.96,1210496887571.0,0.3718
20250718,300750.SZ,20250718,513.961299,518.743224,12325865.555555556,5981601234.68,1236484956343.0,0.5685
20250721,300750.SZ,20250721,529.83729,534.9252582,18047930.555555556,9047295148.53,1275056721574.0,0.8324
20250722,300750.SZ,20250722,535.5756,548.3146482000001,18505016.111111112,9468912161.33,1306971893751.0,0.8535
20250723,300750.SZ,20250723,551.1838032,549.0032454,11121652.222222222,5772653125.61,1308613245463.0,0.513
20250724,300750.SZ,20250724,552.79053,545.522004,12438396.666666668,6394082072.26,1300315300697.0,0.5737
20250725,300750.SZ,20250725,545.522004,540.931356,7462556.111111111,3802835260.35,1289372955951.0,0.3442
20250728,300750.SZ,20250728,541.3521654,547.6260510000001,13276297.777777778,6830867028.98,1305330542039.0,0.6124
20250729,300750.SZ,20250729,548.391159,558.1845414000001,12996975.0,6785427583.3,1330497934956.0,0.5995
20250730,300750.SZ,20250730,558.911394,530.0094392999999,23107945.0,11712764593.4,1263339294075.0,1.0658
20250731,300750.SZ,20250731,537.105816,506.15719740000003,24839086.111111112,12088514551.35,1206484694497.0,1.0515
20250801,300750.SZ,20250801,506.50149600000003,503.1924039,14027778.88888889,6682814646.11,1199417763515.0,0.5938
20250804,300750.SZ,20250804,503.05851,509.71494960000007,13204537.777777778,6286238371.41,1214965011675.0,0.559
20250805,300750.SZ,20250805,511.665975,508.222989,12208911.111111112,5844478669.62,1211408749633.0,0.5168
20250806,300750.SZ,20250806,507.30485940000005,506.88405,8512950.555555556,4058482395.72,1208217232415.0,0.3604
20250807,300750.SZ,20250807,506.88405,503.1541485,9193391.111111112,4363462114.28,1199326577309.0,0.3892
20250808,300750.SZ,20250808,504.97128000000004,503.97663960000006,9682342.222222222,4604736202.88,1201287080742.0,0.4099
20250811,300750.SZ,20250811,503.97663960000006,504.32093820000006,11850486.666666668,5627553110.23,1202107756598.0,0.5017
20250812,300750.SZ,20250812,504.014895,503.53670250000005,12355966.111111112,5829140856.36,1200238439371.0,0.523
20250813,300750.SZ,20250813,506.4441129,523.333872,21925982.77777778,10661084796.93,1247427306562.0,0.9282
20250814,300750.SZ,20250814,529.6268853,535.3651953,20650420.555555556,10378442059.43,1276105368544.0,0.8742
20250815,300750.SZ,20250815,532.4769126,536.8571559000001,13393982.777777778,6735591187.3,1279661630602.0,0.567
20250818,300750.SZ,20250818,536.8571559000001,541.3139100000001,15849329.444444446,8056186541.66,1290284823673.0,0.6709
20250819,300750.SZ,20250819,541.3139100000001,531.367506,13571436.111111112,6816442573.39,1266576409952.0,0.5745
20250820,300750.SZ,20250820,532.713975,535.977448,12974162.222222222,6414344336.6,1272959444415.0,0.5492
20250821,300750.SZ,20250821,536.1118263,535.5935099999999,10149896.666666668,5103914720.5,1272047582349.0,0.4297
20250822,300750.SZ,20250822,535.4591317,551.2965742,14678806.111111112,7543698627.98,1309342740857.0,0.6214
20250825,300750.SZ,20250825,556.7101,557.2476131999999,17349844.444444444,9046692965.14,1323476602883.0,0.7344
20250826,300750.SZ,20250826,550.9894237999999,555.7502549999999,12791367.777777778,6648848315.09,1319921149688.0,0.5415
20250827,300750.SZ,20250827,554.79041,534.249727,21254682.77777778,10859010299.88,1268857260138.0,0.8997
20250828,300750.SZ,20250828,529.9496214,532.5412029,16925778.333333336,8407974991.21,1264799470121.0,0.7165
20250829,300750.SZ,20250829,534.2689239,587.7706842,43341051.11111111,23482893636.73,1395970951883.0,1.8347
20250901,300750.SZ,20250901,588.3849849999999,583.5857599999999,23886900.555555556,13012795663.32,1386031646000.0,1.0112
20250902,300750.SZ,20250902,583.6433506999999,581.4165103,20620493.888888888,11289093082.83,1380879620474.0,0.8729
20250903,300750.SZ,20250903,582.625915,593.18421,28276373.88888889,15640548986.17,1408932582948.0,1.197
20250904,300750.SZ,20250904,601.7652243,583.6433506999999,36530418.88888889,20442631453.08,1386304027379.0,1.5462
20250905,300750.SZ,20250905,575.715031,624.1104159,39344321.66666667,22440211715.74,1482423781670.0,1.6653
20250908,300750.SZ,20250908,641.17646,624.6095353,32685876.666666668,19349632049.47,1483609319437.0,1.3835
20250909,300750.SZ,20250909,619.675932,614.3008,24112442.77777778,14085497657.59,1459123404800.0,1.0206
20250910,300750.SZ,20250910,610.4422231,606.6988276,20418157.222222224,11649703595.37,1441097688241.0,0.8642
20250911,300750.SZ,20250911,605.7581795,619.1960095,21130255.555555556,12060756826.83,1470782367239.0,0.8944
20250912,300750.SZ,20250912,625.6269709999999,623.8992499999999,18817397.77777778,11031032652.98,1481954020625.0,0.7965
20250915,300750.SZ,20250915,664.2319368999999,680.914043,39911679.44444445,25586615240.53,1617381818818.0,1.6893
20250916,300750.SZ,20250916,683.6208058999999,678.4568398,20969147.222222224,13325722241.64,1612179199337.0,0.8872
20250917,300750.SZ,20250917,684.945392,723.915099,30209500.0,20113064234.21,1720199128713.0,1.2781
20250918,300750.SZ,20250918,719.0966771,704.3150641,28827605.555555556,19308545613.54,1673624657474.0,1.2197
20250919,300750.SZ,20250919,700.6868499999999,707.3865681,18841603.333333336,12515443886.56,1680923301351.0,0.7972
20250922,300750.SZ,20250922,711.245145,710.3812845,15848757.222222222,10474484764.41,1688039479131.0,0.6705
20250923,300750.SZ,20250923,706.44592,706.7338735,19360730.555555556,12813882349.63,1679372339527.0,0.8191
20250924,300750.SZ,20250924,712.20499,729.3478216999999,21285860.0,14311189086.36,1733108605070.0,0.9006
20250925,300750.SZ,20250925,722.955254,754.1502165,25910743.333333336,18251421707.6,1792045154376.0,1.0963
20250926,300750.SZ,20250926,752.5568738,730.2500759999999,20146292.222222224,14106499741.53,1735252581709.0,0.8524
20250929,300750.SZ,20250929,741.6530346,762.8272152999999,21647080.555555556,15381134070.09,1812663823328.0,0.9159
20250930,300750.SZ,20250930,760.19724,771.71538,18350727.77777778,13278445666.93,1833784274046.0,0.7764
20251009,300750.SZ,20251009,767.8376062,786.8617340999999,22893790.555555556,16989122538.13,1870268226470.0,0.9686
20251010,300750.SZ,20251010,769.7956899999999,733.2255954999999,29617665.555555556,20684330795.05,1742782085682.0,1.2527
20251013,300750.SZ,20251013,696.5787134,718.923905,26194998.88888889,17618650276.77,1708788823375.0,1.108
20251014,300750.SZ,20251014,731.40189,687.24902,27577743.88888889,18319370880.77,1633501732358.0,1.1665
20251015,300750.SZ,20251015,688.208865,708.941517,20551863.888888888,13383852916.96,1685061982569.0,0.8693
20251016,300750.SZ,20251016,705.4860749999999,707.405765,15349703.88888889,10185159269.4,1681411699369.0,0.6492
20251017,300750.SZ,20251017,705.4860749999999,687.5177765999999,17725422.77777778,11588825855.03,1634140531918.0,0.7497
20251020,300750.SZ,20251020,700.6868499999999,703.566385,15795788.88888889,10372513059.32,1672285991367.0,0.6681
20251021,300750.SZ,20251021,716.04437,721.6114709999999,24796038.88888889,16784956526.03,1715176818976.0,1.0488
20251022,300750.SZ,20251022,721.6114709999999,715.7756134,12192155.0,8178934535.0,1701305742813.0,0.5157
20251023,300750.SZ,20251023,717.580122,722.6673004999999,13332276.666666668,8982628026.73,1717686388676.0,0.5639
20251024,300750.SZ,20251024,729.4246093,740.5588112999999,17800876.666666668,12276721104.42,1760212187966.0,0.7529
20251027,300750.SZ,20251027,754.43817,741.3458842,22472787.77777778,15542852577.46,1762082958106.0,0.9505
20251028,300750.SZ,20251028,741.3074904,741.9217912,15949052.777777778,11160796766.31,1763451814306.0,0.6746
20251029,300750.SZ,20251029,741.0003399999999,767.876,19152247.77777778,13644645225.55,1825141600400.0,0.8101
20251030,300750.SZ,20251030,779.3557462,764.5933301,19058937.77777778,13797530228.7,1817339120058.0,0.8061
20251031,300750.SZ,20251031,764.03662,746.3178813,18915750.0,13515773431.18,1773900749969.0,0.8001
20251103,300750.SZ,20251103,742.92003,742.6512734,14648987.222222222,10106566781.1,1765185698827.0,0.6196
20251104,300750.SZ,20251104,735.3564514,727.4665255,13299485.555555556,9091842152.99,1729093523679.0,0.5625
20251105,300750.SZ,20251105,715.7564165,746.183503,17301406.666666668,11937586811.02,1773670233829.0,0.7318
20251106,300750.SZ,20251106,748.6791,757.6632492,13026376.111111112,9261688311.6,1800957468196.0,0.5509
20251107,300750.SZ,20251107,755.398015,758.9878352999999,9197162.222222222,6516185370.89,1804105995238.0,0.389
20251110,300750.SZ,20251110,764.804496,738.1400018999999,13275550.555555556,9267204047.49,1754550917442.0,0.5615
20251111,300750.SZ,20251111,741.0003399999999,740.232464,10723986.111111112,7500041113.2,1759524677552.0,0.4536
20251112,300750.SZ,20251112,750.1764582,741.7298222,11833236.111111112,8261238196.73,1763083882035.0,0.5005
20251113,300750.SZ,20251113,739.1766345,797.823164,31258582.77777778,22945441956.47,1896417157652.0,1.3221
20251114,300750.SZ,20251114,781.3138299999999,775.7851228,13428955.555555556,9879119548.47,1844032968600.0,0.568
20251117,300750.SZ,20251117,744.8397199999999,750.1764582,26491946.111111112,18542294255.24,1783161445783.0,1.1205
20251118,300750.SZ,20251118,746.75941,739.08065,21981007.77777778,15353867656.8,1756860392980.0,0.9297
20251119,300750.SZ,20251119,740.040495,750.790759,16259270.0,11462348543.06,1784696362843.0,0.6876
20251120,300750.SZ,20251120,758.0855809999999,728.3111891,18707936.111111112,12895238922.61,1731374389181.0,0.7912
20251121,300750.SZ,20251121,719.88375,710.2853,17572963.888888888,11850710342.42,1688522428100.0,0.7432
20251124,300750.SZ,20251124,717.580122,711.3411295,12692121.666666668,8464724008.41,1691032393872.0,0.5367
20251125,300750.SZ,20251125,719.88375,714.8157684,11462914.444444444,7733117131.64,1699292463047.0,0.4848
20251126,300750.SZ,20251126,720.8435949999999,715.6988257999999,10505922.222222222,7048903988.16,1701391707147.0,0.4443
20251127,300750.SZ,20251127,716.04437,712.5889279999999,12333477.222222222,8289124681.24,1693998717056.0,0.5216
20251128,300750.SZ,20251128,711.245145,716.4283079999999,11300146.111111112,7542337298.26,1703125865316.0,0.4779
20251201,300750.SZ,20251201,719.4230243999999,735.1836793,14861673.88888889,10120862870.74,1747711984566.0,0.6285
20251202,300750.SZ,20251202,736.201115,729.6357751999999,9082478.333333334,6220569501.6,1734523255330.0,0.3841
20251203,300750.SZ,20251203,729.6549720999999,721.9570151999999,7772852.777777778,5294871742.79,1716268958810.0,0.3287
20251204,300750.SZ,20251204,727.9272510999999,735.9131615,10647671.666666668,7299943081.35,1749459135617.0,0.4503
20251205,300750.SZ,20251205,743.3039679999999,746.9321820999999,12939755.0,9004580815.99,1775654245669.0,0.5472
20251208,300750.SZ,20251208,749.5045666999999,753.4783249999999,12033198.88888889,8476698700.28,1791216283263.0,0.5089
20251209,300750.SZ,20251209,751.558635,744.0526471,10384318.333333334,7255076087.46,1768808966190.0,0.4391
20251210,300750.SZ,20251210,739.1766345,734.0510621999999,10796336.111111112,7399361240.71,1745032566609.0,0.4566
20251211,300750.SZ,20251211,738.8886809999999,746.7402131,15675210.0,11089031994.57,1775198017901.0,0.6629
20251212,300750.SZ,20251212,752.51848,752.134542,13334456.666666668,9355490916.02,1788021757407.0,0.5639
20251215,300750.SZ,20251215,751.558635,740.040495,10152773.88888889,7099251459.21,1759271024708.0,0.4294
20251216,300750.SZ,20251216,741.0003399999999,726.4298929,10623153.333333334,7292054834.58,1726915041400.0,0.4492
20251217,300750.SZ,20251217,722.6673004999999,736.0475398,12365226.666666668,8453303233.62,1749778719308.0,0.5229
20251218,300750.SZ,20251218,728.6567332999999,714.12468,16466268.333333334,11079385459.43,1697662311780.0,0.6963
20251219,300750.SZ,20251219,718.1176351999999,717.96406,9755525.0,6572807889.61,1706789528510.0,0.4126
20251222,300750.SZ,20251222,721.8034399999999,713.8175296,14163076.666666668,9489773616.32,1696932134442.0,0.5989
20251223,300750.SZ,20251223,714.12468,725.834789,13113381.111111112,8879315764.06,1725500322807.0,0.5546
20251224,300750.SZ,20251224,725.7963951999999,721.035564,11715770.555555556,7902857946.37,1714091301894.0,0.4955
20251225,300750.SZ,20251225,718.3671949,716.0635669,11301746.666666668,7559336244.0,1702273009103.0,0.4779
20251226,300750.SZ,20251226,715.9675824,718.7895267,14290938.333333334,9616116052.74,1708753338512.0,0.6044
20251229,300750.SZ,20251229,717.96406,708.9607139,13402262.222222222,8924502782.7,1685387643741.0,0.5668
20251230,300750.SZ,20251230,704.718199,708.7495479999999,10572678.333333334,7014015793.59,1684885646392.0,0.4471
20251231,300750.SZ,20251231,709.8821651,705.0253494,8903665.0,5920431545.03,1676032238608.0,0.3765
20260105,300750.SZ,20260105,710.2853,724.683,18715630.5556,12583419573.97,1722763628150.0,0.7915
20260106,300750.SZ,20260106,729.4822,717.9449,18970950.0,12764795666.72,1706745349117.0,0.8023
20260107,300750.SZ,20260107,715.9484,712.2242,14571408.3333,9730943679.39,1693216732083.0,0.6162
20260108,300750.SZ,20260108,706.4459,708.7687,14977241.6667,9962397479.55,1685001885804.0,0.6334
20260109,300750.SZ,20260109,708.692,708.8071,17487326.1111,11681035309.14,1685093161874.0,0.7395
20260112,300750.SZ,20260112,706.4459,694.3135,27128188.3333,17505537198.65,1650636445540.0,1.1472
20260113,300750.SZ,20260113,703.0865,689.1687,16483844.4444,10745692370.44,1638405452192.0,0.6971
20260114,300750.SZ,20260114,691.146,679.5319,21157425.0,13553362724.06,1615495158682.0,0.8947
20260115,300750.SZ,20260115,677.1706,679.0903,17983840.0,11474019059.88,1614445483880.0,0.7605
20260116,300750.SZ,20260116,687.2298,676.3452,17767690.0,11350569563.22,1607919244892.0,0.7514
20260119,300750.SZ,20260119,674.7134,669.7798,18813491.1111,11842421263.8,1592311036963.0,0.7956
20260120,300750.SZ,20260120,671.8915,671.1236,19689216.1111,12466608900.39,1595505699405.0,0.8326
20260121,300750.SZ,20260121,675.6157,671.5268,21885318.3333,13919426404.51,1596464098137.0,0.9255
20260122,300750.SZ,20260122,673.8688,663.8288,25552676.6667,15851213229.04,1578163246150.0,1.0806
20260123,300750.SZ,20260123,668.0713,666.1324,18875626.1111,11775914385.67,1583639810336.0,0.7982
20260126,300750.SZ,20260126,675.7693,656.63,18495214.4444,11468681279.21,1561048983070.0,0.7821
20260127,300750.SZ,20260127,662.0818840999999,651.5427859999999,17941602.77777778,10953698562.46,1548954903827.0,0.7587
20260128,300750.SZ,20260128,648.6248572,652.6754030999999,25726761.666666668,15638344008.57,1551647547885.0,1.0879
20260129,300750.SZ,20260129,653.654445,656.3228141,18802455.0,11569006794.24,1560318774512.0,0.7951
20260130,300750.SZ,20260130,668.819996,671.8915,27027841.666666668,17048600000.2,1597331220800.0,1.1429
20260202,300750.SZ,20260202,685.3293299999999,669.9334162,21773192.77777778,13766144457.61,1592676141242.0,0.9207
20260203,300750.SZ,20260203,669.97181,667.8793479,14731291.666666668,9220045792.0,1587792871510.0,0.6229
20260204,300750.SZ,20260204,673.7344023999999,700.7444406999999,26962047.222222224,17369398061.77,1665925187225.0,1.1402
20260205,300750.SZ,20260205,702.1650113,696.7322886,15792865.0,10268243283.13,1656403617377.0,0.6678
20260206,300750.SZ,20260206,689.7830107999999,708.5767759,21873676.666666668,14514523059.03,1684562570149.0,0.925
20260209,300750.SZ,20260209,711.245145,708.0200658,15249238.88888889,10080946318.6,1683242449825.0,0.6448
20260210,300750.SZ,20260210,701.0131973,700.6292593000001,10313055.0,6798020174.47,1665671592952.0,0.4361
20260211,300750.SZ,20260211,704.334261,706.44592,10918588.333333334,7239804070.68,1679500085504.0,0.4617
20260212,300750.SZ,20260212,710.2853,721.5538803,15419211.111111112,10410892196.36,1715417655267.0,0.652
20260213,300750.SZ,20260213,721.0547609,701.3395446,12396962.222222222,8229700941.45,1667360220756.0,0.5242
20260225,300750.SZ,20260225,698.1720561,695.2733241999999,10398132.777777778,6802110618.55,1652938426543.0,0.4397
20260226,300750.SZ,20260226,683.5056245,664.2127399999999,24189656.111111112,15108143010.07,1579095189088.0,1.0229
20260227,300750.SZ,20260227,666.3627928,656.5531768999999,14137011.111111112,8775054149.27,1560885391965.0,0.5978
20260302,300750.SZ,20260302,654.61429,653.1169318,15750736.666666668,9643254983.63,1552716084484.0,0.6661
20260303,300750.SZ,20260303,664.8462377,660.5077382999999,22226377.222222224,13919957237.98,1570286941357.0,0.9399
20260304,300750.SZ,20260304,654.806259,650.5829409999999,13933578.333333334,8468604901.53,1546691790699.0,0.5892
20260306,300750.SZ,20260306,669.97181,681.0484213,11646173.88888889,7388868682.39,1619123789520.0,0.4925
20260309,300750.SZ,20260309,669.6646595999999,686.289175,17665340.555555556,11217996825.3,1631583151770.0,0.747
20260310,300750.SZ,20260310,719.88375,722.3793469999999,28189848.88888889,19049080512.74,1717383888143.0,1.1921
20260311,300750.SZ,20260311,728.6759301999999,761.732992,31999269.444444444,22642696276.06,1810943201741.0,1.3531
20260312,300750.SZ,20260312,767.876,759.237395,16194652.777777778,11537671606.62,1805010172098.0,0.6848
20260313,300750.SZ,20260313,756.1274972,762.1169299999999,19768132.77777778,14201304444.44,1811855975532.0,0.8359
20260316,300750.SZ,20260316,771.2738512999999,784.0013959999999,20751168.888888888,15195015004.76,1863884081630.0,0.8775
20260317,300750.SZ,20260317,798.1687081999999,777.4744499999999,19989265.555555556,14787230789.87,1848366927180.0,0.8453
20260318,300750.SZ,20260318,778.1655384,771.7537738,14738886.666666668,10653633584.46,1834766597691.0,0.6233
20260319,300750.SZ,20260319,771.6001986,768.835845,16270352.777777778,11867380765.39,1827829516878.0,0.688
20260320,300750.SZ,20260320,777.6280251999999,792.83197,29849820.555555556,22252017693.22,1884877878828.0,1.2623
20260323,300750.SZ,20260323,801.1442276999999,771.6961831,24785636.111111112,18193336487.17,1834629681622.0,1.0481
20260324,300750.SZ,20260324,777.4744499999999,762.0977331,20228069.444444444,14439124609.63,1811810336842.0,0.8554
20260325,300750.SZ,20260325,754.43817,763.6718788999999,14862682.222222222,10553996246.79,1815552709386.0,0.6285
20260326,300750.SZ,20260326,756.0507095999999,772.675225,14868720.555555556,10811439764.3,1836957254790.0,0.6288
20260327,300750.SZ,20260327,779.6245028,798.9365842,16810023.888888888,12465856864.08,1899390982108.0,0.7108
20260330,300750.SZ,20260330,792.83197,792.83197,14082455.0,10440376424.48,1884877878828.0,0.5955
20260331,300750.SZ,20260331,792.83197,771.139473,13847580.555555556,10159878345.8,1833306159625.0,0.5856
20260401,300750.SZ,20260401,786.5545837,778.8374299,12872262.777777778,9384266504.41,1851607274139.0,0.5443
20260402,300750.SZ,20260402,783.0415509999999,770.1220373,12392021.111111112,8988161794.19,1830887309079.0,0.524
20260403,300750.SZ,20260403,767.876,741.8833973999999,13750833.88888889,9640031385.12,1763752796736.0,0.5815
20260407,300750.SZ,20260407,748.6407062,738.2935770999999,9587567.777777778,6675632984.29,1755290942767.0,0.4054
20260408,300750.SZ,20260408,761.1570849999999,751.174697,20232468.333333336,14315333338.28,1785915769793.0,0.8555
20260409,300750.SZ,20260409,756.549829,748.6599031,14419555.0,10132744607.16,1779936854233.0,0.6097
20260410,300750.SZ,20260410,756.35786,798.5910399999999,28215945.555555556,20752496341.08,1898650303264.0,1.1931
20260413,300750.SZ,20260413,802.4304199999999,819.9571897,22911068.888888888,17625505878.02,1949448327003.0,0.9688
20260414,300750.SZ,20260414,809.149335,826.9832551,24567125.555555556,18663656302.9,1966152798421.0,1.0388
20260416,300750.SZ,20260416,846.5832899999999,871.5008662,35281232.222222224,28517416468.4,2072001096509.0,1.4919
20260417,300750.SZ,20260417,875.3018523999999,852.7262979999999,20297693.333333336,16290232435.5,2027364392858.0,0.8583
20260420,300750.SZ,20260420,831.22577,830.2659249999999,29404345.0,22768028849.94,1973964655360.0,1.2434
20260421,300750.SZ,20260421,835.0651499999999,859.253244,32096978.88888889,25412275748.93,2042882265293.0,1.3572
20260422,300750.SZ,20260422,859.8724778,850.786503,25569684.444444444,20173924647.54,1991536363853.0,1.0812
20260423,300750.SZ,20260423,864.72743,855.758442,19683870.0,15566836621.18,2003174768179.0,0.8323
20260424,300750.SZ,20260424,861.80276,867.457122,21968053.888888888,17517374359.15,2030559248947.0,0.9289
20260427,300750.SZ,20260427,866.9306814,847.9203264,18367379.444444444,14514326132.36,1984827166065.0,0.7767
20260428,300750.SZ,20260428,830.9767382,833.8624126000001,19451173.888888888,14992134063.18,1951920148342.0,0.8225
20260429,300750.SZ,20260429,842.30496,867.6521,20907533.333333336,16473164317.55,2031015656960.0,0.8841
20260430,300750.SZ,20260430,870.57677,850.1040800000001,16562274.444444446,13127297981.61,1989938935808.0,0.7003
20260506,300750.SZ,20260506,892.02435,896.8988,26318176.666666668,21679900613.27,2128186697660.0,1.1129
20260507,300750.SZ,20260507,913.959375,880.5986392,21456263.333333336,17551196925.09,2089509217676.0,0.9073
20260508,300750.SZ,20260508,875.45122,852.05386,20336028.333333336,16224287222.18,2021777362777.0,0.8599
20260511,300750.SZ,20260511,857.9032000000001,869.8163558000001,18994500.555555556,15198345088.49,2063924712376.0,0.8032
20260512,300750.SZ,20260512,870.7522501999999,840.842625,18973053.888888888,14869224127.69,1995182114925.0,0.8023
20260513,300750.SZ,20260513,840.3746778,846.302009,17603235.0,13668347813.82,2008136340831.0,0.7443
20260514,300750.SZ,20260514,876.1921364,832.55606,19280341.111111112,15157645640.1,1975519450604.0,0.8153
20260515,300750.SZ,20260515,834.6618224,825.926808,16502718.333333334,12638150861.85,1959789319147.0,0.6978
20260518,300750.SZ,20260518,820.0384724,813.5067094000001,15832415.0,11894351176.41,1930318455212.0,0.6695
20260519,300750.SZ,20260519,810.8355108000001,814.8520576000001,14493148.88888889,10805349153.43,1933510746596.0,0.6128
20260520,300750.SZ,20260520,813.05826,808.671255,15621683.88888889,11734883867.81,1918844712267.0,0.6606
20260521,300750.SZ,20260521,818.6541286,802.5879414,18815095.555555556,14239107292.91,1904410003401.0,0.7956
20260522,300750.SZ,20260522,808.573766,801.6715448000001,15437989.444444446,11472585703.44,1902235544052.0,0.6528
20260525,300750.SZ,20260525,801.9055184,785.5273664,21220950.0,15479408961.51,1863928047446.0,0.8973
20260526,300750.SZ,20260526,791.9811382,784.7864500000001,19479279.444444444,14152427064.2,1862169973930.0,0.8237
20260527,300750.SZ,20260527,807.0529376000001,808.7687440000001,29651604.444444444,22373358897.11,1919076037730.0,1.2538
20260528,300750.SZ,20260528,818.9076,810.4845504,18209527.222222224,13502296106.57,1923147365871.0,0.77
20260529,300750.SZ,20260529,824.75694,826.70672,27673272.77777778,21139031903.92,1961639922848.0,1.1701
20260601,300750.SZ,20260601,842.499938,819.1025780000001,21444695.555555556,16554495936.48,1943596536765.0,0.9068
20260602,300750.SZ,20260602,828.6565,845.9900442,21554533.333333336,16719046201.41,2007396099350.0,0.9114
20260603,300750.SZ,20260603,852.05386,831.4251876000001,21418115.555555556,16460790912.52,1972836075238.0,0.9057
20260604,300750.SZ,20260604,831.4251876000001,795.900196,23953034.444444444,17788218035.16,1888589210794.0,1.0128
20260605,300750.SZ,20260605,795.2957642,785.76134,15966072.222222222,11711423569.5,1864530749510.0,0.6751
20260608,300750.SZ,20260608,771.722924,766.3025355999999,15918131.111111112,11335280869.7,1818357010353.0,0.6731
20260609,300750.SZ,20260609,779.8925022000001,778.9371100000001,15408415.0,10926469616.65,1848337554415.0,0.6515
20260610,300750.SZ,20260610,770.7090383999999,757.4895300000001,13575397.222222222,9535581227.17,1797444655545.0,0.574
20260611,300750.SZ,20260611,754.5258644,745.205916,14925248.333333334,10301875915.65,1768296904374.0,0.6311
20260612,300750.SZ,20260612,760.3947022000001,769.8706330000001,23011576.666666668,16278999883.4,1826823738075.0,0.973
20260615,300750.SZ,20260615,783.81156,776.2074180000001,18930490.0,13613555701.18,1841860276377.0,0.8004
20260616,300750.SZ,20260616,797.2260464,786.7947234,19355145.555555556,14107808734.81,1866982861910.0,0.8184
20260617,300750.SZ,20260617,779.912,777.96222,13894035.555555556,9965557905.66,1846024240830.0,0.5875
20260618,300750.SZ,20260618,780.6724142,763.436359,21415613.888888888,15327443707.02,1811555868414.0,0.9055
20260622,300750.SZ,20260622,766.26354,797.4210244000001,33036024.444444448,23926025745.97,1892197979987.0,1.3969
20260623,300750.SZ,20260623,801.35958,765.3081478,20763385.555555556,14957779394.11,1815997430497.0,0.8779
20260624,300750.SZ,20260624,764.31376,770.8650208,19126142.77777778,13521407675.73,1829183317931.0,0.8087
20260625,300750.SZ,20260625,779.6780264,783.616582,18002576.666666668,12900279038.11,1859441459623.0,0.7612
20260626,300750.SZ,20260626,781.8617800000001,742.86618,25847390.555555556,18133875467.49,1762744951770.0,1.0929
20260629,300750.SZ,20260629,754.4868688,765.0156808,23625504.444444444,16529881652.53,1815303436421.0,0.999
20260630,300750.SZ,20260630,765.2691522,766.2830378,15021303.333333334,10665434439.04,1818310744082.0,0.6351
20260701,300750.SZ,20260701,760.4142,748.4035552,24493655.0,16758898184.0,1775884572933.0,1.0357
20260702,300750.SZ,20260702,755.8907104,745.4983830000001,18930797.222222224,13139767259.36,1768990898450.0,0.8005
20260703,300750.SZ,20260703,744.7379688,740.9164000000001,14380522.222222222,9910832542.24,1758118324600.0,0.6081
20260706,300750.SZ,20260706,739.4150694000001,730.2121078,12026669.444444446,8167456241.12,1732718141437.0,0.5085
20260707,300750.SZ,20260707,733.11728,726.2735522,11582545.555555556,7796643168.18,1723381179214.0,0.4897
20260708,300750.SZ,20260708,729.21772,703.87058,15028818.88888889,9902742689.32,1670220960821.0,0.6355
20260709,300750.SZ,20260709,703.87058,732.14239,20996756.666666668,13905775669.81,1737307398306.0,0.8878
20260710,300750.SZ,20260710,731.1675,680.0052728000001,30889641.666666668,19867664607.17,1613590754282.0,1.3061
20260713,300750.SZ,20260713,680.47322,700.0880068,25717045.0,16540015163.16,1661245258151.0,1.0874
20260714,300750.SZ,20260714,687.492428,709.7394178,24239798.333333336,15701875681.92,1684147179913.0,1.0249
20260715,300750.SZ,20260715,717.5385378,727.2679400000001,19916254.444444444,13440215220.78,1725740771153.0,0.8421
20260716,300750.SZ,20260716,720.4047144000001,714.009436,13992712.222222222,9290699880.4,1694279545298.0,0.5917
20240102,601318.SH,20240102,114.57249699999998,112.21281529999999,21879602.0,1740486365.0,718757959938.0,0.4066
20240103,601318.SH,20240103,112.21281529999999,112.01380599999999,18191075.5,1432855499.0,717483243516.0,0.338
20240104,601318.SH,20240104,111.90008639999999,110.592311,23369595.0,1819793957.0,708378126212.0,0.4343
20240105,601318.SH,20240105,110.45016150000001,110.7913203,24960093.5,1955115160.0,709652842635.0,0.4638
20240108,601318.SH,20240108,110.7913203,109.3129655,25736598.5,1983794142.0,700183520639.0,0.4783
20240109,601318.SH,20240109,109.3129655,109.1139562,18532527.0,1423188301.0,698908804217.0,0.3444
20240110,601318.SH,20240110,108.85808709999999,107.5218818,22065190.0,1677706638.0,688711072837.0,0.41
20240111,601318.SH,20240111,107.46502199999999,109.25610569999999,19078564.5,1457906651.0,699819315947.0,0.3545
20240112,601318.SH,20240112,108.57378809999999,108.1189097,15150027.0,1158392103.0,692535222104.0,0.2815
20240115,601318.SH,20240115,107.66403129999999,108.5169283,16351090.5,1244858223.0,695084654949.0,0.3038
20240116,601318.SH,20240116,108.1473396,110.023713,27248142.5,2095337501.0,704736079291.0,0.5063
20240117,601318.SH,20240117,109.3413954,108.06204989999999,28061448.5,2148072060.0,692171017412.0,0.5215
20240118,601318.SH,20240118,107.3228725,110.84818010000001,43077182.0,3289028901.0,710017047327.0,0.8005
20240119,601318.SH,20240119,110.30801199999999,111.44520800000001,31987195.5,2493579882.0,713841196594.0,0.5944
20240122,601318.SH,20240122,111.0756193,112.2412452,48054931.5,3800265431.0,718940062284.0,0.893
20240123,601318.SH,20240123,111.44520800000001,111.90008639999999,30086048.5,2363927977.0,716754834132.0,0.5591
20240124,601318.SH,20240124,112.75298339999999,114.2029083,38057549.5,3023883703.0,731505124163.0,0.7072
20240125,601318.SH,20240125,114.14604849999999,116.98903849999999,49329050.0,4022141715.0,749351154078.0,0.9167
20240126,601318.SH,20240126,116.70473949999999,117.2733375,39296262.0,3225824129.0,751172177539.0,0.7302
20240129,601318.SH,20240129,117.30176739999999,116.50573019999999,31039238.5,2560232020.0,746255414195.0,0.5768
20240130,601318.SH,20240130,115.425394,114.25976809999999,28531999.0,2308550033.0,731869328855.0,0.5302
20240131,601318.SH,20240131,114.14604849999999,115.16952489999998,27850683.0,2253897731.0,737696603930.0,0.5175
20240201,601318.SH,20240201,114.06075879999999,114.57249699999998,24546239.5,1980485849.0,733872454662.0,0.4561
20240202,601318.SH,20240202,114.57249699999998,114.003899,34538673.5,2771398286.0,730230407741.0,0.6418
20240205,601318.SH,20240205,113.7196,115.65283319999999,40307396.5,3247211014.0,740792343813.0,0.749
20240206,601318.SH,20240206,115.6244033,118.1546644,41191748.0,3381216759.0,756817350267.0,0.7655
20240207,601318.SH,20240207,118.5242531,120.4859162,45807702.0,3833614844.0,771749742645.0,0.8512
20240208,601318.SH,20240208,120.8839348,121.6231122,38437325.5,3274133649.0,779033836487.0,0.7143
20240219,601318.SH,20240219,122.2201401,121.48096269999999,27206713.5,2324847504.0,778123324757.0,0.5056
20240220,601318.SH,20240220,121.25352349999999,120.4006265,23467754.5,1989976125.0,771203435606.0,0.4361
20240221,601318.SH,20240221,119.9173182,123.9259341,55624597.0,4827664819.0,793784126519.0,1.0337
20240222,601318.SH,20240222,123.2720464,124.238663,25872609.5,2252345680.0,795787252326.0,0.4808
20240223,601318.SH,20240223,124.1818,125.2906,32210838.0,2843810763.0,802525039130.0,0.5986
20240226,601318.SH,20240226,124.8073,122.1064,30809784.0,2667499279.0,782129576371.0,0.5725
20240227,601318.SH,20240227,121.7368,122.5897,21450626.0,1840668678.0,785225316254.0,0.3986
20240228,601318.SH,20240228,122.7887,121.2535,26788179.5,2298186002.0,776666505989.0,0.4978
20240229,601318.SH,20240229,120.8839,121.9643,22754583.5,1948642485.0,781219064640.0,0.4228
20240301,601318.SH,20240301,121.68,122.2201,22288688.0,1908395624.0,782857985755.0,0.4142
20240304,601318.SH,20240304,121.481,120.3722,27252340.0,2311470911.0,771021333260.0,0.5064
20240305,601318.SH,20240305,119.832,121.7084,31171861.5,2650564784.0,779580143526.0,0.5793
20240306,601318.SH,20240306,121.6515,120.8271,17138141.5,1461294746.0,773934970798.0,0.3185
20240307,601318.SH,20240307,121.5947,122.4191,32448106.5,2796783751.0,784132702177.0,0.603
20240308,601318.SH,20240308,121.879,121.9074,18624681.0,1595770014.0,780854859948.0,0.3461
20240311,601318.SH,20240311,121.6231,122.7034,21798637.0,1877454174.0,785953725638.0,0.4051
20240312,601318.SH,20240312,122.7319,124.5514,33960318.0,2952502139.0,797790378133.0,0.6311
20240313,601318.SH,20240313,124.324,121.1967,35060792.5,3008059272.0,776302301296.0,0.6515
20240314,601318.SH,20240314,120.4575,120.6849,18044478.0,1535653343.0,773024459067.0,0.3353
20240315,601318.SH,20240315,120.8555,120.7702,19933755.5,1687264409.0,773570766105.0,0.3704
20240318,601318.SH,20240318,120.4006,120.9977,20813135.5,1764489757.0,775027584874.0,0.3868
20240319,601318.SH,20240319,120.5428,118.9223,24300766.5,2045765039.0,761734113611.0,0.4516
20240320,601318.SH,20240320,118.6948,119.1781,14180834.0,1187979289.0,763373034725.0,0.2635
20240321,601318.SH,20240321,119.6614,119.4909,20748812.0,1745351699.0,765376160532.0,0.3856
20240322,601318.SH,20240322,116.6479,115.3117,56275184.0,4569953333.0,738607115660.0,1.0457
20240325,601318.SH,20240325,114.9989,114.9705,21880065.0,1775455396.0,736421887507.0,0.4066
20240326,601318.SH,20240326,114.9705,116.2783,20149531.5,1640298640.0,744798595426.0,0.3744
20240327,601318.SH,20240327,115.9371,115.5675,17309512.5,1411539594.0,740246036775.0,0.3217
20240328,601318.SH,20240328,115.4254,115.6813,21616997.5,1764795886.0,740974446159.0,0.4017
20240329,601318.SH,20240329,115.9371,116.0224,16756092.0,1370420387.0,743159674312.0,0.3114
20240401,601318.SH,20240401,116.4204,117.2733,19353137.0,1592229352.0,751172177539.0,0.3596
20240402,601318.SH,20240402,117.1028,116.5626,19998292.5,1644606102.0,746619618887.0,0.3716
20240403,601318.SH,20240403,116.2783,115.1411,23182005.5,1886029049.0,737514501584.0,0.4308
20240408,601318.SH,20240408,114.5156,114.3451,21795123.0,1752003235.0,732415635894.0,0.405
20240409,601318.SH,20240409,114.4872,114.0323,14696205.5,1183293257.0,730412510087.0,0.2731
20240410,601318.SH,20240410,113.6912,111.4452,33377248.0,2638684983.0,713841196594.0,0.6202
20240411,601318.SH,20240411,110.9619,110.7345,22160682.5,1724750105.0,709288637943.0,0.4118
20240412,601318.SH,20240412,110.308,107.4082,45947355.5,3503437973.0,687982663452.0,0.8538
20240415,601318.SH,20240415,107.4082,109.0571,38580454.5,2953703722.0,698544599525.0,0.7169
20240416,601318.SH,20240416,109.0571,108.8297,31337353.5,2408876665.0,697087780756.0,0.5823
20240417,601318.SH,20240417,108.8012,110.7345,29729264.5,2294242965.0,709288637943.0,0.5525
20240418,601318.SH,20240418,110.5923,112.8667,42304448.5,3365907681.0,722946313898.0,0.7861
20240419,601318.SH,20240419,112.2128,112.0707,18419745.5,1454378302.0,717847448208.0,0.3423
20240422,601318.SH,20240422,112.2697,113.2363,19561392.0,1559348109.0,725313644397.0,0.3635
20240423,601318.SH,20240423,113.2079,113.4069,17132655.0,1367522866.0,726406258473.0,0.3184
20240424,601318.SH,20240424,114.8284,115.4254,27498218.5,2226040005.0,739335525044.0,0.511
20240425,601318.SH,20240425,115.198,116.7332,29108895.0,2379394081.0,747712232963.0,0.5409
20240426,601318.SH,20240426,116.5342,118.0694,34713803.0,2866574033.0,756271043229.0,0.6451
20240429,601318.SH,20240429,117.9841,119.633,43772741.0,3696991240.0,766286672263.0,0.8134
20240430,601318.SH,20240430,119.633,117.5861,25909507.0,2157456541.0,753175303346.0,0.4815
20240506,601318.SH,20240506,122.675,120.7986,53137352.0,4554760127.0,773752868451.0,0.9874
20240507,601318.SH,20240507,120.8271,121.0829,26407613.0,2249302993.0,775573891912.0,0.4907
20240508,601318.SH,20240508,120.6849,119.2634,22366756.5,1888701756.0,763919341764.0,0.4156
20240509,601318.SH,20240509,119.036,120.3722,20677074.5,1749774912.0,771021333260.0,0.3842
20240510,601318.SH,20240510,121.1114,122.0496,33883509.0,2906706220.0,781765371679.0,0.6296
20240513,601318.SH,20240513,120.8555,121.2535,24674042.0,2098243664.0,776666505989.0,0.4585
20240514,601318.SH,20240514,121.2535,120.2869,19825576.0,1679884656.0,770475026222.0,0.3684
20240515,601318.SH,20240515,120.2016,118.9507,19955940.0,1673203919.0,761916215957.0,0.3708
20240516,601318.SH,20240516,119.9742,122.3907,46739113.5,4003945956.0,783950599831.0,0.8685
20240517,601318.SH,20240517,123.9544,128.5031,94728997.5,8380485073.0,823102604236.0,1.7603
20240520,601318.SH,20240520,129.9246,129.2423,73972626.5,6725122982.0,827837265234.0,1.3746
20240521,601318.SH,20240521,128.162,129.0717,27554808.0,2495802388.0,826744651158.0,0.512
20240522,601318.SH,20240522,128.7874,129.0717,37566833.0,3432737426.0,826744651158.0,0.6981
20240523,601318.SH,20240523,127.7071,127.3091,31796156.5,2847873001.0,815454305701.0,0.5909
20240524,601318.SH,20240524,126.6552,124.7788,27064287.5,2397751034.0,799247196901.0,0.5029
20240527,601318.SH,20240527,125.0916,125.3759,20637110.5,1820441915.0,803071346169.0,0.3835
20240528,601318.SH,20240528,125.5464,124.4092,21096089.5,1853750116.0,796879866402.0,0.392
20240529,601318.SH,20240529,123.9259,123.5848,21971125.0,1921502308.0,791598898366.0,0.4083
20240530,601318.SH,20240530,123.1299,122.675,19697746.5,1702193305.0,785771623292.0,0.366
20240531,601318.SH,20240531,123.3858,122.4476,24124609.0,2100267341.0,784314804523.0,0.4483
20240603,601318.SH,20240603,122.2201,122.6182,22325920.0,1922692312.0,785407418600.0,0.4149
20240604,601318.SH,20240604,122.476,123.0162,19908880.0,1723254939.0,787956851445.0,0.37
20240605,601318.SH,20240605,122.9877,122.476,18094003.5,1559233050.0,784496906870.0,0.3362
20240606,601318.SH,20240606,122.8172,120.6849,27131044.5,2313057245.0,773024459067.0,0.5042
20240607,601318.SH,20240607,121.1114,119.7467,21069689.5,1781350640.0,767015081647.0,0.3915
20240611,601318.SH,20240611,119.1497,118.9223,21118139.5,1767535003.0,761734113611.0,0.3924
20240612,601318.SH,20240612,118.9223,117.6998,19917008.5,1653283609.0,753903712730.0,0.3701
20240613,601318.SH,20240613,118.2115,117.4155,16021400.5,1323757554.0,752082689269.0,0.2977
20240614,601318.SH,20240614,117.1028,119.036,31781219.0,2651178962.0,762462522995.0,0.5906
20240617,601318.SH,20240617,118.2684,118.2115,19236373.5,1600335663.0,757181554959.0,0.3575
20240618,601318.SH,20240618,118.5527,118.638,17672609.5,1476476518.0,759913090150.0,0.3284
20240619,601318.SH,20240619,118.6664,119.4056,20531978.5,1721419835.0,764829853494.0,0.3815
20240620,601318.SH,20240620,119.3772,118.0125,18239496.0,1525392591.0,755906838537.0,0.3389
20240621,601318.SH,20240621,117.9557,118.4674,19252726.0,1600502330.0,758820476074.0,0.3578
20240624,601318.SH,20240624,118.0694,118.837,22296395.5,1856756644.0,761187806573.0,0.4143
20240625,601318.SH,20240625,118.8086,118.1262,19141795.5,1598362559.0,756635247921.0,0.3557
20240626,601318.SH,20240626,117.9272,118.4105,13253032.0,1100552481.0,758456271382.0,0.2463
20240627,601318.SH,20240627,118.0125,117.7566,18398749.0,1525115715.0,754267917422.0,0.3419
20240628,601318.SH,20240628,117.5576,117.5861,19967258.0,1661152478.0,753175303346.0,0.371
20240701,601318.SH,20240701,117.7282,118.3252,23709877.0,1949715777.0,757909964343.0,0.4406
20240702,601318.SH,20240702,117.7282,119.8889,28442873.5,2404908551.0,767925593377.0,0.5285
20240703,601318.SH,20240703,119.9173,120.1732,14787394.0,1248330595.0,769746616838.0,0.2748
20240704,601318.SH,20240704,120.1448,119.3487,16242572.5,1369924729.0,764465648802.0,0.3018
20240705,601318.SH,20240705,119.2634,116.9037,26335883.0,2180477666.0,748804847040.0,0.4894
20240708,601318.SH,20240708,116.2783,116.1077,16977422.0,1388961719.0,743705981350.0,0.3155
20240709,601318.SH,20240709,116.0793,118.0409,19070137.5,1565430222.0,756088940883.0,0.3544
20240710,601318.SH,20240710,116.7616,119.0076,18063657.0,1507496307.0,762280420649.0,0.3357
20240711,601318.SH,20240711,120.1732,119.235,18778492.0,1582861429.0,763737239418.0,0.349
20240712,601318.SH,20240712,119.4056,121.3388,24784863.0,2110496361.0,777212813027.0,0.4606
20240715,601318.SH,20240715,121.1114,120.9124,17742396.0,1513495679.0,774481277836.0,0.3297
20240716,601318.SH,20240716,119.4056,117.1028,46999252.0,3870524307.0,750079563462.0,0.8734
20240717,601318.SH,20240717,117.2733,120.23,38920313.5,3268159911.0,770110821530.0,0.7232
20240718,601318.SH,20240718,119.9457,120.4575,25681209.0,2175992699.0,771567640299.0,0.4772
20240719,601318.SH,20240719,120.4575,122.3339,30538769.5,2610070265.0,783586395139.0,0.5675
20240722,601318.SH,20240722,122.5329,122.2486,22028102.0,1890312953.0,783040088101.0,0.4093
20240723,601318.SH,20240723,122.1349,121.6515,22989483.5,1978447935.0,779215938834.0,0.4272
20240724,601318.SH,20240724,121.68,120.9977,19304771.5,1644933090.0,775027584874.0,0.3587
20240725,601318.SH,20240725,120.7986,121.0261,22023714.5,1874557285.0,775209687220.0,0.4093
20240726,601318.SH,20240726,121.2197,121.0429,25518898.0,2099407784.0,748258540002.0,0.4742
20240729,601318.SH,20240729,121.0135,121.7205,15282484.5,1264082990.0,752446893961.0,0.284
20240730,601318.SH,20240730,121.6026,121.7499,14846119.5,1224450781.0,752628996307.0,0.2759
20240731,601318.SH,20240731,121.7794,125.3732,29043891.5,2450880160.0,775027584874.0,0.5397
20240801,601318.SH,20240801,124.9608,125.226,16257019.0,1383461987.0,774117073144.0,0.3021
20240802,601318.SH,20240802,124.4011,123.1934,16568628.5,1392534224.0,761552011265.0,0.3079
20240805,601318.SH,20240805,122.8399,123.7236,21525457.0,1813319979.0,764829853494.0,0.4
20240806,601318.SH,20240806,124.8135,120.4832,31717161.5,2614553598.0,744798595426.0,0.5894
20240807,601318.SH,20240807,120.5421,119.8941,14989047.5,1225524961.0,741156548505.0,0.2785
20240808,601318.SH,20240808,120.0414,120.2476,11821620.5,964682591.0,743341776658.0,0.2197
20240809,601318.SH,20240809,120.7483,119.6289,13089248.0,1069136979.0,739517627390.0,0.2432
20240812,601318.SH,20240812,119.3933,119.6584,7609952.0,617325022.0,739699729736.0,0.1414
20240813,601318.SH,20240813,119.6584,120.1297,8325299.5,677002646.0,742613367273.0,0.1547
20240814,601318.SH,20240814,120.2181,119.2754,10325214.0,838935306.0,737332399237.0,0.1919
20240815,601318.SH,20240815,119.3344,121.7205,26708352.5,2202784576.0,752446893961.0,0.4963
20240816,601318.SH,20240816,121.7205,122.5747,13478678.5,1119345318.0,757727861997.0,0.2505
20240819,601318.SH,20240819,122.5747,123.9298,14395601.5,1209599526.0,766104569916.0,0.2675
20240820,601318.SH,20240820,124.1655,123.4879,14688143.0,1230963341.0,763373034725.0,0.2729
20240821,601318.SH,20240821,123.6647,123.6352,11808706.0,989256297.0,764283546456.0,0.2194
20240822,601318.SH,20240822,123.6058,122.8693,15248828.0,1275507522.0,759548885458.0,0.2834
20240823,601318.SH,20240823,123.8414,127.7004,49711721.5,4271882126.0,789413670213.0,0.9238
20240826,601318.SH,20240826,128.0245,127.7004,23790280.0,2059591116.0,789413670213.0,0.4421
20240827,601318.SH,20240827,127.4942,127.1113,16982338.5,1467947189.0,785771623292.0,0.3156
20240828,601318.SH,20240828,127.3764,127.2291,17419737.0,1502990666.0,786500032676.0,0.3237
20240829,601318.SH,20240829,127.1996,125.55,23847274.0,2045077629.0,776120198950.0,0.4431
20240830,601318.SH,20240830,125.8151,129.7036,55000300.5,4830979921.0,801796629746.0,1.0221
20240902,601318.SH,20240902,129.2617,127.995,25658562.0,2243546045.0,791234693674.0,0.4768
20240903,601318.SH,20240903,128.4663,127.288,18410987.5,1593821144.0,786864237368.0,0.3421
20240904,601318.SH,20240904,127.3175,125.6089,20497453.0,1759519239.0,776484403642.0,0.3809
20240905,601318.SH,20240905,125.5795,127.9066,23325554.0,2014905549.0,790688386636.0,0.4335
20240906,601318.SH,20240906,127.9066,127.4059,19512887.5,1699389017.0,787592646753.0,0.3626
20240909,601318.SH,20240909,126.9051,125.7267,20086227.0,1720343646.0,777212813027.0,0.3733
20240910,601318.SH,20240910,125.933,125.6678,14682794.5,1251507269.0,776848608335.0,0.2728
20240911,601318.SH,20240911,125.6089,125.2554,13703712.0,1167516315.0,774299175490.0,0.2547
20240912,601318.SH,20240912,125.874,125.4911,20541926.5,1739432819.0,775755994258.0,0.3817
20240913,601318.SH,20240913,125.3732,126.3454,17219824.0,1484769941.0,781036962294.0,0.32
20240918,601318.SH,20240918,126.6694,128.7315,21631912.0,1883001068.0,795787252326.0,0.402
20240919,601318.SH,20240919,128.7904,129.7036,23325016.0,2046412473.0,801796629746.0,0.4334
20240920,601318.SH,20240920,129.5563,130.0571,26646186.5,2347055961.0,803981857899.0,0.4952
20240923,601318.SH,20240923,129.9982,129.8803,14762024.0,1302373909.0,802889243823.0,0.2743
20240924,601318.SH,20240924,131.3827,136.9797,60449599.0,5518430623.0,846775909226.0,1.1233
20240925,601318.SH,20240925,140.2201,139.5131,69149246.0,6594953851.0,862436710988.0,1.285
20240926,601318.SH,20240926,140.1906,148.5272,81882629.5,8023977092.0,918160028885.0,1.5216
20240927,601318.SH,20240927,152.887,152.887,69743870.0,7197182304.0,945111176103.0,1.296
20240930,601318.SH,20240930,160.4872,168.1757,131062702.5,14733344153.0,1039622293714.0,2.4355
20241008,601318.SH,20241008,184.9962,181.8442,198052126.5,24440888195.0,1124117782290.0,3.6804
20241009,601318.SH,20241009,176.748,164.0811,142754778.5,16431475144.0,1014310067610.0,2.6528
20241010,601318.SH,20241010,166.8207,172.3293,111336484.5,12981664827.0,1065298724510.0,2.0689
20241011,601318.SH,20241011,170.2672,169.5013,65606190.5,7645831882.0,1047816899287.0,1.2191
20241014,601318.SH,20241014,172.0053,172.8301,58886883.5,6884203095.0,1068394464393.0,1.0943
20241015,601318.SH,20241015,172.565,168.4703,51395014.0,5988622377.0,1041443317174.0,0.9551
20241016,601318.SH,20241016,167.2625,169.03,42750815.0,4894961074.0,1044903261750.0,0.7944
20241017,601318.SH,20241017,170.5618,167.9106,39178738.5,4529673855.0,1037983372599.0,0.728
20241018,601318.SH,20241018,167.9136,171.2072,74733118.0,8417973824.0,1041261214828.0,1.3887
20241021,601318.SH,20241021,171.8659,170.3688,43765629.0,4966469517.0,1036162349138.0,0.8133
20241022,601318.SH,20241022,170.0694,170.8479,42300559.5,4835443520.0,1039075986675.0,0.7861
20241023,601318.SH,20241023,171.2671,174.5906,59596325.5,6939592004.0,1061838779934.0,1.1075
20241024,601318.SH,20241024,173.363,173.9619,25636502.5,2976336249.0,1058014630667.0,0.4764
20241025,601318.SH,20241025,173.6924,172.7642,26972270.5,3122695352.0,1050730536824.0,0.5012
20241028,601318.SH,20241028,173.0037,172.1654,28940493.5,3325855084.0,1047088489903.0,0.5378
20241029,601318.SH,20241029,172.1654,172.5546,31005014.0,3591688618.0,1049455820401.0,0.5762
20241030,601318.SH,20241030,172.1354,167.5843,45373963.0,5123310917.0,1019226830954.0,0.8432
20241031,601318.SH,20241031,167.5543,167.4345,37881504.5,4236922732.0,1018316319223.0,0.7039
20241101,601318.SH,20241101,168.1232,168.1232,32506962.5,3676222858.0,1022504673183.0,0.6041
20241104,601318.SH,20241104,168.1831,170.5784,26536985.0,2993285083.0,1037437065561.0,0.4931
20241105,601318.SH,20241105,170.1293,175.9081,60057211.0,6976690582.0,1069851283161.0,1.116
20241106,601318.SH,20241106,176.3273,172.1354,63125914.0,7311429314.0,1046906387556.0,1.1731
20241107,601318.SH,20241107,170.6683,182.1659,93213160.0,11055869272.0,1107910673490.0,1.7322
20241108,601318.SH,20241108,183.2438,177.0159,66149512.5,7922272847.0,1076589069966.0,1.2292
20241111,601318.SH,20241111,174.0517,174.8601,45858003.5,5320862805.0,1063477701049.0,0.8522
20241112,601318.SH,20241112,174.8601,170.6982,48144637.5,5557347301.0,1038165474945.0,0.8947
20241113,601318.SH,20241113,169.77,171.2372,30912246.5,3532487702.0,1041443317174.0,0.5744
20241114,601318.SH,20241114,171.2372,170.6683,33161591.5,3815907812.0,1037983372599.0,0.6162
20241115,601318.SH,20241115,170.3688,167.0752,39029857.0,4413936480.0,1016131091071.0,0.7253
20241118,601318.SH,20241118,167.9735,166.9555,34214823.0,3851412802.0,1015402681686.0,0.6358
20241119,601318.SH,20241119,167.6741,166.5063,26409650.0,2934893274.0,1012671146495.0,0.4908
20241120,601318.SH,20241120,166.5363,166.0572,23498572.5,2605295420.0,1009939611304.0,0.4367
20241121,601318.SH,20241121,166.147,166.147,20512244.5,2269302644.0,1010485918342.0,0.3812
20241122,601318.SH,20241122,166.0872,158.7814,50340406.5,5439029187.0,965688741209.0,0.9355
20241125,601318.SH,20241125,158.6915,157.404,35134913.0,3704922205.0,957312033290.0,0.6529
20241126,601318.SH,20241126,157.1945,158.8412,20380911.5,2156122895.0,966052945901.0,0.3787
20241127,601318.SH,20241127,158.8712,160.3383,22223183.0,2366194483.0,975158063205.0,0.413
20241128,601318.SH,20241128,160.3982,159.2006,21275106.5,2268917373.0,968238174054.0,0.3954
20241129,601318.SH,20241129,159.1407,159.4401,28178527.5,3018761403.0,969694992823.0,0.5236
20241202,601318.SH,20241202,159.2904,161.7157,22480295.0,2420512864.0,983534771124.0,0.4177
20241203,601318.SH,20241203,161.2366,162.9732,23502881.5,2544434591.0,991183069659.0,0.4367
20241204,601318.SH,20241204,162.2247,161.4761,19094368.0,2059281654.0,982077952356.0,0.3548
20241205,601318.SH,20241205,160.7575,160.7276,14794441.0,1589274038.0,977525393704.0,0.2749
20241206,601318.SH,20241206,161.0569,165.0392,39491840.5,4338822602.0,1003748131538.0,0.7339
20241209,601318.SH,20241209,164.5302,164.1709,25523172.5,2801288362.0,998467163502.0,0.4743
20241210,601318.SH,20241210,170.3688,166.5363,50049175.0,5649587635.0,1012853248841.0,0.9301
20241211,601318.SH,20241211,166.5063,164.3805,25239212.0,2790301410.0,999741879924.0,0.469
20241212,601318.SH,20241212,164.5601,166.4165,26316792.5,2909611957.0,1012124839457.0,0.489
20241213,601318.SH,20241213,165.2787,160.9072,44354794.0,4798656729.0,978618007780.0,0.8242
20241216,601318.SH,20241216,160.8174,159.0508,32929592.0,3512263334.0,967327662324.0,0.6119
20241217,601318.SH,20241217,158.3921,158.7215,26884686.0,2853899355.0,965324536517.0,0.4996
20241218,601318.SH,20241218,159.6796,158.5119,25223071.5,2683105293.0,964049820095.0,0.4687
20241219,601318.SH,20241219,157.4939,158.3622,20274814.0,2136614147.0,963139308364.0,0.3768
20241220,601318.SH,20241220,158.3622,157.5538,23098271.5,2437090038.0,958222545020.0,0.4292
20241223,601318.SH,20241223,157.5538,158.991,27775273.5,2954746191.0,966963457632.0,0.5161
20241224,601318.SH,20241224,158.9311,161.027,24780458.0,2654767330.0,979346417164.0,0.4605
20241225,601318.SH,20241225,161.1168,161.3863,20869948.0,2249897990.0,981531645317.0,0.3878
20241226,601318.SH,20241226,161.3564,160.0389,18961085.0,2031175519.0,973337039744.0,0.3523
20241227,601318.SH,20241227,160.0389,159.5,26887859.5,2862446917.0,970059197515.0,0.4997
20241230,601318.SH,20241230,159.3503,161.3863,26671891.5,2865180504.0,981531645317.0,0.4956
20241231,601318.SH,20241231,161.0569,157.6436,33855895.0,3607846474.0,958768852059.0,0.6291
20250102,601318.SH,20250102,157.79328600000002,151.8348678,47428958.5,4877807223.0,923440996921.0,0.8814
20250103,601318.SH,20250103,152.70318,150.60725399999998,27567592.5,2788346287.0,915974800732.0,0.5123
20250106,601318.SH,20250106,151.355799,150.72702120000002,20674475.5,2077171909.0,916703210116.0,0.3842
20250107,601318.SH,20250107,150.2778942,150.2180106,19639358.5,1967557698.0,913607470233.0,0.365
20250108,601318.SH,20250108,150.2479524,150.60725399999998,25519152.0,2555823167.0,915974800732.0,0.4742
20250109,601318.SH,20250109,150.4874868,149.14010580000001,20041056.0,2005089617.0,907051785775.0,0.3724
20250110,601318.SH,20250110,149.1700476,146.565111,26135185.5,2576373866.0,891390984013.0,0.4857
20250113,601318.SH,20250113,145.15784639999998,145.4872062,25569657.5,2474824396.0,884835299554.0,0.4752
20250114,601318.SH,20250114,145.4872062,147.7927248,30788720.0,3024006484.0,898857180202.0,0.5721
20250115,601318.SH,20250115,147.463365,147.0441798,22901426.0,2251226874.0,894304621550.0,0.4256
20250116,601318.SH,20250116,147.61307399999998,147.463365,20788053.5,2052212529.0,896854054395.0,0.3863
20250117,601318.SH,20250117,147.014238,147.8526084,23037333.0,2273441157.0,899221384894.0,0.4281
20250120,601318.SH,20250120,148.8706296,149.14010580000001,24586803.5,2458746694.0,907051785775.0,0.4569
20250121,601318.SH,20250121,150.307836,149.409582,20497540.5,2049216698.0,908690706889.0,0.3809
20250122,601318.SH,20250122,148.8706296,146.565111,26539023.0,2606595142.0,891390984013.0,0.4932
20250123,601318.SH,20250123,149.1700476,150.8168466,48455227.5,4910872825.0,917249517155.0,0.9004
20250124,601318.SH,20250124,150.2479524,152.2839948,30838943.0,3140198840.0,926172532112.0,0.5731
20250127,601318.SH,20250127,152.7930054,152.254053,26227374.0,2681560916.0,925990429766.0,0.4874
20250205,601318.SH,20250205,152.6432964,148.8706296,29153615.0,2921528575.0,905412864660.0,0.5418
20250206,601318.SH,20250206,148.9005714,150.457545,20751862.0,2078321191.0,915064289002.0,0.3856
20250207,601318.SH,20250207,150.2479524,152.34387840000002,36290601.0,3679372001.0,926536736804.0,0.6744
20250210,601318.SH,20250210,152.3738202,152.403762,21590742.0,2203839896.0,926900941496.0,0.4012
20250211,601318.SH,20250211,153.302016,151.26597360000002,19092200.0,1931993468.0,919981052346.0,0.3548
20250212,601318.SH,20250212,151.26597360000002,152.9427144,22349689.0,2261445451.0,930178783726.0,0.4153
20250213,601318.SH,20250213,152.4636456,152.7630636,29518166.0,3019334998.0,929086169649.0,0.5485
20250214,601318.SH,20250214,152.67323820000001,154.79910600000002,29988580.5,3080098770.0,941469129182.0,0.5573
20250217,601318.SH,20250217,155.1883494,155.2182912,31285522.0,3245003133.0,944018562027.0,0.5814
20250218,601318.SH,20250218,154.7092806,153.6313758,32504117.0,3362664791.0,934367137685.0,0.604
20250219,601318.SH,20250219,153.2720742,154.05056100000002,23221288.0,2388611401.0,936916570530.0,0.4315
20250220,601318.SH,20250220,153.3918414,152.04446040000002,25769239.0,2620444374.0,924715713343.0,0.4789
20250221,601318.SH,20250221,152.67323820000001,153.302016,33438046.5,3415352331.0,932364011878.0,0.6214
20250224,601318.SH,20250224,153.302016,155.69736,41791137.0,4341042760.0,946932199564.0,0.7766
20250225,601318.SH,20250225,154.20027,152.6432964,32121472.0,3298896562.0,928357760265.0,0.5969
20250226,601318.SH,20250226,153.002598,154.5595716,26828902.5,2758370362.0,940012310413.0,0.4986
20250227,601318.SH,20250227,155.03864040000002,154.5595716,27362004.0,2813972257.0,940012310413.0,0.5085
20250228,601318.SH,20250228,153.900852,150.8467884,40263376.5,4102825272.0,917431619501.0,0.7482
20250303,601318.SH,20250303,151.355799,150.6970794,21158041.5,2135730015.0,916521107770.0,0.3932
20250304,601318.SH,20250304,149.9485344,149.9485344,18621581.5,1867141471.0,911968549119.0,0.346
20250305,601318.SH,20250305,150.2479524,150.8467884,22753588.0,2287766876.0,917431619501.0,0.4228
20250306,601318.SH,20250306,152.0145186,154.6194552,52291050.5,5369202399.0,940376515105.0,0.9717
20250307,601318.SH,20250307,154.49968800000002,154.20027,24073936.0,2481121736.0,937827082261.0,0.4474
20250310,601318.SH,20250310,154.2302118,153.451725,30564171.0,3121852670.0,933274523609.0,0.568
20250311,601318.SH,20250311,151.8348678,154.20027,26457370.0,2702757544.0,937827082261.0,0.4917
20250312,601318.SH,20250312,154.20027,153.152307,23528900.5,2410921164.0,931453500148.0,0.4372
20250313,601318.SH,20250313,153.152307,153.12236520000002,20572415.0,2107254552.0,931271397802.0,0.3823
20250314,601318.SH,20250314,153.6912594,160.0988046,75122432.5,7945017156.0,973701244436.0,1.396
20250317,601318.SH,20250317,160.0988046,159.8293284,30258588.0,3229662145.0,972062323322.0,0.5623
20250318,601318.SH,20250318,160.78746600000002,160.96711679999999,29387001.0,3164655447.0,978982212472.0,0.5461
20250319,601318.SH,20250319,160.7275824,161.8953126,25493710.5,2751845206.0,984627385200.0,0.4737
20250320,601318.SH,20250320,161.835429,157.1645082,57036173.0,6007424559.0,955855214521.0,1.0599
20250321,601318.SH,20250321,156.895032,154.948815,39785734.0,4145943295.0,942379640912.0,0.7393
20250324,601318.SH,20250324,155.1584076,156.0866034,25432845.0,2646991166.0,949299530063.0,0.4726
20250325,601318.SH,20250325,156.146487,155.57759280000002,17220112.0,1790739699.0,946203790180.0,0.32
20250326,601318.SH,20250326,155.6374764,154.8589896,20199730.5,2094936176.0,941833333874.0,0.3754
20250327,601318.SH,20250327,154.8290478,155.87701080000002,21608436.0,2248679011.0,948024813640.0,0.4015
20250328,601318.SH,20250328,156.296196,155.57759280000002,17683176.5,1841078406.0,946203790180.0,0.3286
20250331,601318.SH,20250331,155.397942,154.58951340000002,23419485.5,2423816080.0,940194412759.0,0.4352
20250401,601318.SH,20250401,154.49968800000002,154.5595716,19716028.5,2035352505.0,940012310413.0,0.3664
20250402,601318.SH,20250402,154.43980439999999,155.2781748,14163713.5,1467236071.0,944382766719.0,0.2632
20250403,601318.SH,20250403,153.8709102,154.14038639999998,18667391.0,1927750540.0,937462877568.0,0.3469
20250407,601318.SH,20250407,147.61307399999998,145.3973808,86377920.5,8362219629.0,884288992516.0,1.6051
20250408,601318.SH,20250408,145.367439,147.4933068,55876488.5,5446468218.0,897036156741.0,1.0383
20250409,601318.SH,20250409,146.115984,146.5052274,36895325.0,3604799242.0,891026779321.0,0.6856
20250410,601318.SH,20250410,147.7927248,148.15202639999998,32895772.5,3258096138.0,901042408354.0,0.6113
20250411,601318.SH,20250411,148.15202639999998,147.762783,22506053.0,2216984586.0,898675077855.0,0.4182
20250414,601318.SH,20250414,148.51132800000002,148.15202639999998,19374207.0,1922228962.0,901042408354.0,0.36
20250415,601318.SH,20250415,148.15202639999998,149.1999894,20388105.5,2021902572.0,907415990467.0,0.3789
20250416,601318.SH,20250416,148.8706296,149.34969840000002,23396175.0,2323052330.0,908326502197.0,0.4348
20250417,601318.SH,20250417,148.7808042,150.1880688,18852144.5,1884423296.0,913425367887.0,0.3503
20250418,601318.SH,20250418,149.858709,151.0264392,16940550.0,1706307228.0,918524233577.0,0.3148
20250421,601318.SH,20250421,150.906672,150.5473704,13189203.0,1329681852.0,915610596040.0,0.2451
20250422,601318.SH,20250422,150.307836,151.4156826,17754891.5,1793621626.0,920891564076.0,0.3299
20250423,601318.SH,20250423,151.98457679999999,151.80492600000002,14938660.5,1515452317.0,923258894575.0,0.2776
20250424,601318.SH,20250424,151.80492600000002,153.3618996,21191971.5,2170142049.0,932728216571.0,0.3938
20250425,601318.SH,20250425,153.42178320000002,153.6912594,18424969.5,1894916291.0,934731342377.0,0.3424
20250428,601318.SH,20250428,150.96655560000002,153.3319578,25933275.0,2632952959.0,932546114224.0,0.4819
20250429,601318.SH,20250429,153.2121906,152.70318,16877002.5,1725062887.0,928721964957.0,0.3136
20250430,601318.SH,20250430,153.002598,151.8348678,18897213.0,1927976843.0,923440996921.0,0.3512
20250506,601318.SH,20250506,152.70318,152.104344,19575622.5,1992284115.0,925079918036.0,0.3638
20250507,601318.SH,20250507,153.96073560000002,153.2421324,21031986.0,2156676084.0,931999807186.0,0.3908
20250508,601318.SH,20250508,152.7331218,155.57759280000002,33567496.5,3487932290.0,946203790180.0,0.6238
20250509,601318.SH,20250509,155.4278838,154.948815,14535461.5,1507958915.0,942379640912.0,0.2701
20250512,601318.SH,20250512,156.3860214,157.49386800000002,28868585.0,3028226079.0,957858340328.0,0.5365
20250513,601318.SH,20250513,158.0627622,157.0746828,20196006.0,2117089329.0,955308907483.0,0.3753
20250514,601318.SH,20250514,157.04474100000002,163.7517042,78861480.5,8541172666.0,995917730657.0,1.4655
20250515,601318.SH,20250515,162.8534502,162.434265,28465171.0,3095268721.0,987905227430.0,0.529
20250516,601318.SH,20250516,161.835429,159.8592702,23306475.5,2499109899.0,972244425668.0,0.4331
20250519,601318.SH,20250519,159.5598522,159.58979399999998,16213312.0,1730493312.0,970605504553.0,0.3013
20250520,601318.SH,20250520,160.03892100000002,160.7275824,17633450.0,1895934592.0,977525393704.0,0.3277
20250521,601318.SH,20250521,160.78746600000002,161.236593,16653291.0,1800759244.0,980621133587.0,0.3095
20250522,601318.SH,20250522,160.96711679999999,161.2066512,12032882.5,1294403114.0,980439031241.0,0.2236
20250523,601318.SH,20250523,161.11682580000002,159.3802014,21524568.0,2314052457.0,969330788131.0,0.4
20250526,601318.SH,20250526,159.1706088,159.889212,19406484.0,2078107531.0,972426528014.0,0.3606
20250527,601318.SH,20250527,159.889212,159.889212,12786265.5,1368911112.0,972426528014.0,0.2376
20250528,601318.SH,20250528,159.889212,159.5598522,13084897.0,1396312012.0,970423402207.0,0.2432
20250529,601318.SH,20250529,159.58979399999998,160.24851360000002,17434131.0,1868004330.0,974611756167.0,0.324
20250530,601318.SH,20250530,159.7993866,159.5299104,20861927.5,2221553128.0,970241299861.0,0.3877
20250603,601318.SH,20250603,159.3203178,161.236593,22686910.5,2430686987.0,980621133587.0,0.4216
20250604,601318.SH,20250604,160.5179898,160.96711679999999,21544840.5,2322941429.0,978982212472.0,0.4004
20250605,601318.SH,20250605,160.9970586,161.65577820000001,20954995.0,2260023900.0,983170566432.0,0.3894
20250606,601318.SH,20250606,161.68572,159.9191538,20427665.0,2191002621.0,972608630360.0,0.3796
20250609,601318.SH,20250609,160.338339,160.8473496,19894363.5,2137162081.0,978253803088.0,0.3697
20250610,601318.SH,20250610,160.8174078,159.9790374,23353972.5,2510066317.0,972972835052.0,0.434
20250611,601318.SH,20250611,159.889212,163.0630428,34091507.5,3704026068.0,991729376697.0,0.6335
20250612,601318.SH,20250612,162.58397399999998,164.11100580000002,29499953.0,3231103730.0,998102958810.0,0.5482
20250613,601318.SH,20250613,164.1708894,163.12292639999998,24011448.0,2616565694.0,992093581389.0,0.4462
20250616,601318.SH,20250616,162.6737994,162.64385760000002,24838537.5,2697778320.0,989179943852.0,0.4616
20250617,601318.SH,20250617,162.58397399999998,162.3743814,25314439.0,2745763183.0,987541022738.0,0.4704
20250618,601318.SH,20250618,162.2246724,161.11682580000002,23468190.0,2518852918.0,979892724203.0,0.4361
20250619,601318.SH,20250619,160.7575242,159.290376,20094039.0,2143533731.0,968784481092.0,0.3734
20250620,601318.SH,20250620,159.2604342,163.9014132,42371523.5,4606219515.0,996828242387.0,0.7874
20250623,601318.SH,20250623,163.18281000000002,164.979318,30735256.5,3373267494.0,1003383926846.0,0.5711
20250624,601318.SH,20250624,165.3086778,170.0394822,52039894.5,5873914857.0,1034159223332.0,0.967
20250625,601318.SH,20250625,170.069424,173.30313840000002,52306566.0,5998384734.0,1054008379053.0,0.972
20250626,601318.SH,20250626,173.0336622,172.4048844,25036990.5,2888896788.0,1048545308671.0,0.4653
20250627,601318.SH,20250627,172.4048844,170.54849280000002,33381583.5,3832894682.0,1037254963215.0,0.6203
20250630,601318.SH,20250630,170.99438999999998,170.93277039999998,28239097.5,3133724720.0,1010303815996.0,0.5248
20250701,601318.SH,20250701,171.48734679999998,171.610586,17637318.0,1961556961.0,1014310067610.0,0.3278
20250702,601318.SH,20250702,171.610586,171.9494938,19781451.0,2204210316.0,1016313193417.0,0.3676
20250703,601318.SH,20250703,172.226782,171.91868399999998,16255030.0,1817404362.0,1016131091071.0,0.3021
20250704,601318.SH,20250704,171.610586,174.29103859999998,32727202.5,3695501729.0,1030152971718.0,0.6082
20250707,601318.SH,20250707,174.3526582,173.85970139999998,16088139.0,1813966809.0,1027603538873.0,0.299
20250708,601318.SH,20250708,173.767272,173.921321,17172986.0,1939149952.0,1027967743565.0,0.3191
20250709,601318.SH,20250709,173.921321,172.226782,19773139.5,2223715808.0,1017952114531.0,0.3674
20250710,601318.SH,20250710,172.226782,176.01638739999999,41444076.5,4726621457.0,1040350703098.0,0.7701
20250711,601318.SH,20250711,175.61586,177.8033558,53821447.0,6269330973.0,1050912639170.0,1.0002
20250714,601318.SH,20250714,177.7417362,177.3720186,22452881.0,2598863547.0,1048363206325.0,0.4172
20250715,601318.SH,20250715,177.926595,175.923958,22086276.5,2535144762.0,1039804396060.0,0.4104
20250716,601318.SH,20250716,176.13962659999999,175.09209339999998,24091230.0,2728239344.0,1034887632716.0,0.4477
20250717,601318.SH,20250717,174.691566,175.0304738,13856171.5,1575012870.0,1034523428024.0,0.2575
20250718,601318.SH,20250718,175.461811,175.83152859999998,21811997.5,2492884493.0,1039258089021.0,0.4053
20250721,601318.SH,20250721,176.07800699999999,176.20124619999999,23336671.5,2671242929.0,1041443317174.0,0.4337
20250722,601318.SH,20250722,176.20124619999999,174.691566,34760162.5,3930402694.0,1032520302217.0,0.6459
20250723,601318.SH,20250723,175.1229032,178.69683999999998,43470337.0,5020698335.0,1056193607206.0,0.8078
20250724,601318.SH,20250724,178.6044106,180.6686672,35386869.0,4142271385.0,1067848157354.0,0.6576
20250725,601318.SH,20250725,179.62113399999998,178.94331839999998,25416728.5,2958837440.0,1057650425975.0,0.4723
20250728,601318.SH,20250728,179.313036,185.1360882,61060866.5,7297531197.0,1094252997535.0,1.1347
20250729,601318.SH,20250729,185.0436588,183.28750019999998,28304600.0,3380012575.0,1083326856770.0,0.526
20250730,601318.SH,20250730,183.25669039999997,187.0462958,46099635.5,5600001966.0,1105543342991.0,0.8567
20250731,601318.SH,20250731,186.1220018,180.82271619999997,41380035.0,4910516274.0,1068758669085.0,0.769
20250801,601318.SH,20250801,180.7919064,179.313036,24439312.0,2860162236.0,1059835654127.0,0.4542
20250804,601318.SH,20250804,179.00493799999998,179.3438458,18003916.0,2092312969.0,1060017756473.0,0.3346
20250805,601318.SH,20250805,179.62113399999998,182.2091572,24147807.0,2837798909.0,1076953274658.0,0.4487
20250806,601318.SH,20250806,182.2091572,181.9626788,16223436.5,1916931441.0,1075496455889.0,0.3015
20250807,601318.SH,20250807,182.11672779999998,181.4081024,16398576.5,1932522823.0,1072218613660.0,0.3047
20250808,601318.SH,20250808,181.4081024,180.3605692,19896666.0,2331643860.0,1066027133894.0,0.3697
20250811,601318.SH,20250811,181.0691946,180.1449006,21593455.5,2535939661.0,1064752417471.0,0.4013
20250812,601318.SH,20250812,180.1449006,181.007575,21349272.5,2507882892.0,1069851283161.0,0.3967
20250813,601318.SH,20250813,181.5313416,180.5762378,36422660.0,4285477115.0,1067301850316.0,0.6768
20250814,601318.SH,20250814,181.161624,183.68802759999997,51138375.5,6132887145.0,1085694187269.0,0.9503
20250815,601318.SH,20250815,183.626408,184.24260399999997,44648405.5,5342602447.0,1088972029499.0,0.8297
20250818,601318.SH,20250818,184.6123216,182.8253532,47863141.0,5730767230.0,1080595321579.0,0.8894
20250819,601318.SH,20250819,184.15017459999999,179.313036,47740498.0,5626016600.0,1059835654127.0,0.8872
20250820,601318.SH,20250820,178.9741282,182.394016,38136242.0,4453267555.0,1078045888734.0,0.7087
20250821,601318.SH,20250821,182.394016,183.68802759999997,28730046.5,3420554066.0,1085694187269.0,0.5339
20250822,601318.SH,20250822,183.34911979999998,186.39928999999998,39048713.5,4689312103.0,1101719193724.0,0.7256
20250825,601318.SH,20250825,186.70738799999998,187.93977999999998,33505634.0,4065994394.0,1110824311027.0,0.6226
20250826,601318.SH,20250826,187.63168199999998,186.4609096,24599314.0,2984830238.0,1102083398416.0,0.4571
20250827,601318.SH,20250827,186.0295724,180.82271619999997,53227893.0,6325335934.0,1068758669085.0,0.9891
20250828,601318.SH,20250828,181.007575,181.2848632,31805233.0,3734301053.0,1071490204276.0,0.591
20250829,601318.SH,20250829,181.623771,184.4890824,54015461.5,6488619820.0,1090428848267.0,1.0038
20250901,601318.SH,20250901,184.21179419999999,180.26813979999997,47426244.5,5566516443.0,1065480826856.0,0.8813
20250902,601318.SH,20250902,180.23733,180.7302868,32451816.5,3797585375.0,1068212362047.0,0.603
20250903,601318.SH,20250903,181.5929612,178.0190244,35737321.0,4150607723.0,1046259554471.0,0.6705
20250904,601318.SH,20250904,177.9882146,177.15635,36371803.5,4183559781.0,1041189414713.0,0.6824
20250905,601318.SH,20250905,177.15635,178.38874199999998,27909213.5,3207319735.0,1048432471511.0,0.5236
20250908,601318.SH,20250908,177.95740479999998,177.772546,24386669.5,2814135142.0,1044810943112.0,0.4575
20250909,601318.SH,20250909,177.95740479999998,178.69683999999998,25945572.0,3004298501.0,1050243235710.0,0.4868
20250910,601318.SH,20250910,177.9882146,178.2963126,15423487.0,1786675715.0,1047889242251.0,0.2894
20250911,601318.SH,20250911,178.38874199999998,180.82271619999997,29753603.5,3464480190.0,1062737508687.0,0.5582
20250912,601318.SH,20250912,181.7162004,177.71092639999998,36768813.5,4277497749.0,1044448790272.0,0.6898
20250915,601318.SH,20250915,177.618497,176.6325834,27342121.0,3147658745.0,1038111115573.0,0.513
20250916,601318.SH,20250916,176.694203,174.4450876,34285680.5,3894056719.0,1025254689757.0,0.6433
20250917,601318.SH,20250917,174.56832679999997,174.29103859999998,34232593.5,3878151157.0,1024349307657.0,0.6423
20250918,601318.SH,20250918,174.5067072,170.3165744,50603678.0,5649599209.0,1000990449484.0,0.9494
20250919,601318.SH,20250919,170.3473842,169.761998,27166055.5,3008279780.0,997731073925.0,0.5097
20250922,601318.SH,20250922,170.5938626,169.916047,18721884.0,2068811784.0,998636456024.0,0.3513
20250923,601318.SH,20250923,169.5463294,169.5155196,30648048.0,3385890145.0,996282462565.0,0.575
20250924,601318.SH,20250924,170.3473842,170.3473842,25158716.5,2781363925.0,1001171525904.0,0.472
20250925,601318.SH,20250925,170.3165744,169.7311882,25714808.0,2838283234.0,997549997505.0,0.4825
20250926,601318.SH,20250926,169.5155196,170.13171559999998,27431093.5,3021459544.0,999903990964.0,0.5147
20250929,601318.SH,20250929,170.00847639999998,172.56568979999997,51755496.0,5816595783.0,1014209028140.0,0.971
20250930,601318.SH,20250930,171.91868399999998,169.7928078,38354093.5,4247640485.0,997912150344.0,0.7196
20251009,601318.SH,20251009,169.57713919999998,169.57713919999998,41203374.0,4521397150.0,996644615405.0,0.773
20251010,601318.SH,20251010,168.6220354,171.11762919999998,32073266.0,3560844773.0,1005698436402.0,0.6017
20251013,601318.SH,20251013,167.94421979999998,169.761998,30482799.0,3353288998.0,997731073925.0,0.5719
20251014,601318.SH,20251014,171.24086839999998,174.0137504,51147012.5,5757976241.0,1022719619878.0,0.9596
20251015,601318.SH,20251015,174.0137504,178.1114538,41852314.0,4793965559.0,1046802783731.0,0.7852
20251016,601318.SH,20251016,177.71092639999998,178.7584596,34073910.0,3966486441.0,1050605388550.0,0.6393
20251017,601318.SH,20251017,178.69683999999998,176.4785344,33874640.5,3916934527.0,1037205733474.0,0.6355
20251020,601318.SH,20251020,179.7135634,178.38874199999998,26334734.5,3058431634.0,1048432471511.0,0.4941
20251021,601318.SH,20251021,178.4811714,178.94331839999998,38110024.5,4456452771.0,1051691847070.0,0.715
20251022,601318.SH,20251022,178.69683999999998,179.3438458,18994633.0,2211002991.0,1054045840529.0,0.3564
20251023,601318.SH,20251023,179.37465559999998,181.007575,25175052.0,2943942596.0,1063823967206.0,0.4723
20251024,601318.SH,20251024,182.0723868,181.2581656,27912085.0,3240224545.0,1048070318671.0,0.5237
20251027,601318.SH,20251027,181.63396,180.851055,34250219.0,3964893063.0,1045716325211.0,0.6426
20251028,601318.SH,20251028,180.9763198,180.8823712,24565254.0,2842864953.0,1045897401631.0,0.4609
20251029,601318.SH,20251029,183.512932,184.608999,52221580.5,6172236795.0,1067445495605.0,0.9798
20251030,601318.SH,20251030,185.705066,183.669513,37285641.5,4424147711.0,1062013203007.0,0.6995
20251031,601318.SH,20251031,184.7342638,181.1015846,28627077.0,3331214748.0,1047164936571.0,0.5371
20251103,601318.SH,20251103,182.4794974,182.6047622,20571516.5,2399870470.0,1055856604728.0,0.386
20251104,601318.SH,20251104,182.730027,184.5776828,25906300.0,3045009961.0,1067264419185.0,0.486
20251105,601318.SH,20251105,182.886608,182.6360784,20107892.5,2348603001.0,1056037681148.0,0.3773
20251106,601318.SH,20251106,182.730027,184.452418,27367299.5,3224909538.0,1066540113506.0,0.5135
20251107,601318.SH,20251107,184.0766236,184.4211018,18595520.5,2191134861.0,1066359037086.0,0.3489
20251110,601318.SH,20251110,184.295837,185.705066,26474360.5,3132320906.0,1073783170304.0,0.4967
20251111,601318.SH,20251111,185.705066,185.391904,18125188.0,2143772917.0,1071972406104.0,0.3401
20251112,601318.SH,20251112,185.705066,187.9911486,74512292.0,8994592304.0,1087001748960.0,1.398
20251113,601318.SH,20251113,188.8053698,190.6530256,44509349.5,5421878882.0,1102393244656.0,0.8351
20251114,601318.SH,20251114,190.559077,189.932753,37637050.5,4630168806.0,1098228486997.0,0.7061
20251117,601318.SH,20251117,190.0580178,187.3648246,28009858.0,3354710745.0,1083380220561.0,0.5255
20251118,601318.SH,20251118,186.8637654,186.7071844,22285609.0,2663627684.0,1079577615742.0,0.4181
20251119,601318.SH,20251119,187.270876,189.0558994,35293254.5,4268493624.0,1093158347238.0,0.6622
20251120,601318.SH,20251120,189.776172,188.523524,19724532.0,2387256691.0,1090080048099.0,0.3701
20251121,601318.SH,20251121,187.8972,184.4837342,34278984.5,4067315652.0,1066721189925.0,0.6431
20251124,601318.SH,20251124,185.2666392,182.886608,26735459.5,3141756214.0,1057486292508.0,0.5016
20251125,601318.SH,20251125,183.7634616,186.2374414,24388548.5,2887514429.0,1076861469443.0,0.4576
20251126,601318.SH,20251126,186.83244919999999,187.2082436,21734636.5,2598031333.0,1082474838461.0,0.4078
20251127,601318.SH,20251127,186.33139,185.8303308,25285043.5,2993560813.0,1074507475983.0,0.4744
20251128,601318.SH,20251128,185.4232202,184.7342638,21677907.0,2553839886.0,1068169801285.0,0.4067
20251201,601318.SH,20251201,184.4837342,183.6068806,22290203.0,2614280156.0,1061651050167.0,0.4182
20251202,601318.SH,20251202,184.139256,184.139256,18691867.0,2200530387.0,1064729349306.0,0.3507
20251203,601318.SH,20251203,183.982675,182.730027,16774723.5,1961924291.0,1056580910408.0,0.3147
20251204,601318.SH,20251204,182.730027,183.356351,10883183.0,1271252461.0,1060202438807.0,0.2042
20251205,601318.SH,20251205,183.669513,194.1291238,68897413.5,8385205488.0,1122492727270.0,1.2926
20251208,601318.SH,20251208,194.2857048,198.54470799999999,51498934.0,6514118720.0,1148024502483.0,0.9662
20251209,601318.SH,20251209,198.54470799999999,195.569669,24186551.0,3044070518.0,1130822242588.0,0.4538
20251210,601318.SH,20251210,196.22730919999998,195.88283099999998,22441109.0,2808948857.0,1132633006787.0,0.421
20251211,601318.SH,20251211,196.66573599999998,195.8201986,23898170.0,2990603756.0,1132270853947.0,0.4484
20251212,601318.SH,20251212,195.9141472,200.14183419999998,54588012.5,6926125694.0,1157259399900.0,1.0242
20251215,601318.SH,20251215,199.4215616,210.06906959999998,77332130.0,10258390316.0,1214660625025.0,1.4509
20251216,601318.SH,20251216,208.91037019999996,209.81853999999998,52841067.0,7074646043.0,1213212013665.0,0.9914
20251217,601318.SH,20251217,209.97512099999997,213.10674099999997,48105889.0,6513277291.0,1232225037760.0,0.9025
20251218,601318.SH,20251218,212.57436559999996,214.51596999999998,28180295.0,3839846393.0,1240373476658.0,0.5287
20251219,601318.SH,20251219,213.419903,215.29887499999998,31923821.5,4363697642.0,1244900387156.0,0.5989
20251222,601318.SH,20251222,215.142294,214.6412348,27847100.5,3824247200.0,1241097782337.0,0.5225
20251223,601318.SH,20251223,214.7038672,217.61627379999996,38285995.5,5324655842.0,1258300042233.0,0.7183
20251224,601318.SH,20251224,216.6141554,216.17572859999999,25565975.0,3522990020.0,1249970526915.0,0.4797
20251225,601318.SH,20251225,216.08177999999998,221.718696,38894906.5,5513013481.0,1282021053246.0,0.7297
20251226,601318.SH,20251226,220.59131279999997,222.8460792,32850838.5,4689142906.0,1288539804364.0,0.6163
20251229,601318.SH,20251229,222.34501999999998,218.8376056,32783259.0,4622483554.0,1265362022611.0,0.6151
20251230,601318.SH,20251230,218.43049499999998,215.45545599999997,52333686.0,7226865062.0,1245805769256.0,0.9819
20251231,601318.SH,20251231,215.39282359999999,214.202808,22903434.5,3141993177.0,1238562712458.0,0.4297
20260105,601318.SH,20260105,216.7081,226.604,61441550.0,8824564893.0,1310268974758.0,1.1527
20260106,601318.SH,20260106,226.7293,232.742,73425824.0,10867519151.0,1345759953068.0,1.3776
20260107,601318.SH,20260107,231.3954,230.0175,45984753.0,6796568402.0,1330006304533.0,0.8627
20260108,601318.SH,20260108,229.767,220.4034,84269586.5,11969587226.0,1274415843608.0,1.581
20260109,601318.SH,20260109,221.0924,216.0818,103167412.5,14285738425.0,1249427297655.0,1.9356
20260112,601318.SH,20260112,215.7686,211.5409,92583059.0,12546774433.0,1223171216762.0,1.737
20260113,601318.SH,20260113,212.3238,213.5765,75107525.0,10342110580.0,1234941184059.0,1.4091
20260114,601318.SH,20260114,214.0462,209.8185,71555450.0,9691268750.0,1213212013665.0,1.3425
20260115,601318.SH,20260115,209.5054,211.1025,53330713.0,7195271140.0,1220636146883.0,1.0006
20260116,601318.SH,20260116,211.6975,207.7204,67804997.0,9017682809.0,1201079893528.0,1.2721
20260119,601318.SH,20260119,207.5638,207.6264,41934053.0,5560566590.0,1200536664269.0,0.7868
20260120,601318.SH,20260120,207.783,208.5659,49424999.5,6611639902.0,1205968956867.0,0.9273
20260121,601318.SH,20260121,208.6912,206.2172,46770106.5,6198978527.0,1192388225371.0,0.8775
20260122,601318.SH,20260122,207.094,202.929,57196113.0,7455922559.0,1173375201276.0,1.0731
20260123,601318.SH,20260123,204.1816,200.1105,70384941.5,9048849720.0,1157078323481.0,1.3205
20260126,601318.SH,20260126,200.4237,200.8621,100692298.0,13083521294.0,1161424157559.0,1.8891
20260127,601318.SH,20260127,201.3944822,204.5261022,75442052.5,9868833866.0,1182610098693.0,1.4154
20260128,601318.SH,20260128,206.2798094,202.772395,99642709.0,12952514678.0,1172469819176.0,1.8695
20260129,601318.SH,20260129,203.6492486,212.95015999999998,137785666.0,18287719695.0,1231319655660.0,2.5851
20260130,601318.SH,20260130,212.9814762,209.03563499999998,80161418.0,10768334982.0,1208685103166.0,1.504
20260202,601318.SH,20260202,207.78298699999996,206.74955239999997,67727427.0,9059867836.0,1195466524510.0,1.2707
20260203,601318.SH,20260203,209.505378,208.50325959999998,51661252.5,6862044454.0,1205606804027.0,0.9692
20260204,601318.SH,20260204,208.096149,211.071188,43870153.5,5866716207.0,1220455070463.0,0.8231
20260205,601318.SH,20260205,210.3509154,210.91460699999996,45409560.5,6088193606.0,1219549688363.0,0.852
20260206,601318.SH,20260206,209.44274559999997,209.505378,37463744.0,5011778788.0,1211401249466.0,0.7029
20260209,601318.SH,20260209,211.227769,215.142294,51061845.0,6973342327.0,1243995005057.0,0.958
20260210,601318.SH,20260210,215.17361019999996,213.54516779999997,27436739.0,3743029914.0,1234760107639.0,0.5148
20260211,601318.SH,20260211,213.73306499999998,211.38434999999998,30901598.5,4178546001.0,1222265834663.0,0.5798
20260212,601318.SH,20260212,211.69751199999996,208.3779948,32318577.5,4320770033.0,1204882498347.0,0.6063
20260213,601318.SH,20260213,207.156663,204.4634698,42038592.0,5509966026.0,1182247945854.0,0.7887
20260225,601318.SH,20260225,202.615814,203.71188099999998,34177786.0,4452349687.0,1177902111775.0,0.6412
20260226,601318.SH,20260226,205.12111,198.85787,51807321.0,6614432347.0,1149835266683.0,0.972
20260227,601318.SH,20260227,199.171032,197.5739058,31650606.5,4006459826.0,1142411133465.0,0.5938
20260302,601318.SH,20260302,195.44440419999998,195.256507,50543092.0,6295717498.0,1129011478388.0,0.9483
20260303,601318.SH,20260303,195.569669,195.9454634,54776735.0,6885778079.0,1132995159627.0,1.0277
20260304,601318.SH,20260304,194.786764,193.5027998,50406680.5,6196271382.0,1118871198871.0,0.9457
20260306,601318.SH,20260306,193.5027998,196.2586254,28731646.0,3590186818.0,1134805923827.0,0.5391
20260309,601318.SH,20260309,192.4067328,192.281468,46518411.5,5663230289.0,1111809218493.0,0.8728
20260310,601318.SH,20260310,193.7220132,194.4422858,23109181.0,2866994902.0,1124303491470.0,0.4336
20260311,601318.SH,20260311,194.4422858,195.88283099999998,25863524.0,3234820115.0,1132633006787.0,0.4852
20260312,601318.SH,20260312,194.630183,192.907792,33427093.0,4123729384.0,1115430746892.0,0.6271
20260313,601318.SH,20260313,192.18751939999999,191.655144,22902053.5,2813751146.0,1108187690094.0,0.4297
20260316,601318.SH,20260316,191.655144,189.40037759999998,40929785.5,4946355959.0,1095150187858.0,0.7679
20260317,601318.SH,20260317,189.7448558,193.6593808,45092494.0,5591874769.0,1119776580971.0,0.846
20260318,601318.SH,20260318,193.75332939999998,193.8159618,24523541.5,3034276337.0,1120681963071.0,0.4601
20260319,601318.SH,20260319,191.655144,189.8388044,34236101.5,4158160919.0,1097685257737.0,0.6423
20260320,601318.SH,20260320,190.40249599999999,187.0829788,31038351.5,3738267788.0,1081750532781.0,0.5823
20260323,601318.SH,20260323,184.452418,179.9742014,62691130.5,7264101524.0,1040646185453.0,1.1762
20260324,601318.SH,20260324,181.63396,182.0097544,34093491.0,3949789641.0,1052416152749.0,0.6396
20260325,601318.SH,20260325,183.19977,184.1079398,28119427.0,3309846362.0,1064548272886.0,0.5276
20260326,601318.SH,20260326,184.0766236,177.876016,50594817.0,5801815138.0,1028514065316.0,0.9492
20260327,601318.SH,20260327,178.0639132,178.345759,41718929.0,4753261022.0,1031230211615.0,0.7827
20260330,601318.SH,20260330,176.4354708,176.4041546,36877220.5,4139267846.0,1020003473578.0,0.6919
20260331,601318.SH,20260331,176.2788898,177.8133836,38205688.5,4363799010.0,1028151912476.0,0.7168
20260401,601318.SH,20260401,180.3186796,182.1976516,34201748.0,3964968442.0,1053502611269.0,0.6417
20260402,601318.SH,20260402,181.63396,179.3165612,22989701.5,2642755831.0,1036843580634.0,0.4313
20260403,601318.SH,20260403,180.3186796,179.285245,17183882.5,1975820960.0,1036662504214.0,0.3224
20260407,601318.SH,20260407,179.441826,177.5315378,25192918.0,2865555758.0,1026522224697.0,0.4727
20260408,601318.SH,20260408,181.63396,186.174809,56076352.0,6612867449.0,1076499316603.0,1.0521
20260409,601318.SH,20260409,184.76558,183.9513588,28510063.0,3341224254.0,1063642890786.0,0.5349
20260410,601318.SH,20260410,184.76558,184.2018884,31895624.5,3778347094.0,1065091502146.0,0.5984
20260413,601318.SH,20260413,182.260284,180.851055,34227199.5,3959480166.0,1045716325211.0,0.6422
20260414,601318.SH,20260414,182.3542326,184.6716314,33757110.0,3965283533.0,1067807648445.0,0.6333
20260415,601318.SH,20260415,186.018228,183.826094,25685632.5,3032393651.0,1062918585107.0,0.4819
20260416,601318.SH,20260416,183.8574102,183.2624024,27218393.0,3190206251.0,1059659209547.0,0.5107
20260417,601318.SH,20260417,182.886608,181.3834304,30616192.0,3550736121.0,1048794624350.0,0.5744
20260420,601318.SH,20260420,181.2268494,183.3250348,31671844.0,3690691462.0,1060021362387.0,0.5942
20260421,601318.SH,20260421,183.3250348,181.7279086,27201018.0,3179298446.0,1050786464970.0,0.5103
20260422,601318.SH,20260422,181.7279086,181.7279086,28978512.5,3364574054.0,1050786464970.0,0.5437
20260423,601318.SH,20260423,181.5713276,181.2581656,33058702.5,3829528934.0,1048070318671.0,0.6202
20260424,601318.SH,20260424,180.7257902,180.9450036,27700102.0,3188079037.0,1046259554471.0,0.5197
20260427,601318.SH,20260427,181.007636,180.224731,32033538.0,3708625921.0,1042094796812.0,0.601
20260428,601318.SH,20260428,179.9742014,180.4752606,31230115.5,3597829250.0,1043543408172.0,0.5859
20260429,601318.SH,20260429,180.4439444,186.1121766,80465728.5,9481901998.0,1076137163763.0,1.5097
20260430,601318.SH,20260430,185.1413744,185.9242794,53150522.0,6353995428.0,1075050705243.0,0.9972
20260506,601318.SH,20260506,185.9555956,185.8929632,45254157.5,5373455216.0,1074869628823.0,0.849
20260507,601318.SH,20260507,186.644552,188.0224648,65687410.5,7920220894.0,1087182825380.0,1.2324
20260508,601318.SH,20260508,187.584038,188.0850972,36602459.5,4392260153.0,1087544978220.0,0.6867
20260511,601318.SH,20260511,187.2082436,188.210362,48099537.0,5766761256.0,1088269283900.0,0.9024
20260512,601318.SH,20260512,188.210362,186.018228,34500362.5,4123942070.0,1075593934503.0,0.6473
20260513,601318.SH,20260513,185.7676984,181.7592248,51717254.0,6026385945.0,1050967541390.0,0.9703
20260514,601318.SH,20260514,182.4481812,178.189178,45359333.5,5211793925.0,1030324829516.0,0.851
20260515,601318.SH,20260515,178.4397076,173.80490999999998,59095188.0,6613205579.0,1004974130723.0,1.1087
20260518,601318.SH,20260518,173.491748,171.89462179999998,40520772.5,4441031983.0,993928469106.0,0.7602
20260519,601318.SH,20260519,172.27041619999997,170.6106576,41956119.5,4578893673.0,986504335888.0,0.7872
20260520,601318.SH,20260520,170.36012799999997,169.45195819999998,37194461.5,4022984705.0,979804508349.0,0.6978
20260521,601318.SH,20260521,170.516709,168.35589119999997,51796542.0,5646669982.0,973466833651.0,0.9718
20260522,601318.SH,20260522,169.45195819999998,168.10536159999998,33484966.5,3603724584.0,972018222292.0,0.6282
20260525,601318.SH,20260525,168.57510459999997,169.79643639999998,43398832.0,4694584484.0,981796348969.0,0.8142
20260526,601318.SH,20260526,169.57722299999998,169.9530174,45500494.5,4946050442.0,982701731069.0,0.8537
20260527,601318.SH,20260527,169.98433359999999,166.8213974,43100574.0,4614798491.0,964594089074.0,0.8086
20260528,601318.SH,20260528,166.79008119999997,164.31610139999998,43780008.0,4602192065.0,950107975478.0,0.8214
20260529,601318.SH,20260529,164.6918958,167.54166999999998,50005629.0,5326303204.0,968758846733.0,0.9382
20260601,601318.SH,20260601,167.5103538,168.637737,38765330.0,4162422693.0,975096521431.0,0.7273
20260602,601318.SH,20260602,168.66905319999998,169.35800959999997,39247052.0,4245154925.0,979261279090.0,0.7363
20260603,601318.SH,20260603,169.2953772,168.167994,31253306.5,3361445868.0,972380375132.0,0.5864
20260604,601318.SH,20260604,167.88614819999998,166.69613259999997,28811294.0,3084164360.0,963869783394.0,0.5405
20260605,601318.SH,20260605,166.91534599999997,167.47903759999997,46858255.0,5047248522.0,968396693893.0,0.8791
20260608,601318.SH,20260608,166.1637572,167.1658756,36027015.5,3845596526.0,966585929693.0,0.6759
20260609,601318.SH,20260609,166.53955159999998,168.88826659999998,35501500.5,3811033908.0,976545132790.0,0.6661
20260610,601318.SH,20260610,169.11444,172.2539808,45161763.0,4779498278.0,963688706974.0,0.8473
20260611,601318.SH,20260611,172.2539808,170.3767296,32382073.5,3426033713.0,953186274617.0,0.6075
20260612,601318.SH,20260612,169.7941344,174.8109264,55147627.0,5923966809.0,977993744150.0,1.0347
20260615,601318.SH,20260615,175.749552,175.5229872,50528827.5,5527730148.0,981977425389.0,0.948
20260616,601318.SH,20260616,174.7461936,171.5095536,40625395.0,4325837393.0,959523949315.0,0.7622
20260617,601318.SH,20260617,172.3187136,170.76512639999999,32695288.0,3453554961.0,955359191656.0,0.6134
20260618,601318.SH,20260618,170.2148976,159.8252832,108916054.0,10954978558.0,894155361713.0,2.0434
20260622,601318.SH,20260622,159.8576496,168.24054719999998,86248616.0,8759839755.0,941235230900.0,1.6182
20260623,601318.SH,20260623,166.5574944,163.126656,61005795.0,6233635916.0,912625156548.0,1.1446
20260624,601318.SH,20260624,164.0652816,158.98375679999998,54707882.5,5415518285.0,889447374794.0,1.0264
20260625,601318.SH,20260625,157.7862,159.566352,60726138.5,5996134269.0,892706750354.0,1.1393
20260626,601318.SH,20260626,159.5339856,152.8665072,71322054.0,6823881221.0,855223931424.0,1.3381
20260629,601318.SH,20260629,153.09307199999998,157.300704,54480469.5,5250679148.0,880031400957.0,1.0221
20260630,601318.SH,20260630,156.329712,154.5171936,47490636.5,4537577336.0,864458828841.0,0.891
20260701,601318.SH,20260701,154.064064,160.3107792,69310833.0,6772060767.0,896871508012.0,1.3004
20260702,601318.SH,20260702,159.728184,158.3364288,46006477.0,4528699940.0,885825846395.0,0.8632
20260703,601318.SH,20260703,160.21368,158.8866576,40166561.0,3933213372.0,888904145535.0,0.7536
20260706,601318.SH,20260706,158.75719199999997,162.155664,47247817.0,4688935744.0,907192863950.0,0.8864
20260707,601318.SH,20260707,161.6054352,159.5339856,34883754.5,3454770845.0,892525673934.0,0.6545
20260708,601318.SH,20260708,159.7605504,160.34314559999999,27049764.5,2678589604.0,897052584432.0,0.5075
20260709,601318.SH,20260709,159.4368864,160.1813136,33118435.0,3259894112.0,896147202333.0,0.6214
20260710,601318.SH,20260710,160.1165808,160.14894719999998,38247278.5,3787725071.0,895966125913.0,0.7176
20260713,601318.SH,20260713,159.7605504,160.3107792,35826175.5,3539328300.0,896871508012.0,0.6722
20260714,601318.SH,20260714,160.21368,160.537344,48993666.0,4809693613.0,898139042952.0,0.9192
20260715,601318.SH,20260715,160.4726112,164.906808,64334698.0,6486059071.0,922584359645.0,1.207
20260716,601318.SH,20260716,164.09764800000002,164.0005488,40639935.5,4120400653.0,917514219887.0,0.7625
20240102,000001.SZ,20240102,1450.13526,1422.33714,1396565.8858598676,1075742252.45,178728506604.0,0.5969
20240103,000001.SZ,20240103,1419.2484599999998,1420.7928,884465.4750326048,673673613.54,178534447422.0,0.378
20240104,000001.SZ,20240104,1419.2484599999998,1406.89374,1041901.5892588425,787470082.37,176787914784.0,0.4453
20240105,000001.SZ,20240105,1405.3493999999998,1431.6031799999998,2401167.235272174,1852659692.14,179892861695.0,1.0263
20240108,000001.SZ,20240108,1425.42582,1413.0711000000001,1351703.9341692121,1029006548.73,177564151512.0,0.5778
20240109,000001.SZ,20240109,1414.61544,1417.7041199999999,923749.3323141473,700375720.2,178146329058.0,0.3948
20240110,000001.SZ,20240110,1414.61544,1403.80506,1035182.4949625877,783771150.01,176399796420.0,0.4425
20240111,000001.SZ,20240111,1402.26072,1416.15978,1126889.5938070323,853890237.29,177952269876.0,0.4817
20240112,000001.SZ,20240112,1409.98242,1419.2484599999998,931451.247327019,711018266.07,178340388240.0,0.3981
20240115,000001.SZ,20240115,1414.61544,1422.33714,898357.2110501124,685950951.45,178728506604.0,0.384
20240116,000001.SZ,20240116,1419.2484599999998,1442.41356,1734078.4364318317,1334465408.53,181251275969.0,0.7412
20240117,000001.SZ,20240117,1440.86922,1425.42582,1787106.5927585992,1380725065.03,179116624968.0,0.7639
20240118,000001.SZ,20240118,1422.33714,1420.7928,2116047.2428798047,1597853726.63,178534447422.0,0.9044
20240119,000001.SZ,20240119,1414.61544,1416.15978,1162208.6998244408,881865023.89,177952269876.0,0.4968
20240122,000001.SZ,20240122,1414.61544,1405.3493999999998,1905286.9891990265,1449858241.68,176593855602.0,0.8144
20240123,000001.SZ,20240123,1397.6277,1414.61544,1369051.065231621,1030898421.04,177758210694.0,0.5852
20240124,000001.SZ,20240124,1425.42582,1440.86922,2120858.5541147273,1620099272.06,181057216787.0,0.9065
20240125,000001.SZ,20240125,1440.86922,1467.123,2607200.1742333537,2037648413.07,184356222881.0,1.1144
20240126,000001.SZ,20240126,1462.48998,1485.6550799999998,2739546.3593380265,2172799799.01,186684933065.0,1.1709
20240129,000001.SZ,20240129,1496.46546,1498.0097999999998,2864889.824766368,2312173346.33,188237406521.0,1.2245
20240130,000001.SZ,20240130,1484.1107399999999,1467.123,1903843.2184651324,1515156603.96,184356222881.0,0.8137
20240131,000001.SZ,20240131,1460.9456400000001,1460.9456400000001,1636307.4209331928,1286857396.81,183579986153.0,0.6994
20240201,000001.SZ,20240201,1453.22394,1453.22394,1272257.095463114,993481907.01,182609690243.0,0.5438
20240202,000001.SZ,20240202,1454.76828,1431.6031799999998,1970264.2074362757,1520605694.69,179892861695.0,0.8421
20240205,000001.SZ,20240205,1419.2484599999998,1448.59092,2174471.5755132423,1674566499.46,182027512697.0,0.9294
20240206,000001.SZ,20240206,1436.2362,1494.92112,2405733.429074479,1900324218.2,187849288157.0,1.0283
20240207,000001.SZ,20240207,1485.6550799999998,1484.1107399999999,2486035.1948507815,1975435102.12,186490873883.0,1.0626
20240208,000001.SZ,20240208,1479.47772,1493.37678,1997510.9674183752,1593505690.13,187655228975.0,0.8538
20240219,000001.SZ,20240219,1507.27584,1514.99754,1935334.9913728002,1564088444.93,190372057522.0,0.8272
20240220,000001.SZ,20240220,1511.9088599999998,1516.54188,1354606.847469502,1098987813.26,190566116704.0,0.579
20240221,000001.SZ,20240221,1510.3645199999999,1667.8872000000001,6094822.597523215,5295259396.81,209583916538.0,2.6051
20240222,000001.SZ,20240222,1644.7221,1683.3306,5934522.138225842,5307736374.06,211524508358.0,2.5366
20240223,000001.SZ,20240223,1680.2419,1675.6089,4301074.3001,3917316281.52,210554212448.0,1.8384
20240226,000001.SZ,20240226,1664.7985,1626.19,3451258.3702,3048205024.78,204344318625.0,1.4751
20240227,000001.SZ,20240227,1620.0127,1621.557,2389451.8011,2083027074.06,203762141079.0,1.0213
20240228,000001.SZ,20240228,1623.1013,1620.0127,3716598.829,3253340358.41,203568081897.0,1.5886
20240229,000001.SZ,20240229,1609.2023,1635.4561,2224809.6009,1936020982.56,205508673717.0,0.9509
20240301,000001.SZ,20240301,1635.4561,1620.0127,2204022.8686,1917689306.77,203568081897.0,0.9421
20240304,000001.SZ,20240304,1613.8353,1595.3032,1996444.8253,1719562862.03,200463134985.0,0.8533
20240305,000001.SZ,20240305,1590.6702,1610.7466,2191021.5173,1889144330.16,202403726805.0,0.9365
20240306,000001.SZ,20240306,1606.1136,1595.3032,1622349.4233,1396940060.42,200463134985.0,0.6934
20240307,000001.SZ,20240307,1595.3032,1603.0249,2430757.9887,2109589237.19,201433430895.0,1.039
20240308,000001.SZ,20240308,1598.3919,1603.0249,1343045.1799,1154491251.23,201433430895.0,0.574
20240311,000001.SZ,20240311,1603.0249,1616.924,1459628.4128,1260212019.66,203179963533.0,0.6239
20240312,000001.SZ,20240312,1618.4683,1630.823,1978761.5877,1721999708.11,204926496171.0,0.8458
20240313,000001.SZ,20240313,1626.19,1595.3032,2131607.9259,1834654994.4,200463134985.0,0.9111
20240314,000001.SZ,20240314,1590.6702,1579.8598,1699220.1237,1448499697.91,198522543166.0,0.7263
20240315,000001.SZ,20240315,1629.2787,1637.0004,4521377.8455,3973799130.9,205702732899.0,1.9325
20240318,000001.SZ,20240318,1630.823,1627.7344,2015092.329,1761249149.98,204538377807.0,0.8613
20240319,000001.SZ,20240319,1626.19,1606.1136,1559144.5713,1351069630.23,201821549259.0,0.6664
20240320,000001.SZ,20240320,1603.0249,1613.8353,1052112.3079,910278572.98,202791845169.0,0.4497
20240321,000001.SZ,20240321,1613.8353,1616.924,1042229.8352,905422293.67,203179963533.0,0.4455
20240322,000001.SZ,20240322,1613.8353,1599.9362,1239562.558,1065535606.11,201045312531.0,0.5298
20240325,000001.SZ,20240325,1598.3919,1606.1136,1149212.9186,993304120.45,201821549259.0,0.4912
20240326,000001.SZ,20240326,1613.8353,1637.0004,2097828.8966,1835376190.72,205702732899.0,0.8967
20240327,000001.SZ,20240327,1630.823,1626.19,1536141.5704,1347397150.36,204344318625.0,0.6566
20240328,000001.SZ,20240328,1623.1013,1620.0127,1569963.1344,1362980388.48,203568081897.0,0.671
20240329,000001.SZ,20240329,1613.8353,1624.6457,1052227.8317,917332315.96,204150259443.0,0.4497
20240401,000001.SZ,20240401,1624.6457,1643.1778,1436016.0483,1261770380.39,206478969627.0,0.6138
20240402,000001.SZ,20240402,1641.6334,1629.2787,1308665.2988,1149700799.95,204732436989.0,0.5594
20240403,000001.SZ,20240403,1626.19,1615.3796,1183746.6626,1028648883.43,202985904351.0,0.506
20240408,000001.SZ,20240408,1609.2023,1610.7466,1092738.9882,945290441.32,202403726805.0,0.4671
20240409,000001.SZ,20240409,1610.7466,1606.1136,1033417.2299,891468991.01,201821549259.0,0.4417
20240410,000001.SZ,20240410,1603.0249,1587.5815,1502691.0523,1288696196.29,199492839075.0,0.6423
20240411,000001.SZ,20240411,1581.4042,1582.9485,1217947.5432,1030820137.39,198910661530.0,0.5206
20240412,000001.SZ,20240412,1578.3155,1553.606,1573899.276,1322011753.93,195223537072.0,0.6727
20240415,000001.SZ,20240415,1555.1504,1589.1259,1752030.3496,1486326196.01,199686898257.0,0.7489
20240416,000001.SZ,20240416,1587.5815,1587.5815,1781970.8575,1523138499.07,199492839075.0,0.7617
20240417,000001.SZ,20240417,1584.4928,1640.0891,2691747.2061,2337576586.88,206090851263.0,1.1505
20240418,000001.SZ,20240418,1633.9117,1667.8872,3816933.625,3427338981.81,209583916538.0,1.6314
20240419,000001.SZ,20240419,1653.9881,1650.8995,1757422.4509,1562376146.58,207449265537.0,0.7512
20240422,000001.SZ,20240422,1643.1778,1621.557,2423105.2033,2125722741.41,203762141079.0,1.0357
20240423,000001.SZ,20240423,1623.1013,1627.7344,1495018.615,1308866093.13,204538377807.0,0.639
20240424,000001.SZ,20240424,1624.6457,1626.19,1135186.0069,989093538.21,204344318625.0,0.4852
20240425,000001.SZ,20240425,1621.557,1638.5447,1342849.8189,1176304524.86,205896792081.0,0.574
20240426,000001.SZ,20240426,1635.4561,1637.0004,1938210.2595,1698581436.96,205702732899.0,0.8284
20240429,000001.SZ,20240429,1630.823,1669.4315,2615233.8194,2337350883.73,209777975720.0,1.1178
20240430,000001.SZ,20240430,1667.8872,1666.3429,1596930.2838,1431407709.37,209389857356.0,0.6826
20240506,000001.SZ,20240506,1692.5966,1681.7863,2150972.1669,1953817493.43,211330449176.0,0.9194
20240507,000001.SZ,20240507,1678.6976,1680.2419,1310592.372,1176786412.82,211136389994.0,0.5602
20240508,000001.SZ,20240508,1674.0646,1657.0768,1473033.0003,1318611999.65,208225502265.0,0.6296
20240509,000001.SZ,20240509,1653.9881,1661.7098,1289378.0134,1150726857.51,208807679810.0,0.5511
20240510,000001.SZ,20240510,1663.2542,1689.508,2131362.5794,1923452176.84,212300745086.0,0.911
20240513,000001.SZ,20240513,1683.3306,1694.141,1690899.8873,1530058919.54,212882922632.0,0.7227
20240514,000001.SZ,20240514,1698.774,1684.8749,1297001.5743,1176577328.23,211718567540.0,0.5544
20240515,000001.SZ,20240515,1683.3306,1672.5202,1046847.835,942907950.5,210166094084.0,0.4474
20240516,000001.SZ,20240516,1675.6089,1725.0278,3708881.5662,3410151917.15,216764106272.0,1.5853
20240517,000001.SZ,20240517,1726.5721,1763.6363,3426108.8105,3200736554.36,221615585821.0,1.4644
20240520,000001.SZ,20240520,1765.1806,1757.4589,2616479.1549,2475290152.11,220839349093.0,1.1183
20240521,000001.SZ,20240521,1748.1929,1783.7127,2447496.4314,2336192874.97,224138355187.0,1.0461
20240522,000001.SZ,20240522,1785.257,1785.257,2550556.3941,2458448969.66,224332414369.0,1.0902
20240523,000001.SZ,20240523,1780.624,1760.5476,2220323.0392,2110799281.76,221227467457.0,0.949
20240524,000001.SZ,20240524,1755.9146,1746.6485,1685808.7846,1593330336.42,219480934819.0,0.7206
20240527,000001.SZ,20240527,1746.6485,1777.5353,1753427.4744,1663272117.57,223362118459.0,0.7495
20240528,000001.SZ,20240528,1775.991,1760.5476,1451972.4806,1377107203.91,221227467457.0,0.6206
20240529,000001.SZ,20240529,1757.4589,1738.9268,1741913.2846,1635445613.13,218510638909.0,0.7445
20240530,000001.SZ,20240530,1735.8382,1717.3061,1598063.3626,1481608711.02,215793810362.0,0.6831
20240531,000001.SZ,20240531,1720.3948,1715.7617,996705.7131,921248145.59,215599751180.0,0.426
20240603,000001.SZ,20240603,1717.3061,1695.6853,1599510.6056,1456086023.62,213076981814.0,0.6837
20240604,000001.SZ,20240604,1691.0523,1701.8627,1182732.8451,1079356560.61,213853218542.0,0.5055
20240605,000001.SZ,20240605,1704.9514,1678.6976,1228502.0845,1114155998.81,210942330812.0,0.5251
20240606,000001.SZ,20240606,1683.3306,1683.3306,1265109.6877,1145989425.79,211524508358.0,0.5407
20240607,000001.SZ,20240607,1686.4193,1697.2297,1410743.6465,1281662985.8,213271040996.0,0.603
20240611,000001.SZ,20240611,1695.6853,1678.6976,1612690.3424,1452841956.89,210942330812.0,0.6893
20240612,000001.SZ,20240612,1675.6089,1680.2419,1154305.6851,1037927497.39,211136389994.0,0.4934
20240613,000001.SZ,20240613,1681.7863,1667.8872,1450989.8166,1304403407.05,209583916538.0,0.6202
20240614,000001.SZ,20240614,1679.3074,1684.2708,1974816.874,1657433954.94,197552247256.0,0.8441
20240617,000001.SZ,20240617,1675.9984,1671.0349,821298.3473,688669914.12,195999773800.0,0.351
20240618,000001.SZ,20240618,1672.6894,1667.7259,844731.1206,707829471.51,195611655436.0,0.3611
20240619,000001.SZ,20240619,1671.0349,1679.3074,959906.6553,807676192.22,196970069710.0,0.4103
20240620,000001.SZ,20240620,1680.9618,1662.7625,759100.3564,635070262.4,195029477890.0,0.3245
20240621,000001.SZ,20240621,1662.7625,1654.49,1001333.5631,831176895.42,194059181980.0,0.428
20240624,000001.SZ,20240624,1649.5265,1651.181,1141833.6312,944907465.65,193671063616.0,0.488
20240625,000001.SZ,20240625,1652.8355,1667.7259,928329.4512,775332071.89,195611655436.0,0.3968
20240626,000001.SZ,20240626,1664.4169,1667.7259,757859.9279,633763882.09,195611655436.0,0.3239
20240627,000001.SZ,20240627,1664.4169,1675.9984,1119891.6123,938954397.5,196581951346.0,0.4787
20240628,000001.SZ,20240628,1671.0349,1679.3074,1106880.3507,933947813.42,196970069710.0,0.4731
20240701,000001.SZ,20240701,1669.3804,1712.3972,1619228.4349,1372549619.58,200851253349.0,0.6921
20240702,000001.SZ,20240702,1704.1247,1720.6696,1669062.3606,1440864390.61,201821549259.0,0.7134
20240703,000001.SZ,20240703,1720.6696,1705.7792,859698.3182,737326421.16,200075016621.0,0.3675
20240704,000001.SZ,20240704,1704.1247,1697.5067,886194.2697,757464386.79,199104720711.0,0.3788
20240705,000001.SZ,20240705,1697.5067,1649.5265,2065677.5335,1721256576.49,193477004434.0,0.8829
20240708,000001.SZ,20240708,1644.5631,1642.9086,1047285.5043,864791776.33,192700767706.0,0.4476
20240709,000001.SZ,20240709,1644.5631,1666.0714,1244799.3013,1034316510.76,195417596254.0,0.5321
20240710,000001.SZ,20240710,1666.0714,1677.6529,1053561.4196,886626727.3,196776010528.0,0.4503
20240711,000001.SZ,20240711,1689.2343,1675.9984,869734.9674,731789332.33,196581951346.0,0.3717
20240712,000001.SZ,20240712,1674.3439,1705.7792,1463836.9311,1246877665.6,200075016621.0,0.6257
20240715,000001.SZ,20240715,1705.7792,1709.0882,1048193.1658,896975833.16,200463134985.0,0.448
20240716,000001.SZ,20240716,1709.0882,1704.1247,1136922.5658,971564894.83,199880957439.0,0.4859
20240717,000001.SZ,20240717,1704.1247,1720.6696,1471076.3529,1266412580.0,201821549259.0,0.6288
20240718,000001.SZ,20240718,1717.3606,1722.3241,1310597.6407,1127365070.67,202015608441.0,0.5602
20240719,000001.SZ,20240719,1717.3606,1715.7061,1083531.2243,929722661.62,201239371713.0,0.4631
20240722,000001.SZ,20240722,1714.0516,1692.5433,1198979.8713,1018663805.8,198522543166.0,0.5125
20240723,000001.SZ,20240723,1695.8522,1684.2708,1229931.8217,1046994471.4,197552247256.0,0.5257
20240724,000001.SZ,20240724,1684.2708,1675.9984,873502.9592,736332832.11,196581951346.0,0.3734
20240725,000001.SZ,20240725,1674.3439,1669.3804,1032510.2315,861750365.54,195805714618.0,0.4413
20240726,000001.SZ,20240726,1671.0349,1659.4535,1120699.3629,931879546.46,194641359526.0,0.479
20240729,000001.SZ,20240729,1657.799,1672.6894,942266.1212,788019058.61,196193832982.0,0.4027
20240730,000001.SZ,20240730,1671.0349,1667.7259,739376.6436,618056610.32,195611655436.0,0.316
20240731,000001.SZ,20240731,1667.7259,1699.1612,1322467.4924,1117768674.7,199298779893.0,0.5653
20240801,000001.SZ,20240801,1695.8522,1699.1612,884795.1677,752688220.0,199298779893.0,0.3782
20240802,000001.SZ,20240802,1690.8888,1677.6529,711599.8146,601173370.84,196776010528.0,0.3042
20240805,000001.SZ,20240805,1672.6894,1662.7625,915050.2495,768980624.53,195029477890.0,0.3911
20240806,000001.SZ,20240806,1666.0714,1642.9086,1525774.2278,1261997756.88,192700767706.0,0.6522
20240807,000001.SZ,20240807,1646.2176,1642.9086,624046.2693,514848813.1,192700767706.0,0.2667
20240808,000001.SZ,20240808,1641.2541,1644.5631,603312.0785,497548149.01,192894826888.0,0.2579
20240809,000001.SZ,20240809,1647.872,1661.108,880443.0583,732886455.92,194835418708.0,0.3763
20240812,000001.SZ,20240812,1657.799,1656.1445,425605.0022,353251351.4,194253241162.0,0.1819
20240813,000001.SZ,20240813,1657.799,1646.2176,749997.3742,620061491.92,193088886070.0,0.3206
20240814,000001.SZ,20240814,1644.5631,1641.2541,526114.9889,433380446.81,192506708524.0,0.2249
20240815,000001.SZ,20240815,1641.2541,1659.4535,935870.2815,775851460.98,194641359526.0,0.4
20240816,000001.SZ,20240816,1667.7259,1675.9984,1519541.9444,1277042000.97,196581951346.0,0.6495
20240819,000001.SZ,20240819,1675.9984,1702.4702,1787937.3348,1520594687.55,199686898257.0,0.7642
20240820,000001.SZ,20240820,1707.4337,1710.7427,1891864.6547,1623147686.36,200657194167.0,0.8086
20240821,000001.SZ,20240821,1704.1247,1712.3972,1247695.8489,1068207868.15,200851253349.0,0.5333
20240822,000001.SZ,20240822,1710.7427,1717.3606,1337084.6584,1153871815.8,201433430895.0,0.5715
20240823,000001.SZ,20240823,1719.0151,1732.251,1292325.8848,1117475768.18,203179963533.0,0.5524
20240826,000001.SZ,20240826,1737.2145,1735.56,892983.1943,775921848.78,203568081897.0,0.3817
20240827,000001.SZ,20240827,1732.251,1725.6331,871837.9909,755583764.04,202403726805.0,0.3726
20240828,000001.SZ,20240828,1722.3241,1709.0882,1136367.287,973872155.01,200463134985.0,0.4857
20240829,000001.SZ,20240829,1705.7792,1675.9984,1443959.1865,1221351092.13,196581951346.0,0.6172
20240830,000001.SZ,20240830,1672.6894,1680.9618,1560161.5235,1318858687.52,197164128892.0,0.6668
20240902,000001.SZ,20240902,1674.3439,1672.6894,1168060.9433,983898750.95,196193832982.0,0.4993
20240903,000001.SZ,20240903,1672.6894,1667.7259,1105061.4108,920884663.15,195611655436.0,0.4723
20240904,000001.SZ,20240904,1662.7625,1657.799,1022368.3184,852224669.89,194447300344.0,0.437
20240905,000001.SZ,20240905,1659.4535,1666.0714,716398.2376,595845842.53,195417596254.0,0.3062
20240906,000001.SZ,20240906,1664.4169,1667.7259,1059589.975,891507833.61,195611655436.0,0.4529
20240909,000001.SZ,20240909,1662.7625,1629.6726,1976244.3928,1624857668.46,191148294250.0,0.8447
20240910,000001.SZ,20240910,1631.3271,1637.9451,925807.6629,756124763.92,192118590160.0,0.3957
20240911,000001.SZ,20240911,1634.6361,1596.5829,1336718.9293,1078602467.68,187267110611.0,0.5713
20240912,000001.SZ,20240912,1596.5829,1611.4733,701478.8675,564923215.58,189013643249.0,0.2998
20240913,000001.SZ,20240913,1609.8188,1604.8553,682945.682,553269703.6,188237406521.0,0.2919
20240918,000001.SZ,20240918,1608.1643,1616.4367,534832.4576,431665627.32,189595820794.0,0.2286
20240919,000001.SZ,20240919,1619.7457,1623.0547,825006.9858,669341181.7,190372057522.0,0.3526
20240920,000001.SZ,20240920,1623.0547,1637.9451,961248.4776,785121198.91,192118590160.0,0.4109
20240923,000001.SZ,20240923,1636.2906,1661.108,1081342.1669,897428029.52,194835418708.0,0.4622
20240924,000001.SZ,20240924,1672.6894,1715.7061,1975085.3928,1678174481.91,201239371713.0,0.8442
20240925,000001.SZ,20240925,1740.5235,1737.2145,2605005.9567,2285995369.39,203762141079.0,1.1134
20240926,000001.SZ,20240926,1737.2145,1844.7564,3721137.4981,3341759455.52,216375987908.0,1.5905
20240927,000001.SZ,20240927,1877.8462,1889.4276,4629653.9955,4337985142.5,221615585821.0,1.9788
20240930,000001.SZ,20240930,1922.5174,2020.1323,6546934.1607,6467438837.7,236946261198.0,2.7983
20241008,000001.SZ,20241008,2221.9801,2130.9831,7099951.3756,7602664023.92,249948226390.0,3.0347
20241009,000001.SZ,20241009,2089.6209,1932.4443,5147267.2277,5172049702.23,226661124553.0,2.2001
20241010,000001.SZ,20241010,1963.873,2024.7158,4131010.2074,4095573500.64,232482900012.0,1.7657
20241011,000001.SZ,20241011,2028.096,1980.7738,2496735.9193,2455848197.41,227437361281.0,1.0672
20241014,000001.SZ,20241014,2024.7158,2031.4762,2894238.8727,2881934271.85,233259136740.0,1.2371
20241015,000001.SZ,20241015,2017.9555,2011.1952,2499087.1466,2500974426.85,230930426556.0,1.0682
20241016,000001.SZ,20241016,1994.2944,2038.2365,2308178.3426,2301340929.27,234035373468.0,0.9866
20241017,000001.SZ,20241017,2039.9266,2019.6456,1993766.5699,1993261646.25,231900722466.0,0.8522
20241018,000001.SZ,20241018,2012.8853,2034.8563,3140259.4095,3105820972.95,233647255104.0,1.3422
20241021,000001.SZ,20241021,2017.9555,1995.9845,3383798.0766,3302020181.42,229183893918.0,1.4463
20241022,000001.SZ,20241022,1987.5341,1992.6043,1950459.042,1908438724.93,228795775554.0,0.8337
20241023,000001.SZ,20241023,1997.6746,2004.4349,1822756.9829,1787236762.42,230154189828.0,0.7791
20241024,000001.SZ,20241024,1995.9845,1985.844,1067347.0116,1042818619.09,228019538827.0,0.4562
20241025,000001.SZ,20241025,1989.2242,1979.0837,1333135.3513,1296844369.04,227243302099.0,0.5698
20241028,000001.SZ,20241028,1974.0134,1967.2531,1409973.1741,1356008963.4,225884887825.0,0.6027
20241029,000001.SZ,20241029,1963.873,1950.3523,1444379.362,1391150258.93,223944296005.0,0.6174
20241030,000001.SZ,20241030,1943.592,1913.1706,1787235.0892,1686501657.86,219674994001.0,0.7639
20241031,000001.SZ,20241031,1914.8606,1923.311,1507290.0273,1419624319.27,220839349093.0,0.6442
20241101,000001.SZ,20241101,1923.311,1931.7614,1916730.2033,1821423447.06,221809645003.0,0.8193
20241104,000001.SZ,20241104,1931.7614,1936.8317,1364194.2051,1285874126.16,222391822549.0,0.5831
20241105,000001.SZ,20241105,1930.0714,1968.9432,2007884.9168,1925260700.35,226078947007.0,0.8582
20241106,000001.SZ,20241106,1963.873,1952.0424,1762982.0388,1689977500.77,224138355187.0,0.7535
20241107,000001.SZ,20241107,1943.592,2012.8853,2704048.5543,2627007560.71,231124485738.0,1.1558
20241108,000001.SZ,20241108,2017.9555,1980.7738,2284801.8484,2239060533.97,227437361281.0,0.9766
20241111,000001.SZ,20241111,1965.563,1960.4928,1792719.3371,1717961561.94,225108651097.0,0.7662
20241112,000001.SZ,20241112,1957.1126,1950.3523,2070872.2363,2005791407.67,223944296005.0,0.8851
20241113,000001.SZ,20241113,1943.592,1962.1829,1309635.8582,1260161857.32,225302710279.0,0.5598
20241114,000001.SZ,20241114,1958.8027,1950.3523,1398273.8592,1348378228.97,223944296005.0,0.5977
20241115,000001.SZ,20241115,1943.592,1933.4515,1465789.8411,1399308729.48,222003704185.0,0.6265
20241118,000001.SZ,20241118,1965.563,1985.844,4578183.1686,4493249093.24,228019538827.0,1.9568
20241119,000001.SZ,20241119,1985.844,1974.0134,2929734.6162,2849661696.39,226661124553.0,1.2522
20241120,000001.SZ,20241120,1972.3234,1967.2531,1551135.4246,1498818033.91,225884887825.0,0.663
20241121,000001.SZ,20241121,1963.873,1958.8027,1065066.7238,1023998431.68,224914591915.0,0.4552
20241122,000001.SZ,20241122,1958.8027,1906.4102,1959537.8392,1858071592.39,218898757273.0,0.8375
20241125,000001.SZ,20241125,1906.4102,1889.5094,1405793.6512,1310130629.11,216958165454.0,0.6009
20241126,000001.SZ,20241126,1889.5094,1904.7202,1001976.0695,933733854.73,218704698091.0,0.4283
20241127,000001.SZ,20241127,1899.6499,1925.0011,1079257.023,1010001963.81,221033408275.0,0.4613
20241128,000001.SZ,20241128,1925.0011,1916.5507,883932.8621,833121339.08,220063112365.0,0.3778
20241129,000001.SZ,20241129,1921.621,1923.311,1239979.5145,1173316153.6,220839349093.0,0.53
20241202,000001.SZ,20241202,1925.0011,1925.0011,1176015.9088,1108785597.4,221033408275.0,0.5027
20241203,000001.SZ,20241203,1921.621,1941.9019,1305170.2867,1236992678.1,222974000095.0,0.5579
20241204,000001.SZ,20241204,1933.4515,1936.8317,1214640.7184,1154623369.68,222391822549.0,0.5192
20241205,000001.SZ,20241205,1933.4515,1933.4515,828401.7133,786137963.74,222003704185.0,0.3541
20241206,000001.SZ,20241206,1933.4515,1970.6333,2081248.7899,2004270465.79,226273006189.0,0.8896
20241209,000001.SZ,20241209,1965.563,1972.3234,1162307.2483,1123441854.9,226467065371.0,0.4968
20241210,000001.SZ,20241210,2011.1952,1992.6043,2613581.9442,2564600676.79,228795775554.0,1.1171
20241211,000001.SZ,20241211,1992.6043,1982.4638,1166681.6378,1138374174.98,227631420463.0,0.4987
20241212,000001.SZ,20241212,1982.4638,2002.7448,1189037.8764,1164062448.23,229960130646.0,0.5082
20241213,000001.SZ,20241213,1992.6043,1953.7325,1620122.2919,1565589089.36,224332414369.0,0.6925
20241216,000001.SZ,20241216,1953.7325,1955.4226,971400.6869,934226189.29,224526473551.0,0.4152
20241217,000001.SZ,20241217,1955.4226,1948.6622,967063.021,929225455.3,223750236823.0,0.4133
20241218,000001.SZ,20241218,1957.1126,1968.9432,1225634.9785,1186285805.48,226078947007.0,0.5239
20241219,000001.SZ,20241219,1958.8027,1958.8027,840783.8269,808465663.92,224914591915.0,0.3594
20241220,000001.SZ,20241220,1958.8027,1963.873,861601.7851,831437460.3,225496769461.0,0.3683
20241223,000001.SZ,20241223,1967.2531,1982.4638,2000634.6685,1953519499.07,227631420463.0,0.8551
20241224,000001.SZ,20241224,1980.7738,2004.4349,1628614.8014,1595698790.02,230154189828.0,0.6961
20241225,000001.SZ,20241225,2004.4349,2014.5754,1778651.1565,1759956630.34,231318544920.0,0.7602
20241226,000001.SZ,20241226,2014.5754,2004.4349,1205723.9825,1183745518.53,230154189828.0,0.5154
20241227,000001.SZ,20241227,2006.125,1999.3646,1555282.5642,1518383345.11,229572012282.0,0.6648
20241230,000001.SZ,20241230,1990.9142,2019.6456,1629831.8285,1610892096.25,231900722466.0,0.6966
20241231,000001.SZ,20241231,2016.2654,1977.3936,1778752.9,1747242074.23,227049242917.0,0.7603
20250102,000001.SZ,20250102,1982.4638400000001,1931.76144,2193767.8549368368,2102923078.11,221809645003.0,0.9377
20250103,000001.SZ,20250103,1933.45152,1923.3110400000003,1392121.9071682037,1320520977.59,220839349093.0,0.595
20250106,000001.SZ,20250106,1923.3110400000003,1933.45152,1308759.3864985842,1234305778.04,222003704185.0,0.5594
20250107,000001.SZ,20250107,1930.0713600000001,1945.2820800000002,901648.8568957706,858329048.54,223362118459.0,0.3854
20250108,000001.SZ,20250108,1943.592,1943.592,1280848.6115777784,1223598996.56,223168059277.0,0.5475
20250109,000001.SZ,20250109,1943.592,1926.6912000000002,906013.7580585113,857836086.08,221227467457.0,0.3873
20250110,000001.SZ,20250110,1926.6912000000002,1909.7904000000003,962256.833688161,905005040.97,219286875637.0,0.4113
20250113,000001.SZ,20250113,1901.3400000000001,1892.8896,1127226.9422346584,1044904415.84,217346283818.0,0.4818
20250114,000001.SZ,20250114,1892.8896,1923.3110400000003,994200.6349220857,934467766.39,220839349093.0,0.4249
20250115,000001.SZ,20250115,1923.3110400000003,1940.2118400000002,1243769.1112459633,1185403653.43,222779940913.0,0.5316
20250116,000001.SZ,20250116,1952.0424000000003,1955.4225600000002,1052474.9987520052,1007689273.66,224526473551.0,0.4499
20250117,000001.SZ,20250117,1948.66224,1935.1416,831603.9132011356,791230418.64,222197763367.0,0.3554
20250120,000001.SZ,20250120,1943.592,1930.0713600000001,1003122.542956648,953092179.17,221615585821.0,0.4288
20250121,000001.SZ,20250121,1935.1416,1914.86064,1087564.9137609017,1024879174.22,219869053183.0,0.4648
20250122,000001.SZ,20250122,1913.1705600000003,1874.29872,1624144.684522771,1504818607.18,215211632816.0,0.6942
20250123,000001.SZ,20250123,1887.8193600000002,1913.1705600000003,1826439.2661576306,1715172472.47,219674994001.0,0.7807
20250124,000001.SZ,20250124,1913.1705600000003,1916.5507200000002,1139256.7936742322,1069899088.28,220063112365.0,0.4869
20250127,000001.SZ,20250127,1923.3110400000003,1938.5217600000003,1388811.5619404202,1324270606.55,222585881731.0,0.5936
20250205,000001.SZ,20250205,1943.592,1921.62096,1016872.2794108598,961193578.9,220645289911.0,0.4346
20250206,000001.SZ,20250206,1918.2408,1919.9308800000001,1152107.6938708113,1084793176.26,220451230729.0,0.4924
20250207,000001.SZ,20250207,1919.9308800000001,1923.3110400000003,1696920.847190909,1601621979.76,220839349093.0,0.7253
20250210,000001.SZ,20250210,1923.3110400000003,1931.76144,1237692.8489004108,1174044624.14,221809645003.0,0.529
20250211,000001.SZ,20250211,1926.6912000000002,1930.0713600000001,1018181.995709002,963865614.95,221615585821.0,0.4352
20250212,000001.SZ,20250212,1928.38128,1930.0713600000001,1192139.0562401367,1125323632.69,221615585821.0,0.5095
20250213,000001.SZ,20250213,1930.0713600000001,1943.592,1638021.5912430421,1560709510.83,223168059277.0,0.7001
20250214,000001.SZ,20250214,1941.9019200000002,1952.0424000000003,1173151.4191004934,1118355996.56,224138355187.0,0.5014
20250217,000001.SZ,20250217,1960.4928,1990.91424,2485975.455689962,2413146066.57,228601716372.0,1.0626
20250218,000001.SZ,20250218,1987.5340800000001,1995.9844800000003,2407181.335132724,2371071466.89,229183893918.0,1.0289
20250219,000001.SZ,20250219,1994.2944000000002,1979.0836800000002,1419934.085346894,1382467174.27,227243302099.0,0.6069
20250220,000001.SZ,20250220,1979.0836800000002,1970.6332800000002,945694.7511538562,917231443.37,226273006189.0,0.4042
20250221,000001.SZ,20250221,1975.70352,1967.2531200000003,1174250.0288989488,1131033823.93,225884887825.0,0.5019
20250224,000001.SZ,20250224,1965.5630400000002,1958.8027200000001,1145299.382664352,1103548964.32,224914591915.0,0.4895
20250225,000001.SZ,20250225,1953.7324800000001,1938.5217600000003,1105754.4091880512,1055685157.06,222585881731.0,0.4726
20250226,000001.SZ,20250226,1938.5217600000003,1946.97216,1014716.3889447842,970641211.48,223556177641.0,0.4337
20250227,000001.SZ,20250227,1948.66224,1963.87296,1178277.78659183,1130386662.02,225496769461.0,0.5036
20250228,000001.SZ,20250228,1957.11264,1948.66224,1144252.7598005994,1100335054.08,223750236823.0,0.4891
20250303,000001.SZ,20250303,1946.97216,1945.2820800000002,1001227.0694176559,955266366.31,223362118459.0,0.4279
20250304,000001.SZ,20250304,1938.5217600000003,1945.2820800000002,823663.4514605195,785447989.45,223362118459.0,0.3521
20250305,000001.SZ,20250305,1946.97216,1970.6332800000002,1302862.7997763802,1254892073.93,226273006189.0,0.5569
20250306,000001.SZ,20250306,1975.70352,1965.5630400000002,1057832.4983224676,1021780609.28,225690828643.0,0.4521
20250307,000001.SZ,20250307,1965.5630400000002,1972.32336,1007351.3762749875,973236689.8,226467065371.0,0.4306
20250310,000001.SZ,20250310,1970.6332800000002,1958.8027200000001,800340.7043723402,769261385.33,224914591915.0,0.3421
20250311,000001.SZ,20250311,1950.35232,1962.18288,734201.2429782492,704240463.95,225302710279.0,0.3138
20250312,000001.SZ,20250312,1960.4928,2002.7448000000002,2263358.7448402266,2210904482.32,229960130646.0,0.9674
20250313,000001.SZ,20250313,1995.9844800000003,2001.05472,1582239.2486165636,1555123173.93,229766071464.0,0.6763
20250314,000001.SZ,20250314,1997.6745600000002,2023.0257600000002,2076605.1461460416,2057970454.4,232288840830.0,0.8876
20250317,000001.SZ,20250317,1965.5630400000002,1943.592,5550270.910031714,5315522816.99,223168059277.0,2.3723
20250318,000001.SZ,20250318,1946.97216,1941.9019200000002,1935392.078138992,1846500421.28,222974000095.0,0.8272
20250319,000001.SZ,20250319,1940.2118400000002,1946.97216,1642621.8562599737,1566452160.69,223556177641.0,0.7021
20250320,000001.SZ,20250320,1945.2820800000002,1941.9019200000002,1327592.5216511637,1268849139.57,222974000095.0,0.5674
20250321,000001.SZ,20250321,1941.9019200000002,1930.0713600000001,1659421.2316627442,1576151833.21,221615585821.0,0.7093
20250324,000001.SZ,20250324,1928.38128,1923.3110400000003,1404053.9455277112,1325564001.84,220839349093.0,0.6001
20250325,000001.SZ,20250325,1923.3110400000003,1931.76144,886875.0188194633,839142044.46,221809645003.0,0.3791
20250326,000001.SZ,20250326,1930.0713600000001,1923.3110400000003,893209.6485144326,843536936.19,220839349093.0,0.3818
20250327,000001.SZ,20250327,1921.62096,1925.0011200000001,667136.8071831035,629863382.77,221033408275.0,0.2851
20250328,000001.SZ,20250328,1925.0011200000001,1918.2408,777568.2327186958,732420873.55,220257171547.0,0.3324
20250331,000001.SZ,20250331,1919.9308800000001,1903.03008,1345638.9324444882,1262598263.31,218510638909.0,0.5752
20250401,000001.SZ,20250401,1904.72016,1904.72016,821603.8549757687,767424131.4,218704698091.0,0.3512
20250402,000001.SZ,20250402,1901.3400000000001,1921.62096,1124424.5426344194,1058747240.7,220645289911.0,0.4806
20250403,000001.SZ,20250403,1911.4804800000002,1916.5507200000002,776324.4525397305,730375807.93,220063112365.0,0.3318
20250407,000001.SZ,20250407,1859.0880000000002,1808.3856,3069014.0643844353,2751055412.06,207643324719.0,1.3118
20250408,000001.SZ,20250408,1805.0054400000001,1828.6665600000001,1765033.2441034603,1576590039.86,209972034902.0,0.7544
20250409,000001.SZ,20250409,1813.45584,1825.2864000000002,1283269.5727178752,1145238957.67,209583916538.0,0.5485
20250410,000001.SZ,20250410,1835.42688,1842.1872,1044739.7238485203,943352301.94,211524508358.0,0.4465
20250411,000001.SZ,20250411,1837.11696,1840.4971200000002,703944.3526712046,634311779.86,211330449176.0,0.3009
20250414,000001.SZ,20250414,1850.6376,1847.25744,947620.3655408904,862557143.66,212106685904.0,0.405
20250415,000001.SZ,20250415,1845.56736,1850.6376,871376.8599956873,790139077.1,212494804268.0,0.3724
20250416,000001.SZ,20250416,1847.25744,1859.0880000000002,1016134.9980987328,923316062.54,213465100178.0,0.4343
20250417,000001.SZ,20250417,1850.6376,1869.2284800000002,993345.0688659024,907597513.1,214629455270.0,0.4246
20250418,000001.SZ,20250418,1865.84832,1889.50944,876614.1940331756,810031605.1,216958165454.0,0.3747
20250421,000001.SZ,20250421,1859.0880000000002,1862.4681600000001,1343298.2424108968,1230804536.03,213853218542.0,0.5742
20250422,000001.SZ,20250422,1862.4681600000001,1865.84832,1002037.1589623134,915967678.28,214241336906.0,0.4283
20250423,000001.SZ,20250423,1865.84832,1860.77808,706963.1515040466,645842400.13,213659159360.0,0.3022
20250424,000001.SZ,20250424,1859.0880000000002,1864.15824,830990.5710561576,760348555.36,214047277724.0,0.3552
20250425,000001.SZ,20250425,1865.84832,1860.77808,768648.1210786768,702315255.47,213659159360.0,0.3285
20250428,000001.SZ,20250428,1859.0880000000002,1859.0880000000002,774039.1252158228,706520175.92,213465100178.0,0.3308
20250429,000001.SZ,20250429,1859.0880000000002,1855.7078400000003,782510.5963609051,712792543.41,213076981814.0,0.3345
20250430,000001.SZ,20250430,1852.3276800000003,1843.8772800000002,1048702.4858166834,949911030.4,211718567540.0,0.4482
20250506,000001.SZ,20250506,1845.56736,1852.3276800000003,1030420.6750001505,935212114.49,212688863450.0,0.4404
20250507,000001.SZ,20250507,1860.77808,1864.15824,1357869.3290305946,1240098147.39,214047277724.0,0.5804
20250508,000001.SZ,20250508,1859.0880000000002,1872.6086400000002,1273889.2706099497,1167913497.88,215017573634.0,0.5445
20250509,000001.SZ,20250509,1870.91856,1884.4392000000003,1205510.3080373143,1113688152.8,216375987908.0,0.5153
20250512,000001.SZ,20250512,1886.12928,1886.12928,1079771.2861756072,1000478411.18,216570047090.0,0.4615
20250513,000001.SZ,20250513,1891.1995200000001,1908.10032,1520341.291753329,1420501315.06,219092816455.0,0.6498
20250514,000001.SZ,20250514,1908.10032,1931.76144,2029701.0796624997,1912995432.64,221809645003.0,0.8675
20250515,000001.SZ,20250515,1931.76144,1925.0011200000001,1248386.0140110143,1183732832.12,221033408275.0,0.5336
20250516,000001.SZ,20250516,1921.62096,1923.3110400000003,1102846.9385915375,1039223622.85,220839349093.0,0.4714
20250519,000001.SZ,20250519,1926.6912000000002,1921.62096,1002352.7095286356,949883545.33,220645289911.0,0.4284
20250520,000001.SZ,20250520,1926.6912000000002,1925.0011200000001,775987.9480558494,734455265.82,221033408275.0,0.3317
20250521,000001.SZ,20250521,1926.6912000000002,1940.2118400000002,1601417.1347890485,1528350367.92,222779940913.0,0.6845
20250522,000001.SZ,20250522,1935.1416,1952.0424000000003,1209212.315500896,1155265063.51,224138355187.0,0.5168
20250523,000001.SZ,20250523,1952.0424000000003,1936.8316800000002,1160595.1878907126,1108636100.57,222391822549.0,0.4961
20250526,000001.SZ,20250526,1933.45152,1930.0713600000001,842929.3006839304,800495684.57,221615585821.0,0.3603
20250527,000001.SZ,20250527,1935.1416,1941.9019200000002,966816.0950954162,921912281.33,222974000095.0,0.4132
20250528,000001.SZ,20250528,1943.592,1948.66224,793523.4955875389,757571318.99,223750236823.0,0.3392
20250529,000001.SZ,20250529,1946.97216,1936.8316800000002,1108950.2312496142,1056726384.22,222391822549.0,0.474
20250530,000001.SZ,20250530,1938.5217600000003,1953.7324800000001,1363390.288448159,1303433716.38,224332414369.0,0.5827
20250603,000001.SZ,20250603,1950.35232,1995.9844800000003,2643327.8506966783,2580962600.64,229183893918.0,1.1298
20250604,000001.SZ,20250604,1997.6745600000002,2001.05472,1408131.5923522715,1383019682.25,229766071464.0,0.6019
20250605,000001.SZ,20250605,2007.8150400000002,1972.32336,1406737.8674824664,1369212336.43,226467065371.0,0.6013
20250606,000001.SZ,20250606,1977.3936,1977.3936,822667.3326017463,799900023.53,227049242917.0,0.3516
20250609,000001.SZ,20250609,1982.4638400000001,1979.0836800000002,932262.0723083687,905092604.93,227243302099.0,0.3985
20250610,000001.SZ,20250610,1980.7737600000003,1995.9844800000003,1721804.1427146369,1689018780.13,229183893918.0,0.7359
20250611,000001.SZ,20250611,1997.6745600000002,2002.7448000000002,1319767.234119086,1298656315.35,229960130646.0,0.5641
20250612,000001.SZ,20250612,2015.30104,2036.22112,1555533.5650821764,1500287176.22,226661124553.0,0.6649
20250613,000001.SZ,20250613,2036.22112,2018.78772,1320764.9564709752,1272773100.57,224720532733.0,0.5645
20250616,000001.SZ,20250616,2017.04438,2055.39786,1415942.6172350557,1371041708.41,228795775554.0,0.6052
20250617,000001.SZ,20250617,2055.39786,2050.16784,1073047.15232956,1048960748.8,228213598008.0,0.4586
20250618,000001.SZ,20250618,2053.65452,2051.91118,824076.2364026255,802908097.73,228407657190.0,0.3522
20250619,000001.SZ,20250619,2050.16784,2039.7078,1003385.4073205927,974127330.84,227049242917.0,0.4289
20250620,000001.SZ,20250620,2039.7078,2064.11456,1578413.301985833,1544541881.0,229766071464.0,0.6747
20250623,000001.SZ,20250623,2058.88454,2079.80462,1674831.0536890787,1646476917.07,231512604102.0,0.7159
20250624,000001.SZ,20250624,2074.5746,2079.80462,1577602.5011171617,1560621893.02,231512604102.0,0.6743
20250625,000001.SZ,20250625,2079.80462,2102.46804,2019577.2390023936,2007989726.91,234035373468.0,0.8632
20250626,000001.SZ,20250626,2100.7247,2163.4849400000003,2621744.5922307037,2672207528.88,240827444837.0,1.1206
20250627,000001.SZ,20250627,2156.51158,2126.8748,2866515.393039313,2937865058.47,236752202016.0,1.2252
20250630,000001.SZ,20250630,2116.41476,2104.21138,1814261.6160555978,1812492376.93,234229432650.0,0.7755
20250701,000001.SZ,20250701,2102.46804,2144.3082,1632839.547577202,1653806750.47,238692793835.0,0.6979
20250702,000001.SZ,20250702,2146.05154,2147.79488,1447257.2342942716,1481842212.5,239080912199.0,0.6186
20250703,000001.SZ,20250703,2149.53822,2153.0249,957376.982164791,980546007.28,239663089745.0,0.4092
20250704,000001.SZ,20250704,2153.0249,2196.6084,2140401.289224592,2224874055.62,244514569295.0,0.9149
20250707,000001.SZ,20250707,2196.6084,2227.98852,1802912.8392747222,1901755851.27,248007634570.0,0.7706
20250708,000001.SZ,20250708,2222.7585,2212.29846,1315329.693512564,1387093602.06,246261101933.0,0.5622
20250709,000001.SZ,20250709,2207.06844,2238.44856,1453950.2627851395,1542699034.65,249171989662.0,0.6215
20250710,000001.SZ,20250710,2234.9618800000003,2297.72212,2991678.7367597558,3249454028.73,255770001850.0,1.2787
20250711,000001.SZ,20250711,2299.46546,2250.65194,2946260.0594930844,3200219566.16,250530403936.0,1.2593
20250714,000001.SZ,20250714,2243.67858,2262.85532,2258026.768539886,2440924105.22,251888818210.0,0.9651
20250715,000001.SZ,20250715,2264.59866,2219.27182,2182837.963605711,2322277284.93,247037338661.0,0.933
20250716,000001.SZ,20250716,2219.27182,2203.58176,2324297.981608939,2424983973.27,245290806023.0,0.9935
20250717,000001.SZ,20250717,2198.35174,2194.86506,1138891.7156664073,1189666226.65,244320510113.0,0.4868
20250718,000001.SZ,20250718,2200.09508,2214.0418,1496440.190016579,1574176824.24,246455161115.0,0.6396
20250721,000001.SZ,20250721,2203.58176,2198.35174,1300911.0954712809,1360155718.72,244708628477.0,0.556
20250722,000001.SZ,20250722,2196.6084,2177.43166,2333177.921526687,2408337285.96,242379918293.0,0.9973
20250723,000001.SZ,20250723,2172.20164,2184.40502,1652345.4023454026,1719158802.83,243156155021.0,0.7063
20250724,000001.SZ,20250724,2184.40502,2153.0249,2362259.5116615184,2426175235.74,239663089745.0,1.0097
20250725,000001.SZ,20250725,2149.53822,2153.0249,1336163.8795666576,1372103731.0,239663089745.0,0.5711
20250728,000001.SZ,20250728,2153.0249,2172.20164,1492867.4988474373,1541317046.96,241797740747.0,0.6381
20250729,000001.SZ,20250729,2172.20164,2151.28156,1221087.7493477804,1255113972.39,239469030563.0,0.5219
20250730,000001.SZ,20250730,2153.0249,2177.43166,2067859.4173964546,2149934404.53,242379918293.0,0.8839
20250731,000001.SZ,20250731,2180.91834,2132.10482,2037619.2854009215,2079630602.38,237334379562.0,0.8709
20250801,000001.SZ,20250801,2133.84816,2140.82152,1220326.9581741805,1240239179.62,238304675471.0,0.5216
20250804,000001.SZ,20250804,2133.84816,2144.3082,1245045.7208366161,1271376406.58,238692793835.0,0.5322
20250805,000001.SZ,20250805,2144.3082,2173.94498,1364871.8799181764,1405152349.43,241991799929.0,0.5834
20250806,000001.SZ,20250806,2173.94498,2172.20164,832427.1079865217,859684675.49,241797740747.0,0.3558
20250807,000001.SZ,20250807,2168.71496,2173.94498,870531.6503348912,900760012.96,241991799929.0,0.3721
20250808,000001.SZ,20250808,2175.68832,2161.7416000000003,1000430.0971700664,1032586758.9,240633385655.0,0.4276
20250811,000001.SZ,20250811,2161.7416000000003,2144.3082,1126487.852471649,1150305112.61,238692793835.0,0.4815
20250812,000001.SZ,20250812,2144.3082,2149.53822,819898.8113147065,839635630.05,239274971381.0,0.3504
20250813,000001.SZ,20250813,2156.51158,2137.33484,1350084.5990236425,1376777908.92,237916557107.0,0.5771
20250814,000001.SZ,20250814,2139.07818,2126.8748,1496241.4774336072,1523447931.74,236752202016.0,0.6395
20250815,000001.SZ,20250815,2132.10482,2105.95472,2349181.253019988,2344073499.27,234423491832.0,1.0041
20250818,000001.SZ,20250818,2102.46804,2105.95472,1493850.801817623,1496527038.59,234423491832.0,0.6385
20250819,000001.SZ,20250819,2109.4414,2102.46804,1076462.1706944238,1077380172.82,234035373468.0,0.4601
20250820,000001.SZ,20250820,2102.46804,2104.21138,1264394.746744284,1265435773.22,234229432650.0,0.5404
20250821,000001.SZ,20250821,2100.7247,2118.1581,1467760.7390763257,1477053291.9,235781906106.0,0.6274
20250822,000001.SZ,20250822,2118.1581,2102.46804,1982375.3547711885,1979461310.91,234035373468.0,0.8473
20250825,000001.SZ,20250825,2112.9280799999997,2170.4583,3671260.820662827,3761289075.87,241603681565.0,1.5692
20250826,000001.SZ,20250826,2170.4583,2154.76824,1668113.418209869,1709560922.86,239857148927.0,0.713
20250827,000001.SZ,20250827,2147.79488,2102.46804,2242538.7732100696,2268070720.55,234035373468.0,0.9585
20250828,000001.SZ,20250828,2107.69806,2105.95472,1993621.7008940778,1991723373.76,234423491832.0,0.8521
20250829,000001.SZ,20250829,2100.7247,2100.7247,2176320.752709642,2186232853.05,233841314286.0,0.9302
20250901,000001.SZ,20250901,2100.7247,2072.83126,2240621.236570311,2214306331.71,230736367374.0,0.9577
20250902,000001.SZ,20250902,2065.8579,2088.5213200000003,1799668.6351238822,1780010208.88,232482900012.0,0.7692
20250903,000001.SZ,20250903,2088.5213200000003,2048.4245,1648381.8687715295,1619322977.46,228019538827.0,0.7046
20250904,000001.SZ,20250904,2050.16784,2046.68116,1561657.6428690627,1513956779.44,227825479645.0,0.6675
20250905,000001.SZ,20250905,2044.93782,2043.19448,988211.7810358553,957547462.67,227437361281.0,0.4224
20250908,000001.SZ,20250908,2041.4511400000001,2039.7078,1114525.4200809759,1083054608.28,227049242917.0,0.4764
20250909,000001.SZ,20250909,2041.4511400000001,2048.4245,1037495.214289196,1009279728.78,228019538827.0,0.4434
20250910,000001.SZ,20250910,2046.68116,2051.91118,955667.8996300912,932170200.65,228407657190.0,0.4085
20250911,000001.SZ,20250911,2051.91118,2065.8579,1162148.67131148,1134234366.9,229960130646.0,0.4967
20250912,000001.SZ,20250912,2062.37122,2043.19448,1133760.1760055465,1107449056.76,227437361281.0,0.4846
20250915,000001.SZ,20250915,2039.7078,2030.9911000000002,1013198.5440627417,980347616.84,226078947007.0,0.4331
20250916,000001.SZ,20250916,2032.73444,2029.2477600000002,853647.2777406421,825169463.93,225884887825.0,0.3649
20250917,000001.SZ,20250917,2029.2477600000002,2029.2477600000002,929699.1959993504,896750270.44,225884887825.0,0.3974
20250918,000001.SZ,20250918,2030.9911000000002,1989.15094,1671201.9991340982,1594827200.16,221421526639.0,0.7143
20250919,000001.SZ,20250919,1989.15094,1996.1243,1006283.8356626938,955004096.91,222197763367.0,0.4301
20250922,000001.SZ,20250922,1994.38096,1983.9209200000003,719042.8679626212,680158438.95,220839349093.0,0.3073
20250923,000001.SZ,20250923,1982.1775799999998,2008.3276799999999,1617273.776803098,1543271184.51,223556177641.0,0.6913
20250924,000001.SZ,20250924,2006.58434,1997.8676400000002,1373920.4880215684,1310214181.06,222391822549.0,0.5872
20250925,000001.SZ,20250925,1992.63762,1987.4076,932287.7040855438,881943147.97,221227467457.0,0.3985
20250926,000001.SZ,20250926,1985.6642600000002,1987.4076,908130.1881263303,856917687.88,221227467457.0,0.3882
20250929,000001.SZ,20250929,1987.4076,1982.1775799999998,1417840.4779292126,1334456973.74,220645289911.0,0.606
20250930,000001.SZ,20250930,1982.1775799999998,1976.94756,1003665.4881369389,942224081.28,220063112365.0,0.429
20251009,000001.SZ,20251009,1975.20422,1987.4076,1262864.2306497246,1187061682.96,221227467457.0,0.5398
20251010,000001.SZ,20251010,1982.1775799999998,1992.63762,1311666.7124190275,1244213512.59,221809645003.0,0.5606
20251013,000001.SZ,20251013,1973.46088,1987.4076,1409147.013410131,1328180363.51,221227467457.0,0.6023
20251014,000001.SZ,20251014,1985.6642600000002,2017.04438,2222499.7630090225,2124120304.48,224526473551.0,0.9499
20251015,000001.SZ,20251015,2018.11176,2028.7896,1532434.2942977205,1443458104.69,221227467457.0,0.655
20251016,000001.SZ,20251016,2025.2303200000001,2053.7045599999997,1521433.8974948544,1447841584.81,223944296005.0,0.6503
20251017,000001.SZ,20251017,2046.586,2028.7896,1253456.9826236495,1193518554.56,221227467457.0,0.5358
20251020,000001.SZ,20251020,2030.56924,2032.34888,1148536.425349697,1081829699.98,221615585821.0,0.4909
20251021,000001.SZ,20251021,2028.7896,2034.12852,917685.8858571823,869658079.64,221809645003.0,0.3922
20251022,000001.SZ,20251022,2028.7896,2050.1452799999997,1005140.8464795812,957661635.9,223556177641.0,0.4296
20251023,000001.SZ,20251023,2050.1452799999997,2069.72132,1655469.8991041586,1593155218.0,225690828643.0,0.7076
20251024,000001.SZ,20251024,2064.3824,2057.26384,1182094.2810526146,1138026681.09,224332414369.0,0.5053
20251027,000001.SZ,20251027,2053.7045599999997,2050.1452799999997,1494365.4748824504,1428199707.19,223556177641.0,0.6387
20251028,000001.SZ,20251028,2051.92492,2041.24708,990510.4667836151,943626835.3,222585881731.0,0.4234
20251029,000001.SZ,20251029,2039.4674400000001,2027.00996,1164899.9399771006,1100783363.08,221033408275.0,0.4979
20251030,000001.SZ,20251030,2025.2303200000001,2025.2303200000001,1137841.3071121406,1077182643.3,220839349093.0,0.4863
20251031,000001.SZ,20251031,2025.2303200000001,2014.55248,1169697.5069853158,1099179193.25,219674994001.0,0.5
20251103,000001.SZ,20251103,2018.11176,2034.12852,1148157.048523561,1084422503.85,221809645003.0,0.4907
20251104,000001.SZ,20251104,2032.34888,2062.6027599999998,1812076.802431741,1737289513.56,224914591915.0,0.7745
20251105,000001.SZ,20251105,2062.6027599999998,2050.1452799999997,958389.8111097186,918112474.29,223556177641.0,0.4096
20251106,000001.SZ,20251106,2046.586,2048.36564,924221.4344452,882799461.59,223362118459.0,0.395
20251107,000001.SZ,20251107,2050.1452799999997,2055.4842000000003,885960.7504476333,848177983.52,224138355187.0,0.3787
20251110,000001.SZ,20251110,2050.1452799999997,2069.72132,997310.4229469971,957555600.77,225690828643.0,0.4263
20251111,000001.SZ,20251111,2067.94168,2076.83988,1068805.1655451348,1033284775.65,226467065371.0,0.4568
20251112,000001.SZ,20251112,2082.1787999999997,2078.6195199999997,1376020.5938060877,1337963805.19,226661124553.0,0.5881
20251113,000001.SZ,20251113,2078.6195199999997,2082.1787999999997,1180304.7947916777,1139765204.11,227049242917.0,0.5045
20251114,000001.SZ,20251114,2076.83988,2091.0769999999998,1587813.8225746253,1551867288.21,228019538827.0,0.6787
20251117,000001.SZ,20251117,2091.0769999999998,2076.83988,1199886.5080462305,1161416221.76,226467065371.0,0.5129
20251118,000001.SZ,20251118,2073.2806,2062.6027599999998,807867.9833116563,778887577.92,224914591915.0,0.3453
20251119,000001.SZ,20251119,2060.82312,2099.9752000000003,1609516.6919819699,1565428546.57,228989834736.0,0.6879
20251120,000001.SZ,20251120,2098.1955599999997,2108.8734,1973670.7743073485,1948415939.65,229960130646.0,0.8436
20251121,000001.SZ,20251121,2099.9752000000003,2080.39916,1766686.373167855,1721871193.26,226855183735.0,0.7551
20251124,000001.SZ,20251124,2082.1787999999997,2064.3824,1346836.319830147,1302444629.51,225108651097.0,0.5757
20251125,000001.SZ,20251125,2066.1620399999997,2099.9752000000003,1239488.749133811,1203879796.74,228989834736.0,0.5298
20251126,000001.SZ,20251126,2101.75484,2080.39916,990188.4540194727,962935429.85,226855183735.0,0.4232
20251127,000001.SZ,20251127,2075.06024,2083.9584400000003,1219917.187316879,1178308953.13,227243302099.0,0.5214
20251128,000001.SZ,20251128,2076.83988,2066.1620399999997,1066212.5462472686,1027933463.87,225302710279.0,0.4557
20251201,000001.SZ,20251201,2064.3824,2080.39916,1250631.4469084532,1205480322.84,226855183735.0,0.5345
20251202,000001.SZ,20251202,2078.6195199999997,2071.5009600000003,925999.1054937043,894720591.59,225884887825.0,0.3958
20251203,000001.SZ,20251203,2071.5009600000003,2055.4842000000003,1138843.1165630242,1099167226.64,224138355187.0,0.4868
20251204,000001.SZ,20251204,2055.4842000000003,2044.80636,1068300.0169882888,1019178990.3,222974000095.0,0.4566
20251205,000001.SZ,20251205,2044.80636,2051.92492,1073937.8143892034,1022334911.54,223750236823.0,0.459
20251208,000001.SZ,20251208,2044.80636,2050.1452799999997,1031900.7835404442,988510035.14,223556177641.0,0.4411
20251209,000001.SZ,20251209,2050.1452799999997,2034.12852,884883.9987921779,842732358.15,221809645003.0,0.3782
20251210,000001.SZ,20251210,2035.90816,2016.33212,1258759.8428647814,1184087688.01,219869053183.0,0.538
20251211,000001.SZ,20251211,2019.8914,2023.45068,1115526.3976444534,1049906215.97,220645289911.0,0.4768
20251212,000001.SZ,20251212,2023.45068,2019.8914,1436988.7055072242,1357465371.22,220257171547.0,0.6142
20251215,000001.SZ,20251215,2018.11176,2048.36564,1134299.6127911252,1080642231.19,223362118459.0,0.4848
20251216,000001.SZ,20251216,2044.80636,2043.02672,780468.7588638207,743389002.32,222779940913.0,0.3336
20251217,000001.SZ,20251217,2041.24708,2051.92492,845746.5657504239,807135164.41,223750236823.0,0.3615
20251218,000001.SZ,20251218,2048.36564,2071.5009600000003,953013.2745796327,916247610.59,225884887825.0,0.4073
20251219,000001.SZ,20251219,2069.72132,2067.94168,783524.8358975212,755106127.43,225496769461.0,0.3349
20251222,000001.SZ,20251222,2066.1620399999997,2050.1452799999997,895025.4417075405,857197057.46,223556177641.0,0.3826
20251223,000001.SZ,20251223,2050.1452799999997,2057.26384,803272.5769994289,770081939.85,224332414369.0,0.3433
20251224,000001.SZ,20251224,2055.4842000000003,2053.7045599999997,609138.774648034,582458734.52,223944296005.0,0.2604
20251225,000001.SZ,20251225,2053.7045599999997,2057.26384,660030.5958909355,633772624.98,224332414369.0,0.2821
20251226,000001.SZ,20251226,2057.26384,2053.7045599999997,526066.1124858656,504079280.05,223944296005.0,0.2249
20251229,000001.SZ,20251229,2053.7045599999997,2057.26384,781606.949623925,749082977.59,224332414369.0,0.3341
20251230,000001.SZ,20251230,2051.92492,2043.02672,702383.4304891404,669409275.27,222779940913.0,0.3002
20251231,000001.SZ,20251231,2043.02672,2030.56924,712071.9529091443,675457357.45,221421526639.0,0.3044
20260105,000001.SZ,20260105,2032.3489,2046.586,1055521.8647,1003479224.05,223168059277.0,0.4512
20260106,000001.SZ,20260106,2046.586,2076.8399,1572928.391,1512911583.88,226467065371.0,0.6723
20260107,000001.SZ,20260107,2075.0602,2071.501,1164927.1873,1131165699.04,225884887825.0,0.4979
20260108,000001.SZ,20260108,2071.501,2048.3656,1326299.9254,1268647294.7,223362118459.0,0.5669
20260109,000001.SZ,20260109,2051.9249,2039.4674,1185608.3905,1128076547.08,222391822549.0,0.5068
20260112,000001.SZ,20260112,2037.6878,2043.0267,1031073.779,979700148.21,222779940913.0,0.4407
20260113,000001.SZ,20260113,2043.0267,2041.2471,1279830.1041,1219755568.52,222585881731.0,0.547
20260114,000001.SZ,20260114,2041.2471,2021.671,1536890.4499,1454416591.07,220451230729.0,0.6569
20260115,000001.SZ,20260115,2016.3321,2012.7728,1066937.518,1002514946.79,219480934819.0,0.456
20260116,000001.SZ,20260116,2018.1118,1991.4172,1349674.0686,1257713579.29,217152224636.0,0.5769
20260119,000001.SZ,20260119,1984.2986,1978.9597,970223.4215,896712443.28,215793810362.0,0.4147
20260120,000001.SZ,20260120,1978.9597,1986.0782,931082.251,861694177.62,216570047090.0,0.398
20260121,000001.SZ,20260121,1984.2986,1970.0615,1085221.1252,1001045287.81,214823514452.0,0.4638
20260122,000001.SZ,20260122,1970.0615,1970.0615,950804.6497,873985784.71,214823514452.0,0.4064
20260123,000001.SZ,20260123,1970.0615,1955.8244,1338246.7689,1224886435.95,213271040996.0,0.572
20260126,000001.SZ,20260126,1954.0447,1950.4854,1333728.487,1214803430.68,212688863450.0,0.5701
20260127,000001.SZ,20260127,1950.4854400000002,1946.92616,1077946.691854871,981119837.75,212300745086.0,0.4607
20260128,000001.SZ,20260128,1946.92616,1929.12976,1734625.131133619,1570012850.06,210360153266.0,0.7414
20260129,000001.SZ,20260129,1929.12976,1950.4854400000002,2234032.2181178667,2001845207.96,212688863450.0,0.9549
20260130,000001.SZ,20260130,1946.92616,1927.35012,1316256.8259983384,1191181198.25,210166094084.0,0.5626
20260202,000001.SZ,20260202,1925.57048,1932.68904,1474698.8849998112,1337643444.96,210748271630.0,0.6303
20260203,000001.SZ,20260203,1938.0279600000001,1929.12976,972498.271880988,872562155.41,210360153266.0,0.4157
20260204,000001.SZ,20260204,1930.9094,1952.2650800000001,838416.4802953384,760107689.09,212882922632.0,0.3584
20260205,000001.SZ,20260205,1954.04472,1973.62076,1419743.7639760172,1301134141.58,215211632816.0,0.6068
20260206,000001.SZ,20260206,1971.84112,1966.5022000000001,877351.3668382496,803862240.92,214435396088.0,0.375
20260209,000001.SZ,20260209,1966.5022000000001,1970.06148,747151.475353636,685218214.66,214823514452.0,0.3193
20260210,000001.SZ,20260210,1970.06148,1968.28184,723898.7635399674,664140162.34,214629455270.0,0.3094
20260211,000001.SZ,20260211,1968.28184,1970.06148,519677.62712361483,476801864.09,214823514452.0,0.2221
20260212,000001.SZ,20260212,1970.06148,1950.4854400000002,821446.9055518439,748338546.8,212688863450.0,0.3511
20260213,000001.SZ,20260213,1950.4854400000002,1941.58724,669183.9253567649,607501376.05,211718567540.0,0.286
20260225,000001.SZ,20260225,1941.58724,1932.68904,1281751.4625963701,1156693737.43,210748271630.0,0.5478
20260226,000001.SZ,20260226,1932.68904,1934.46868,859291.6940717868,772947726.7,210942330812.0,0.3673
20260227,000001.SZ,20260227,1932.68904,1939.8076,738122.7963789693,666177345.8,211524508358.0,0.3155
20260302,000001.SZ,20260302,1930.9094,1930.9094,1011374.4078828957,908747811.55,210554212448.0,0.4323
20260303,000001.SZ,20260303,1930.9094,1936.2483200000001,1240229.3821082404,1119402076.0,211136389994.0,0.5301
20260304,000001.SZ,20260304,1929.12976,1905.9944400000002,1313796.1151078437,1167995855.73,207837383901.0,0.5615
20260306,000001.SZ,20260306,1918.45192,1925.57048,574577.1563672799,514733549.73,209972034902.0,0.2456
20260309,000001.SZ,20260309,1920.23156,1914.89264,1007780.2082045911,900716851.39,208807679810.0,0.4307
20260310,000001.SZ,20260310,1916.67228,1923.7908400000001,952585.4433261842,850573535.93,209777975720.0,0.4072
20260311,000001.SZ,20260311,1920.23156,1938.0279600000001,868701.003731868,781041008.86,211330449176.0,0.3713
20260312,000001.SZ,20260312,1934.46868,1946.92616,910139.7749160096,824171953.5,212300745086.0,0.389
20260313,000001.SZ,20260313,1945.14652,1945.14652,1015070.399233208,920839355.51,212106685904.0,0.4339
20260316,000001.SZ,20260316,1945.14652,1943.36688,862755.263314677,782089440.63,211912626722.0,0.3688
20260317,000001.SZ,20260317,1941.58724,1962.94292,1298053.9721473365,1187565491.59,214047277724.0,0.5548
20260318,000001.SZ,20260318,1964.72256,1950.4854400000002,953752.1593848756,867711250.46,212688863450.0,0.4077
20260319,000001.SZ,20260319,1943.36688,1936.2483200000001,752571.1012400829,681086518.72,211136389994.0,0.3217
20260320,000001.SZ,20260320,1934.46868,1916.67228,1005598.2278204502,903819004.16,209001738992.0,0.4298
20260323,000001.SZ,20260323,1900.65552,1859.7237999999998,1905008.0899039235,1666328347.8,202791845169.0,0.8142
20260324,000001.SZ,20260324,1872.18128,1936.2483200000001,1955841.1606058213,1744746707.7,211136389994.0,0.836
20260325,000001.SZ,20260325,1938.0279600000001,1946.92616,897931.9236842386,809739890.44,212300745086.0,0.3838
20260326,000001.SZ,20260326,1941.58724,1946.92616,997859.9026631436,909199430.74,212300745086.0,0.4265
20260327,000001.SZ,20260327,1941.58724,1961.16328,1065935.455403048,972821270.14,213853218542.0,0.4556
20260330,000001.SZ,20260330,1954.04472,1955.82436,762590.0999743594,696208267.35,213271040996.0,0.3259
20260331,000001.SZ,20260331,1957.604,1971.84112,1404039.477920651,1294675716.15,215017573634.0,0.6001
20260401,000001.SZ,20260401,1973.62076,1984.2986,1107887.6216800602,1025538832.67,216375987908.0,0.4735
20260402,000001.SZ,20260402,1984.2986,2005.65428,1385147.049691803,1292756711.67,218704698091.0,0.592
20260403,000001.SZ,20260403,2007.43392,1978.95968,913577.94145217,845283641.29,215793810362.0,0.3905
20260407,000001.SZ,20260407,1978.95968,1962.94292,732971.4240400969,671322754.77,214047277724.0,0.3133
20260408,000001.SZ,20260408,1977.18004,1996.75608,980151.3104946748,906308305.45,217734402182.0,0.4189
20260409,000001.SZ,20260409,1987.85788,1975.4004,726231.5928403892,669239285.37,215405691998.0,0.3104
20260410,000001.SZ,20260410,1975.4004,1973.62076,579966.4967296141,534088990.51,215211632816.0,0.2479
20260413,000001.SZ,20260413,1966.5022000000001,1970.06148,489612.91486368654,449056813.73,214823514452.0,0.2093
20260414,000001.SZ,20260414,1970.06148,1987.85788,598176.5843841461,551741632.58,216764106272.0,0.2557
20260416,000001.SZ,20260416,1993.1968,1973.62076,820933.7395294186,758006903.42,215211632816.0,0.3509
20260417,000001.SZ,20260417,1973.62076,1959.38364,871107.1838000851,797678405.53,213659159360.0,0.3723
20260420,000001.SZ,20260420,1959.38364,1968.28184,759589.9522982857,695097193.51,214629455270.0,0.3247
20260421,000001.SZ,20260421,1964.72256,1971.84112,972881.8804821892,896659539.18,215017573634.0,0.4158
20260422,000001.SZ,20260422,1971.84112,1954.04472,1011591.9524677242,923203009.35,213076981814.0,0.4324
20260423,000001.SZ,20260423,1954.04472,1957.604,781331.0885263047,711757543.31,213465100178.0,0.334
20260424,000001.SZ,20260424,1954.04472,1957.604,702535.087180149,639781173.32,213465100178.0,0.3003
20260427,000001.SZ,20260427,2016.33212,2025.2303200000001,4100693.324748109,3891707615.21,220839349093.0,1.7527
20260428,000001.SZ,20260428,2021.67104,2039.4674400000001,2018543.239125801,1908333958.72,222391822549.0,0.8628
20260429,000001.SZ,20260429,2034.12852,2050.1452799999997,1661874.0577073912,1583294868.98,223556177641.0,0.7103
20260430,000001.SZ,20260430,2046.586,2044.80636,1373508.342065441,1312827775.76,222974000095.0,0.5871
20260506,000001.SZ,20260506,2046.586,2021.67104,1466518.0921932468,1380730921.13,220451230729.0,0.6268
20260507,000001.SZ,20260507,2023.45068,2023.45068,1129628.420330581,1062755238.5,220645289911.0,0.4828
20260508,000001.SZ,20260508,2018.11176,2010.9932000000001,963084.3205303083,905737835.21,219286875637.0,0.4116
20260511,000001.SZ,20260511,2009.21356,2007.43392,1123488.3076125362,1047435369.38,218898757273.0,0.4802
20260512,000001.SZ,20260512,2007.43392,2002.095,1240643.6258673915,1158241865.91,218316579728.0,0.5303
20260513,000001.SZ,20260513,2002.095,1982.51896,1227303.8893409264,1136724107.4,216181928726.0,0.5246
20260514,000001.SZ,20260514,1982.51896,1966.5022000000001,957717.5014096311,881960631.2,214435396088.0,0.4094
20260515,000001.SZ,20260515,1966.5022000000001,1955.82436,1175181.7307372864,1074648532.65,213271040996.0,0.5023
20260518,000001.SZ,20260518,1950.4854400000002,1932.68904,1032482.6706964053,931697164.0,210748271630.0,0.4413
20260519,000001.SZ,20260519,1927.35012,1932.68904,956705.6369718408,862561883.36,210748271630.0,0.4089
20260520,000001.SZ,20260520,1932.68904,1916.67228,901370.6689246814,808079588.87,209001738992.0,0.3853
20260521,000001.SZ,20260521,1918.45192,1904.2148,1338508.1382766569,1194144111.5,207643324719.0,0.5721
20260522,000001.SZ,20260522,1904.2148,1900.65552,1150334.7850762976,1020057083.13,207255206355.0,0.4917
20260525,000001.SZ,20260525,1900.65552,1900.65552,799459.4100882682,709614127.77,207255206355.0,0.3417
20260526,000001.SZ,20260526,1905.9944400000002,1920.23156,1009533.8268563579,900879538.05,209389857356.0,0.4315
20260527,000001.SZ,20260527,1914.89264,1914.89264,1012403.5731674621,905710898.28,208807679810.0,0.4327
20260528,000001.SZ,20260528,1914.89264,1897.09624,1085927.8196276654,963695781.21,206867087991.0,0.4642
20260529,000001.SZ,20260529,1895.3166,1945.14652,1687125.288591338,1515692068.28,212106685904.0,0.7211
20260601,000001.SZ,20260601,1939.8076,1955.82436,1150892.94535668,1042306455.86,213271040996.0,0.4919
20260602,000001.SZ,20260602,1954.04472,1971.84112,1067502.5383744522,978159336.86,215017573634.0,0.4563
20260603,000001.SZ,20260603,1962.94292,1955.82436,994975.5802379261,906870268.35,213271040996.0,0.4253
20260604,000001.SZ,20260604,1941.58724,1925.57048,1048022.3997778011,943329311.39,209972034902.0,0.4479
20260605,000001.SZ,20260605,1927.35012,1954.04472,1209857.6672264945,1102446143.34,213076981814.0,0.5171
20260608,000001.SZ,20260608,1952.2650800000001,1962.94292,1315257.9462378847,1203946343.4,214047277724.0,0.5622
20260609,000001.SZ,20260609,1959.38364,1980.7393200000001,1386083.9719250214,1277122415.79,215987869544.0,0.5924
20260610,000001.SZ,20260610,1970.06148,2014.55248,1860505.8029247846,1738056712.03,219674994001.0,0.7952
20260611,000001.SZ,20260611,2014.55248,2010.9932000000001,1393980.7294359766,1308133972.13,219286875637.0,0.5958
20260612,000001.SZ,20260612,2022.02,2066.1367999999998,2450276.6834942764,2263042930.57,218122520546.0,1.0473
20260615,000001.SZ,20260615,2060.6222000000002,2033.0492,1858249.5313783896,1711561286.57,214629455270.0,0.7943
20260616,000001.SZ,20260616,2031.211,2010.9907999999998,1136560.7912675815,1034554249.38,212300745086.0,0.4858
20260617,000001.SZ,20260617,2016.5054,1981.5795999999998,1164435.0354805603,1046564895.54,209195798174.0,0.4977
20260618,000001.SZ,20260618,1974.2268,1933.7864,1720310.796313883,1511009564.95,204150259443.0,0.7353
20260622,000001.SZ,20260622,1933.7864,1957.683,1525508.7593050557,1334768052.78,206673028809.0,0.652
20260623,000001.SZ,20260623,1957.683,1968.7122000000002,1435432.6540862035,1285360400.38,207837383901.0,0.6135
20260624,000001.SZ,20260624,1963.1976,1931.9481999999998,1357352.2688106024,1193370303.56,203956200261.0,0.5802
20260625,000001.SZ,20260625,1924.5954000000002,1915.4044,1306906.0257524766,1136742126.47,202209667623.0,0.5586
20260626,000001.SZ,20260626,1915.4044,1880.4786,1490744.208722604,1270902947.86,198522543166.0,0.6372
20260629,000001.SZ,20260629,1878.6404,1882.3168,1355301.0514816071,1144166877.64,198716602348.0,0.5793
20260630,000001.SZ,20260630,1878.6404,1847.391,1339884.6466940604,1121201539.48,195029477890.0,0.5727
20260701,000001.SZ,20260701,1847.391,1867.6112,1093377.130221266,915838549.12,197164128892.0,0.4673
20260702,000001.SZ,20260702,1874.9639999999997,1889.6695999999997,1211359.0793181844,1030886382.42,199492839075.0,0.5178
20260703,000001.SZ,20260703,1891.5077999999999,1891.5077999999999,1040855.8826768704,888789393.37,199686898257.0,0.4449
20260706,000001.SZ,20260706,1884.155,1930.11,1279236.2208835976,1103902583.44,203762141079.0,0.5468
20260707,000001.SZ,20260707,1922.7572,1924.5954000000002,970801.9328968404,840465778.05,203179963533.0,0.4149
20260708,000001.SZ,20260708,1919.0807999999997,1948.492,1146268.7726190814,1002624597.24,205702732899.0,0.4899
20260709,000001.SZ,20260709,1939.3010000000002,1928.2718,900838.8276328092,785387063.07,203568081897.0,0.385
20260710,000001.SZ,20260710,1930.11,1920.9189999999999,1154177.8878777337,999718249.32,202791845169.0,0.4933
20260713,000001.SZ,20260713,1915.4044,1937.4627999999998,1114905.4358930904,971033144.43,204538377807.0,0.4765
20260714,000001.SZ,20260714,1935.6245999999999,1965.0357999999999,1439183.7187940585,1267511183.68,207449265537.0,0.6151
20260715,000001.SZ,20260715,1957.683,1992.6088,1183235.1121510074,1059209085.47,210360153266.0,0.5057
20260716,000001.SZ,20260716,1994.447,1979.7413999999999,965430.9302264551,864435895.0,209001738992.0,0.4126
20240102,600036.SH,20240102,159.52797900000002,157.4161596,18394831.148079716,1500865548.0,695563341676.0,0.2628
20240103,600036.SH,20240103,157.4161596,158.5006074,14722651.597389616,1200383624.0,700355112340.0,0.2104
20240104,600036.SH,20240104,158.44353120000002,158.7289122,21614727.26697332,1759101593.0,701363906164.0,0.3088
20240105,600036.SH,20240105,158.386455,161.4685698,40394145.708435915,3376466447.0,713469432052.0,0.5772
20240108,600036.SH,20240108,160.78365540000001,160.5553506,27711956.76306058,2305065736.0,709434256756.0,0.396
20240109,600036.SH,20240109,160.4982744,160.78365540000001,18953543.371071666,1569684230.0,710443050580.0,0.2708
20240110,600036.SH,20240110,159.9275124,160.09874100000002,15390483.330961186,1277638873.0,707416669108.0,0.2199
20240111,600036.SH,20240111,159.81336000000002,161.9822556,24946855.3235844,2082611272.0,715739218156.0,0.3564
20240112,600036.SH,20240112,161.2973412,162.89547480000002,19603880.848553896,1652242626.0,719774393453.0,0.2801
20240115,600036.SH,20240115,162.66717,164.2082274,16367970.352268942,1383953760.0,725574957941.0,0.2339
20240116,600036.SH,20240116,163.4091606,166.26297060000002,28954333.589655653,2469511282.0,734654102357.0,0.4137
20240117,600036.SH,20240117,166.2058944,166.60542780000003,44396410.472454906,3843478823.0,736167293093.0,0.6344
20240118,600036.SH,20240118,165.17852280000002,168.8313996,43939249.0727722,3762050846.0,746003032878.0,0.6278
20240119,600036.SH,20240119,167.6327994,169.6875426,32861864.40397353,2865398412.0,749786009718.0,0.4695
20240122,600036.SH,20240122,169.8587712,172.655505,52576157.027655564,4691297100.0,762900329430.0,0.7512
20240123,600036.SH,20240123,171.2856762,171.1715238,30060859.45166566,2661547376.0,756343169574.0,0.4295
20240124,600036.SH,20240124,172.084743,171.74228580000002,33074793.23224398,2904947629.0,758865154134.0,0.4726
20240125,600036.SH,20240125,172.99796220000002,176.365458,41882711.993268095,3791899866.0,779293229071.0,0.5984
20240126,600036.SH,20240126,176.4796104,177.62113440000002,34263018.10139312,3132788305.0,784841595103.0,0.4896
20240129,600036.SH,20240129,178.077744,178.93388700000003,28458465.321414184,2632393040.0,790642159591.0,0.4066
20240130,600036.SH,20240130,178.077744,176.93622000000002,25241367.808522344,2316762500.0,781815213631.0,0.3607
20240131,600036.SH,20240131,176.4796104,175.28101020000003,27444906.172026474,2494516011.0,774501458407.0,0.3921
20240201,600036.SH,20240201,175.0527054,173.62580040000003,29166709.074928302,2621519218.0,767187703182.0,0.4167
20240202,600036.SH,20240202,173.797029,172.5413526,33495458.081964303,2986530108.0,762395932518.0,0.4786
20240205,600036.SH,20240205,172.5413526,175.28101020000003,36097193.39817496,3246673368.0,774501458407.0,0.5158
20240206,600036.SH,20240206,175.28101020000003,178.8197346,36035434.07712403,3296036540.0,790137762679.0,0.5149
20240207,600036.SH,20240207,179.33342040000002,178.7055822,37675858.57934468,3458135329.0,789633365767.0,0.5383
20240208,600036.SH,20240208,178.7055822,179.219268,29618077.84533787,2728137528.0,791903151871.0,0.4232
20240219,600036.SH,20240219,182.5867638,180.47494440000003,29702410.575157538,2770406837.0,797451517904.0,0.4244
20240220,600036.SH,20240220,180.47494440000003,179.219268,20573254.999777984,1907541533.0,791903151871.0,0.294
20240221,600036.SH,20240221,179.219268,188.35146,51862118.94853784,5003152628.0,832254904833.0,0.741
20240222,600036.SH,20240222,187.2670122,187.209936,25538607.31431641,2461009465.0,827210935713.0,0.3649
20240223,600036.SH,20240223,187.267,188.0661,21707897.5393,2118316307.0,830993912553.0,0.3102
20240226,600036.SH,20240226,187.5524,184.0707,22608359.2831,2163023087.0,813340020632.0,0.323
20240227,600036.SH,20240227,184.0137,183.6712,18438825.1394,1746108592.0,811574631440.0,0.2635
20240228,600036.SH,20240228,184.299,182.758,23195877.9115,2186677932.0,807539456144.0,0.3314
20240229,600036.SH,20240229,182.016,182.8721,16926945.1672,1595634178.0,808043853056.0,0.2419
20240301,600036.SH,20240301,182.1872,182.3014,14492562.6901,1361853701.0,805521868496.0,0.2071
20240304,600036.SH,20240304,181.274,179.9042,20062505.5029,1868022544.0,794929533344.0,0.2867
20240305,600036.SH,20240305,179.3334,183.6712,30331361.3967,2850224114.0,811574631440.0,0.4334
20240306,600036.SH,20240306,183.4429,181.9018,17509583.1136,1655425115.0,803756479304.0,0.2502
20240307,600036.SH,20240307,181.9018,182.6438,17624601.1045,1659111449.0,807035059232.0,0.2518
20240308,600036.SH,20240308,182.016,180.7603,14964049.2613,1399732269.0,798712510184.0,0.2138
20240311,600036.SH,20240311,180.0754,179.6759,25056088.149,2318402185.0,793920739519.0,0.358
20240312,600036.SH,20240312,179.3334,182.3585,26098171.4345,2447163517.0,805774066952.0,0.3729
20240313,600036.SH,20240313,182.4155,179.9042,15924714.1127,1482651384.0,794929533344.0,0.2275
20240314,600036.SH,20240314,179.5617,178.3631,17240654.0062,1595073269.0,788120175031.0,0.2463
20240315,600036.SH,20240315,178.306,177.9636,17668320.9688,1621589213.0,786354785839.0,0.2525
20240318,600036.SH,20240318,177.7924,177.6782,15670622.8079,1436837360.0,785093793559.0,0.2239
20240319,600036.SH,20240319,177.507,175.7947,18558713.6343,1688506946.0,776771244511.0,0.2652
20240320,600036.SH,20240320,175.7947,177.9636,16904687.9544,1544956631.0,786354785839.0,0.2415
20240321,600036.SH,20240321,177.9065,180.0754,21942410.4764,2040298376.0,795686128712.0,0.3135
20240322,600036.SH,20240322,179.9613,178.0777,18757293.5425,1722145156.0,786859182751.0,0.268
20240325,600036.SH,20240325,177.5641,178.9339,16412303.2704,1514858505.0,790642159591.0,0.2345
20240326,600036.SH,20240326,181.5023,184.9269,42215148.3206,4014510510.0,817122997472.0,0.6032
20240327,600036.SH,20240327,184.299,184.3561,26533488.1689,2539984050.0,814601012912.0,0.3791
20240328,600036.SH,20240328,184.5844,183.6712,23570339.4691,2242513222.0,811574631440.0,0.3368
20240329,600036.SH,20240329,183.2146,183.7854,17438321.6278,1663236764.0,812079028352.0,0.2492
20240401,600036.SH,20240401,183.6712,186.2967,19343335.0063,1861582316.0,823175760417.0,0.2764
20240402,600036.SH,20240402,186.6392,185.783,18205662.8206,1753251097.0,820905974313.0,0.2601
20240403,600036.SH,20240403,185.726,183.9566,16898220.8642,1612691616.0,812835623720.0,0.2414
20240408,600036.SH,20240408,184.0137,184.9269,16192873.086,1544564957.0,817122997472.0,0.2314
20240409,600036.SH,20240409,185.4977,184.4132,13054011.6913,1248965235.0,814853211368.0,0.1865
20240410,600036.SH,20240410,183.7283,185.4406,17099476.564,1638691786.0,819392783576.0,0.2443
20240411,600036.SH,20240411,184.4132,184.3561,15054855.8667,1432073801.0,814601012912.0,0.2151
20240412,600036.SH,20240412,184.242,183.3288,16223845.0269,1540845216.0,810061440704.0,0.2318
20240415,600036.SH,20240415,183.2146,187.3812,25941803.0136,2503221029.0,827967531081.0,0.3707
20240416,600036.SH,20240416,186.6963,186.9246,25158484.0842,2429469045.0,825949943433.0,0.3595
20240417,600036.SH,20240417,186.5821,190.0637,32169616.7075,3131202074.0,839820858513.0,0.4597
20240418,600036.SH,20240418,189.8354,192.0614,34149643.1762,3393695785.0,848647804474.0,0.4879
20240419,600036.SH,20240419,191.5477,191.8902,18333379.8806,1818443521.0,847891209106.0,0.262
20240422,600036.SH,20240422,192.8034,190.2921,20611604.9604,2034006573.0,840829652337.0,0.2945
20240423,600036.SH,20240423,190.0637,190.5204,17385773.7205,1717681682.0,841838446161.0,0.2484
20240424,600036.SH,20240424,190.5204,190.977,15042499.7956,1480785929.0,843856033809.0,0.2149
20240425,600036.SH,20240425,190.8628,196.3421,31194899.7938,3136628386.0,867562688674.0,0.4457
20240426,600036.SH,20240426,196.3421,196.7987,32396479.5335,3292052902.0,869580276322.0,0.4629
20240429,600036.SH,20240429,196.3421,199.0818,27754141.7876,2854804596.0,879668214563.0,0.3966
20240430,600036.SH,20240430,196.3421,195.8284,29449715.0111,2982962844.0,865292902570.0,0.4208
20240506,600036.SH,20240506,200.3375,199.0818,33950525.5313,3501168456.0,879668214563.0,0.4851
20240507,600036.SH,20240507,199.0818,199.0247,16076075.3052,1649813221.0,879416016107.0,0.2297
20240508,600036.SH,20240508,198.7393,197.3124,14006993.5227,1434042865.0,871850062427.0,0.2001
20240509,600036.SH,20240509,197.4837,198.8535,17383699.7869,1782846432.0,878659420739.0,0.2484
20240510,600036.SH,20240510,198.8535,203.3054,31903419.7099,3331360840.0,898330900308.0,0.4558
20240513,600036.SH,20240513,202.2781,204.9606,25370327.261,2674602938.0,905644655532.0,0.3625
20240514,600036.SH,20240514,204.8465,201.7073,23334003.9945,2440460309.0,891269343539.0,0.3334
20240515,600036.SH,20240515,201.6502,200.0521,22898563.4279,2361226415.0,883955588315.0,0.3272
20240516,600036.SH,20240516,200.2233,206.9012,43815385.7363,4659047071.0,914219403036.0,0.6261
20240517,600036.SH,20240517,207.1866,210.3258,31106610.5428,3342837158.0,929351310397.0,0.4445
20240520,600036.SH,20240520,210.3258,207.6432,31017402.5592,3337501051.0,917497982964.0,0.4432
20240521,600036.SH,20240521,207.5291,206.8441,15131248.7522,1620630880.0,913967204580.0,0.2162
20240522,600036.SH,20240522,206.73,205.8168,22543464.8041,2398900244.0,909427632372.0,0.3221
20240523,600036.SH,20240523,204.9036,202.6205,31368032.3701,3284073837.0,895304518836.0,0.4482
20240524,600036.SH,20240524,201.479,198.2827,29531077.8055,3051224758.0,876137436179.0,0.422
20240527,600036.SH,20240527,198.9106,200.5658,19369995.2144,1997775669.0,886225374419.0,0.2768
20240528,600036.SH,20240528,200.3375,198.7964,16155531.7635,1660811058.0,878407222283.0,0.2308
20240529,600036.SH,20240529,198.3398,197.3124,16659362.2677,1703567318.0,871850062427.0,0.238
20240530,600036.SH,20240530,196.6275,195.9997,18973281.1938,1928489154.0,866049497938.0,0.2711
20240531,600036.SH,20240531,197.0841,195.6572,17266353.4128,1752657846.0,864536307202.0,0.2467
20240603,600036.SH,20240603,195.3148,194.9152,20631156.1868,2071791245.0,861257727274.0,0.2948
20240604,600036.SH,20240604,194.9152,197.1412,18109631.1781,1840296169.0,871093467059.0,0.2588
20240605,600036.SH,20240605,197.9403,194.002,23444685.4862,2359792656.0,857222551978.0,0.335
20240606,600036.SH,20240606,194.5728,194.0591,22976479.2789,2302856624.0,857474750434.0,0.3283
20240607,600036.SH,20240607,194.3445,194.002,23011251.6786,2298090330.0,857222551978.0,0.3288
20240611,600036.SH,20240611,192.8034,190.4062,23424570.0603,2309722313.0,841334049249.0,0.3347
20240612,600036.SH,20240612,190.3491,188.8651,17349409.4843,1693037688.0,834524690937.0,0.2479
20240613,600036.SH,20240613,189.493,187.3241,18665884.7397,1808251998.0,827715332625.0,0.2667
20240614,600036.SH,20240614,187.3241,192.9746,33644146.197,3324856785.0,852682979770.0,0.4807
20240617,600036.SH,20240617,191.776,192.518,15527614.6858,1539063152.0,850665392122.0,0.2219
20240618,600036.SH,20240618,193.26,192.4039,15391667.7089,1538144777.0,850160995210.0,0.2199
20240619,600036.SH,20240619,192.4039,194.9152,19878863.1416,1997678159.0,861257727274.0,0.284
20240620,600036.SH,20240620,194.9723,194.1162,13315063.3792,1336247232.0,857726948890.0,0.1903
20240621,600036.SH,20240621,193.3742,192.3468,17776281.2072,1765822362.0,849908796754.0,0.254
20240624,600036.SH,20240624,192.8605,194.4586,23497214.7339,2350203464.0,859240139626.0,0.3357
20240625,600036.SH,20240625,194.4586,195.7714,21650611.7809,2187945494.0,865040704114.0,0.3094
20240626,600036.SH,20240626,195.0865,194.4015,15356472.9229,1545807548.0,858987941170.0,0.2194
20240627,600036.SH,20240627,193.8308,195.5431,18835123.8983,1894891373.0,864031910290.0,0.2691
20240628,600036.SH,20240628,195.2006,195.1435,17836894.4874,1799951939.0,862266521098.0,0.2549
20240701,600036.SH,20240701,195.1435,196.1138,16021456.1784,1616131283.0,866553894850.0,0.2289
20240702,600036.SH,20240702,196.228,200.2233,29474444.4558,3041833255.0,884712183683.0,0.4211
20240703,600036.SH,20240703,199.8238,196.6846,23455931.4787,2388331234.0,869075879410.0,0.3351
20240704,600036.SH,20240704,197.1412,198.1115,23644095.9177,2424281266.0,875380840811.0,0.3378
20240705,600036.SH,20240705,198.1115,193.3742,32833587.5929,3295568199.0,854448368962.0,0.4691
20240708,600036.SH,20240708,193.2029,194.002,18514769.1758,1855611836.0,857222551978.0,0.2645
20240709,600036.SH,20240709,194.002,196.7417,21069680.0037,2124005154.0,869328077866.0,0.3011
20240710,600036.SH,20240710,196.7417,197.9403,24641379.4548,2524474646.0,874624245443.0,0.3521
20240711,600036.SH,20240711,200.1916,199.1022,24847474.1069,2411951386.0,829732920273.0,0.355
20240712,600036.SH,20240712,199.7679,205.7592,32057397.3226,3199683547.0,857474750434.0,0.458
20240715,600036.SH,20240715,205.7592,204.4278,16101692.9487,1605883747.0,851926384402.0,0.2301
20240716,600036.SH,20240716,204.3067,204.4883,15463495.7691,1535668998.0,852178582858.0,0.2209
20240717,600036.SH,20240717,203.9436,206.1828,19608027.0195,1964635267.0,859240139626.0,0.2802
20240718,600036.SH,20240718,206.1828,206.3038,20309390.1174,2036474280.0,859744536538.0,0.2902
20240719,600036.SH,20240719,205.7592,207.2721,27483002.3616,2749172010.0,863779711834.0,0.3927
20240722,600036.SH,20240722,206.788,201.765,27419681.3987,2694241975.0,840829652337.0,0.3918
20240723,600036.SH,20240723,201.765,201.765,18278119.5409,1803269600.0,840829652337.0,0.2612
20240724,600036.SH,20240724,202.4307,200.7967,16367992.4046,1604648703.0,836794477041.0,0.2339
20240725,600036.SH,20240725,201.0388,198.6786,25854740.8881,2496804673.0,827967531081.0,0.3694
20240726,600036.SH,20240726,198.4971,195.8948,20405555.0914,1952156132.0,816366402104.0,0.2916
20240729,600036.SH,20240729,195.9553,196.379,14027815.9791,1343740115.0,818383989752.0,0.2004
20240730,600036.SH,20240730,196.0764,196.1974,13257895.007,1264925929.0,817627394384.0,0.1894
20240731,600036.SH,20240731,196.1974,198.0735,20198873.509,1948675368.0,825445546521.0,0.2886
20240801,600036.SH,20240801,198.0735,197.9524,13880692.5593,1332771463.0,824941149609.0,0.1983
20240802,600036.SH,20240802,196.1974,195.3502,13100089.7942,1250037017.0,814096616000.0,0.1872
20240805,600036.SH,20240805,194.866,194.2609,19827383.5831,1884940815.0,809557043792.0,0.2833
20240806,600036.SH,20240806,195.8343,191.8402,17451462.4214,1637765272.0,799469105552.0,0.2494
20240807,600036.SH,20240807,192.0217,191.1139,13256202.7477,1238023516.0,796442724080.0,0.1894
20240808,600036.SH,20240808,191.2955,193.2321,13387432.5688,1252394782.0,805269670040.0,0.1913
20240809,600036.SH,20240809,193.4741,195.6528,16378018.7354,1561254687.0,815357608280.0,0.234
20240812,600036.SH,20240812,195.4712,194.3819,10820661.6769,1023447632.0,810061440704.0,0.1546
20240813,600036.SH,20240813,194.2609,193.2926,9580117.5657,902009896.0,805521868496.0,0.1369
20240814,600036.SH,20240814,193.0505,192.8084,9582438.4851,901196911.0,803504280848.0,0.1369
20240815,600036.SH,20240815,192.7479,198.255,25098560.532,2409557383.0,826202141889.0,0.3586
20240816,600036.SH,20240816,198.1945,200.6152,14198388.4535,1383877362.0,836037881673.0,0.2029
20240819,600036.SH,20240819,201.2204,202.2492,14345643.5085,1409948503.0,842847239985.0,0.205
20240820,600036.SH,20240820,202.4307,202.6123,14375679.075,1415473211.0,844360430721.0,0.2054
20240821,600036.SH,20240821,201.5229,201.1598,12827686.6021,1254587421.0,838307667777.0,0.1833
20240822,600036.SH,20240822,201.4019,201.5229,12989277.0066,1276718683.0,839820858513.0,0.1856
20240823,600036.SH,20240823,201.3414,203.9436,15795797.0685,1561509818.0,849908796754.0,0.2257
20240826,600036.SH,20240826,203.9436,204.3673,11914163.4529,1182990040.0,851674185946.0,0.1702
20240827,600036.SH,20240827,204.3673,203.9436,13136673.8748,1308314397.0,849908796754.0,0.1877
20240828,600036.SH,20240828,204.7304,203.8226,14087416.55,1398682394.0,849404399842.0,0.2013
20240829,600036.SH,20240829,203.2779,199.2838,17519287.8202,1712021359.0,830489515641.0,0.2503
20240830,600036.SH,20240830,198.4971,194.5634,37734186.9024,3618077500.0,810818036072.0,0.5392
20240902,600036.SH,20240902,193.6557,193.2321,18931748.578,1787602792.0,805269670040.0,0.2705
20240903,600036.SH,20240903,193.7162,191.356,17158446.4392,1596269780.0,797451517904.0,0.2452
20240904,600036.SH,20240904,190.8114,189.7826,12909953.5406,1198859446.0,790894358047.0,0.1845
20240905,600036.SH,20240905,189.7826,188.8143,18390374.8879,1687017960.0,786859182751.0,0.2628
20240906,600036.SH,20240906,189.1169,189.1169,13000070.7573,1206615762.0,788120175031.0,0.1857
20240909,600036.SH,20240909,187.4829,183.0046,29552569.2947,2641195521.0,762648130974.0,0.4223
20240910,600036.SH,20240910,183.0651,182.702,16149865.6805,1435849555.0,761387138694.0,0.2308
20240911,600036.SH,20240911,182.3994,182.0363,14106472.448,1249059023.0,758612955678.0,0.2016
20240912,600036.SH,20240912,182.1574,182.9441,13918967.2029,1242374645.0,762395932518.0,0.1989
20240913,600036.SH,20240913,183.2467,185.1832,16826730.713,1520857906.0,771727275391.0,0.2404
20240918,600036.SH,20240918,185.2438,188.2696,14199652.2197,1295345114.0,784589396647.0,0.2029
20240919,600036.SH,20240919,188.8143,186.5146,15307389.6009,1393040942.0,777275641423.0,0.2187
20240920,600036.SH,20240920,186.5146,187.2408,16536424.7884,1505998312.0,780302022895.0,0.2363
20240923,600036.SH,20240923,186.6962,189.9641,11691405.4073,1076332365.0,791650953415.0,0.1671
20240924,600036.SH,20240924,191.7191,200.4941,46181511.2681,4427310186.0,835533484761.0,0.6599
20240925,600036.SH,20240925,204.8514,206.6669,62976023.9159,6327661421.0,861257727274.0,0.8998
20240926,600036.SH,20240926,206.7274,214.1106,59213128.6831,6068657572.0,892278137363.0,0.8461
20240927,600036.SH,20240927,218.5283,215.6235,25290856.2143,2653812670.0,898583098764.0,0.3614
20240930,600036.SH,20240930,219.9807,227.6059,86886473.9114,9443438268.0,948518393054.0,1.2415
20241008,600036.SH,20241008,250.3605,242.0696,100865121.752,11999361938.0,1008793824040.0,1.4412
20241009,600036.SH,20241009,240.2541,223.9749,62965483.2577,7113813985.0,933386485693.0,0.8997
20241010,600036.SH,20241010,226.3351,234.3839,48626955.1769,5528664144.0,976764620127.0,0.6948
20241011,600036.SH,20241011,234.3839,232.5684,30651870.4853,3498241860.0,969198666446.0,0.438
20241014,600036.SH,20241014,236.0784,238.0149,43865015.616,5076841420.0,991896527487.0,0.6268
20241015,600036.SH,20241015,237.0467,232.992,32433042.2403,3755705942.0,970964055639.0,0.4634
20241016,600036.SH,20241016,230.8739,239.0437,34352325.4899,3963555265.0,996183901240.0,0.4908
20241017,600036.SH,20241017,239.2253,232.9315,28801054.5259,3315820471.0,970711857182.0,0.4115
20241018,600036.SH,20241018,233.0525,236.3204,31490486.3952,3603949498.0,984834970719.0,0.4499
20241021,600036.SH,20241021,236.9256,235.1101,24343680.922,2780905731.0,979791001599.0,0.3478
20241022,600036.SH,20241022,235.0496,237.0467,20373814.3736,2352800199.0,987861352191.0,0.2911
20241023,600036.SH,20241023,236.381,240.012,21275365.8401,2482861345.0,1000219076536.0,0.304
20241024,600036.SH,20241024,239.3463,237.8939,11409932.6147,1323826643.0,991392130575.0,0.163
20241025,600036.SH,20241025,237.5308,236.623,15196786.4797,1756222719.0,986095962999.0,0.2171
20241028,600036.SH,20241028,236.0784,233.113,22549013.5011,2559210507.0,971468452551.0,0.3222
20241029,600036.SH,20241029,233.5972,233.5972,17461401.9002,1990283154.0,973486040199.0,0.2495
20241030,600036.SH,20241030,233.0525,229.2399,23864257.8991,2680423056.0,955327751366.0,0.341
20241031,600036.SH,20241031,228.7558,226.093,28850934.4447,3173924099.0,942213431653.0,0.4122
20241101,600036.SH,20241101,226.5771,230.0266,23853870.5891,2671523515.0,958606331294.0,0.3408
20241104,600036.SH,20241104,230.5713,234.5049,21937355.7508,2466019719.0,977269017039.0,0.3134
20241105,600036.SH,20241105,232.5684,236.502,21331177.8266,2445317943.0,985591566087.0,0.3048
20241106,600036.SH,20241106,236.0179,233.3551,21995852.0106,2501077845.0,972477246375.0,0.3143
20241107,600036.SH,20241107,232.5079,239.4674,25223490.1817,2904874006.0,997949290432.0,0.3604
20241108,600036.SH,20241108,240.133,234.8075,25287824.5324,2920926027.0,978530009319.0,0.3613
20241111,600036.SH,20241111,231.7816,231.9632,23855344.3611,2682610299.0,966676681886.0,0.3409
20241112,600036.SH,20241112,231.116,227.4849,30306276.401,3399364219.0,948013996142.0,0.433
20241113,600036.SH,20241113,227.4849,228.8768,16464732.7739,1833809094.0,953814560630.0,0.2353
20241114,600036.SH,20241114,227.9085,230.3292,22949325.7779,2585688546.0,959867323574.0,0.3279
20241115,600036.SH,20241115,230.4503,228.8768,23724093.5054,2671344642.0,953814560630.0,0.339
20241118,600036.SH,20241118,230.2687,229.3609,25901204.3973,2918992440.0,955832148278.0,0.3701
20241119,600036.SH,20241119,229.4215,228.2716,17684195.9079,1967719175.0,951292576070.0,0.2527
20241120,600036.SH,20241120,228.7558,226.8192,15310782.2618,1693331536.0,945239813125.0,0.2188
20241121,600036.SH,20241121,226.8192,226.5166,11885717.348,1309684433.0,943978820845.0,0.1698
20241122,600036.SH,20241122,226.5166,220.5859,23426014.9946,2544524441.0,919263372156.0,0.3347
20241125,600036.SH,20241125,222.0989,219.194,18120023.2378,1945383410.0,913462807668.0,0.2589
20241126,600036.SH,20241126,218.0442,220.2228,15586603.8992,1666651768.0,917750181420.0,0.2227
20241127,600036.SH,20241127,220.2228,221.4937,13301839.1262,1429782933.0,923046348997.0,0.1901
20241128,600036.SH,20241128,221.4937,220.707,15332761.2764,1647865702.0,919767769068.0,0.2191
20241129,600036.SH,20241129,221.4332,219.9202,22540160.3524,2437776752.0,916489189140.0,0.3221
20241202,600036.SH,20241202,220.5859,220.949,14407005.549,1548959360.0,920776562893.0,0.2059
20241203,600036.SH,20241203,221.7963,224.6406,24494540.0008,2658919819.0,936160668709.0,0.35
20241204,600036.SH,20241204,224.459,222.7645,21051842.4103,2285383469.0,928342516573.0,0.3008
20241205,600036.SH,20241205,221.8568,223.3697,19302521.9739,2108115265.0,930864501133.0,0.2758
20241206,600036.SH,20241206,223.9749,228.1506,29761638.6319,3296793042.0,950788179158.0,0.4252
20241209,600036.SH,20241209,227.4849,228.1506,16725660.6298,1859542283.0,950788179158.0,0.239
20241210,600036.SH,20241210,234.8075,233.5972,35248158.9658,4022695501.0,973486040199.0,0.5036
20241211,600036.SH,20241211,233.2341,231.7816,17564123.1915,1988895959.0,965920086518.0,0.251
20241212,600036.SH,20241212,231.7211,234.8075,19911145.6674,2267252621.0,978530009319.0,0.2845
20241213,600036.SH,20241213,232.6894,225.7299,37929365.6679,4213094969.0,940700240917.0,0.5419
20241216,600036.SH,20241216,226.0325,228.3927,21723747.0333,2409086954.0,951796972982.0,0.3104
20241217,600036.SH,20241217,227.1823,229.0584,20461276.4938,2287237539.0,954571155998.0,0.2924
20241218,600036.SH,20241218,230.0872,233.113,27339939.957,3101731956.0,971468452551.0,0.3906
20241219,600036.SH,20241219,232.2658,230.0872,20735801.7954,2336249857.0,958858529750.0,0.2963
20241220,600036.SH,20241220,230.2687,229.4215,18393324.1281,2060744582.0,956084346734.0,0.2628
20241223,600036.SH,20241223,229.9056,232.0842,30625263.8812,3473126152.0,967181078798.0,0.4376
20241224,600036.SH,20241224,232.0842,237.3492,33703659.2372,3875223368.0,989122344471.0,0.4816
20241225,600036.SH,20241225,237.4098,238.4386,25645567.3962,2972981821.0,993661916679.0,0.3664
20241226,600036.SH,20241226,238.4386,238.9227,18294989.8866,2125139425.0,995679504327.0,0.2614
20241227,600036.SH,20241227,238.9227,238.0755,23759467.7632,2742768758.0,992148725943.0,0.3395
20241230,600036.SH,20241230,238.0755,239.7699,23030920.291,2690314729.0,999210282712.0,0.3291
20241231,600036.SH,20241231,239.4068,237.8334,21839134.8242,2549055494.0,991139932119.0,0.312
20250102,600036.SH,20250102,238.135969,233.05250739999997,21780906.9239487,2493694677.0,971216254095.0,0.3112
20250103,600036.SH,20250103,233.597164,233.96026839999996,23157728.796439152,2646967329.0,974999230935.0,0.3309
20250106,600036.SH,20250106,235.41268599999998,236.32044699999997,20938099.720672727,2394244404.0,984834970719.0,0.2992
20250107,600036.SH,20250107,235.8363078,235.41268599999998,16717406.285748469,1917344814.0,981051993879.0,0.2389
20250108,600036.SH,20250108,234.98906419999997,237.71234719999998,25495202.967432953,2952943868.0,990635535207.0,0.3643
20250109,600036.SH,20250109,238.43855599999998,236.01785999999998,15168022.143273646,1748399288.0,983573978439.0,0.2167
20250110,600036.SH,20250110,238.0754516,235.89682519999997,16333111.100471728,1881660497.0,983069581527.0,0.2334
20250113,600036.SH,20250113,235.59423819999998,236.4414818,20570474.714145247,2360608444.0,985339367631.0,0.2939
20250114,600036.SH,20250114,236.5625166,241.161839,24020442.43772622,2802857578.0,1005010847200.0,0.3432
20250115,600036.SH,20250115,242.0090826,245.9427136,27029359.490586262,3234242853.0,1024934525225.0,0.3862
20250116,600036.SH,20250116,246.00323099999997,248.0608226,20104700.36615768,2423118469.0,1033761471185.0,0.2873
20250117,600036.SH,20250117,247.8792704,246.3663354,16145690.332675103,1936832044.0,1026699914417.0,0.2307
20250120,600036.SH,20250120,248.00030519999996,242.79580879999997,18407723.9381487,2195966480.0,1011820205512.0,0.263
20250121,600036.SH,20250121,244.00615679999999,242.9168436,13593885.48591427,1613495367.0,1012324602424.0,0.1942
20250122,600036.SH,20250122,242.9168436,238.741143,19979794.80426735,2327377021.0,994922908959.0,0.2855
20250123,600036.SH,20250123,240.0725258,241.04080419999997,20580495.27747027,2417576583.0,1004506450288.0,0.2941
20250124,600036.SH,20250124,240.01200839999996,243.6430524,19496005.426737577,2312073726.0,1015350983896.0,0.2786
20250127,600036.SH,20250127,245.57960919999996,246.00323099999997,17847448.037733775,2144848681.0,1025186723681.0,0.255
20250205,600036.SH,20250205,247.21357899999998,242.06959999999998,17125775.453723617,2030411802.0,1008793824040.0,0.2447
20250206,600036.SH,20250206,242.06959999999998,243.279948,15812799.728022588,1866867478.0,1013837793160.0,0.2259
20250207,600036.SH,20250207,242.67477399999999,243.279948,17678008.712136142,2092855370.0,1013837793160.0,0.2526
20250210,600036.SH,20250210,243.279948,245.70064399999998,19738703.158344768,2357786974.0,1023925731401.0,0.282
20250211,600036.SH,20250211,246.60840499999998,248.00030519999996,15530624.315293172,1872296623.0,1033509272729.0,0.2219
20250212,600036.SH,20250212,247.8792704,251.87341879999997,20477812.66247453,2484722115.0,1049649973914.0,0.2926
20250213,600036.SH,20250213,252.05497099999997,252.4180754,15681115.629592646,1927409816.0,1051919760018.0,0.2241
20250214,600036.SH,20250214,252.29704059999997,254.3546322,16920451.953461595,2086301720.0,1059990110610.0,0.2418
20250217,600036.SH,20250217,254.1125626,252.47859279999997,18188924.110137608,2228540282.0,1052171958474.0,0.2599
20250218,600036.SH,20250218,251.20772739999998,254.47566699999996,18546503.108383086,2301403254.0,1060494507522.0,0.265
20250219,600036.SH,20250219,254.17308,254.05204519999998,12712376.163804837,1572476676.0,1058729118330.0,0.1816
20250220,600036.SH,20250220,254.17308,253.265319,13831033.16350487,1705724684.0,1055450538402.0,0.1976
20250221,600036.SH,20250221,253.9310104,250.54203599999997,20195010.625271212,2467492898.0,1044101607881.0,0.2886
20250224,600036.SH,20250224,250.4815186,249.7553098,19375727.115090676,2361716151.0,1040823027953.0,0.2768
20250225,600036.SH,20250225,249.02910099999997,248.3028922,17211688.14573873,2088784244.0,1034770265009.0,0.2459
20250226,600036.SH,20250226,248.9080662,251.02617519999995,16164217.993283944,1974231834.0,1046119195529.0,0.231
20250227,600036.SH,20250227,251.752384,256.47274120000003,21122590.58648957,2611617503.0,1068817056570.0,0.3018
20250228,600036.SH,20250228,256.47274120000003,254.47566699999996,23932632.56971864,2985755469.0,1060494507522.0,0.342
20250303,600036.SH,20250303,254.89928879999997,254.47566699999996,15950562.117776034,1983165730.0,1060494507522.0,0.2279
20250304,600036.SH,20250304,253.62842339999997,252.96273199999996,10763061.418887883,1329037847.0,1054189546122.0,0.1538
20250305,600036.SH,20250305,253.9310104,259.5591286,21442886.95523501,2689749944.0,1081679177827.0,0.3064
20250306,600036.SH,20250306,259.5591286,259.9827504,19407819.991164967,2450800591.0,1083444567019.0,0.2773
20250307,600036.SH,20250307,259.619646,263.6743118,20539616.76664974,2626484644.0,1098828672836.0,0.2935
20250310,600036.SH,20250310,263.1901726,260.6484418,17260152.646400377,2191791878.0,1086218750035.0,0.2466
20250311,600036.SH,20250311,258.8329198,263.3112074,19193676.929547407,2447134269.0,1097315482100.0,0.2742
20250312,600036.SH,20250312,263.25068999999996,263.4927596,14190087.969255218,1822497448.0,1098072077468.0,0.2028
20250313,600036.SH,20250313,263.855864,265.3082816,19865362.3866702,2575079640.0,1105638031148.0,0.2838
20250314,600036.SH,20250314,266.27655999999996,273.2965784,30916482.77087358,4095818343.0,1138928227341.0,0.4417
20250317,600036.SH,20250317,274.26485679999996,272.5703696,22195117.914780483,2957486225.0,1135901845869.0,0.3171
20250318,600036.SH,20250318,274.08330459999996,273.17554359999997,14528052.976861836,1933102848.0,1138423830429.0,0.2076
20250319,600036.SH,20250319,274.0227872,278.5010748,22754778.386502575,3061182015.0,1160617294558.0,0.3251
20250320,600036.SH,20250320,277.8959008,273.7807176,23024497.983890887,3067327047.0,1140945814989.0,0.329
20250321,600036.SH,20250321,273.05450879999995,270.512778,22914428.867516756,3030118215.0,1127327098365.0,0.3274
20250324,600036.SH,20250324,269.605017,272.630887,15252595.752019394,2018232266.0,1136154044325.0,0.2179
20250325,600036.SH,20250325,272.3283,272.8729566,12107441.64976036,1610425397.0,1137162838149.0,0.173
20250326,600036.SH,20250326,269.30242999999996,258.16722839999994,53547260.41815605,6817699594.0,1075878613339.0,0.7651
20250327,600036.SH,20250327,258.711885,261.7982724,28089563.65657847,3583722318.0,1091010520699.0,0.4014
20250328,600036.SH,20250328,262.04034199999995,261.5562028,13101916.742146587,1671063294.0,1090001726875.0,0.1872
20250331,600036.SH,20250331,261.4956854,261.9798246,18305742.586167347,2334387177.0,1091767116067.0,0.2616
20250401,600036.SH,20250401,261.9193072,259.4380938,13209676.474225169,1671945743.0,1081174780915.0,0.1887
20250402,600036.SH,20250402,259.4380938,258.5908502,11236557.12388771,1420244308.0,1077644002531.0,0.1606
20250403,600036.SH,20250403,254.29411480000002,258.10671099999996,15747561.572453288,1977833089.0,1075626414883.0,0.225
20250407,600036.SH,20250407,247.75823559999998,247.09254419999996,61598268.72241292,7360169684.0,1029726295889.0,0.8801
20250408,600036.SH,20250408,246.7899572,249.02910099999997,54638036.191061206,6562173340.0,1037796646481.0,0.7807
20250409,600036.SH,20250409,245.70064399999998,244.8534004,33043477.61478892,3956703949.0,1020394953016.0,0.4721
20250410,600036.SH,20250410,248.0608226,248.726514,25234230.328456264,3057795208.0,1036535654201.0,0.3606
20250411,600036.SH,20250411,248.7870314,251.20772739999998,19781143.9895239,2404586566.0,1046875790898.0,0.2826
20250414,600036.SH,20250414,252.2365232,251.02617519999995,16358048.515377006,2006762053.0,1046119195529.0,0.2337
20250415,600036.SH,20250415,251.0866926,254.778254,20850067.97264028,2578602435.0,1061755499802.0,0.2979
20250416,600036.SH,20250416,254.05204519999998,255.686015,19551687.13499718,2425842589.0,1065538476642.0,0.2794
20250417,600036.SH,20250417,254.89928879999997,254.89928879999997,13767176.499466566,1711632454.0,1062259896714.0,0.1967
20250418,600036.SH,20250418,254.9598062,258.711885,14758118.474759527,1849158562.0,1078148399443.0,0.2109
20250421,600036.SH,20250421,258.16722839999994,255.8675672,14129274.18280569,1774479138.0,1066295072010.0,0.2019
20250422,600036.SH,20250422,256.0491194,254.23359739999998,14716960.408678308,1831804304.0,1059485713698.0,0.2103
20250423,600036.SH,20250423,255.98860199999996,254.1125626,15868954.033949843,1965588261.0,1058981316786.0,0.2267
20250424,600036.SH,20250424,254.17308,255.4439454,14033804.704214793,1747384624.0,1064529682818.0,0.2005
20250425,600036.SH,20250425,255.92808459999998,254.6572192,14396754.284713626,1792844933.0,1061251102890.0,0.2057
20250428,600036.SH,20250428,255.08084099999996,256.291189,13128687.551018836,1639160750.0,1068060461202.0,0.1876
20250429,600036.SH,20250429,256.291189,254.17308,15528159.2078609,1933096299.0,1059233515242.0,0.2219
20250430,600036.SH,20250430,251.99445359999999,246.5478876,39785127.448429115,4782474914.0,1027456509785.0,0.5685
20250506,600036.SH,20250506,247.51616599999997,250.36048379999997,22609031.36924864,2734586584.0,1043345012513.0,0.323
20250507,600036.SH,20250507,252.90221459999998,254.29411480000002,24186750.676550873,2985699306.0,1059737912154.0,0.3456
20250508,600036.SH,20250508,254.23359739999998,259.01447199999996,28288333.89298668,3581050505.0,1079409391723.0,0.4042
20250509,600036.SH,20250509,259.01447199999996,263.12965519999995,22668224.142305464,2897563045.0,1096558886731.0,0.3239
20250512,600036.SH,20250512,262.948103,265.06621199999995,28802812.26349761,3724155034.0,1104629237324.0,0.4115
20250513,600036.SH,20250513,266.8212166,269.6655344,23718912.57291914,3099990420.0,1123796319981.0,0.3389
20250514,600036.SH,20250514,269.605017,271.1784694,24182553.954979554,3194543663.0,1130101281381.0,0.3455
20250515,600036.SH,20250515,271.2995042,271.8441608,23226173.016587995,3080577618.0,1132875464397.0,0.3319
20250516,600036.SH,20250516,270.815365,267.9105298,21022804.96466259,2743750956.0,1116482564756.0,0.3004
20250519,600036.SH,20250519,267.486908,265.3082816,17058876.25136263,2213557250.0,1105638031148.0,0.2437
20250520,600036.SH,20250520,266.4581122,265.671386,16981449.622133568,2210731576.0,1107151221884.0,0.2426
20250521,600036.SH,20250521,265.973973,265.671386,16936175.24054509,2199193618.0,1107151221884.0,0.242
20250522,600036.SH,20250522,265.671386,269.3629474,19190777.222249907,2503244591.0,1122535327701.0,0.2742
20250523,600036.SH,20250523,269.3629474,266.579147,18369904.92895551,2395482582.0,1110934198724.0,0.2625
20250526,600036.SH,20250526,265.6108686,265.06621199999995,15473918.023432486,2000068964.0,1104629237324.0,0.2211
20250527,600036.SH,20250527,265.06621199999995,264.7031076,12340804.474816632,1594752084.0,1103116046588.0,0.1763
20250528,600036.SH,20250528,264.9451772,264.3400032,10190034.880896974,1313730557.0,1101602855852.0,0.1456
20250529,600036.SH,20250529,264.46103800000003,263.06913779999996,16725468.944450362,2152530686.0,1096306688275.0,0.239
20250530,600036.SH,20250530,263.553277,262.8270682,19385374.146447223,2491890458.0,1095297894451.0,0.277
20250603,600036.SH,20250603,263.25068999999996,266.09500779999996,17088328.61943453,2216746052.0,1108916611076.0,0.2442
20250604,600036.SH,20250604,266.579147,266.6396644,12668761.471943673,1644649609.0,1111186397180.0,0.181
20250605,600036.SH,20250605,266.6396644,268.5157038,14293850.468225207,1865235666.0,1119004549316.0,0.2042
20250606,600036.SH,20250606,268.999843,269.12087779999996,12671552.95335748,1660462752.0,1121526533876.0,0.1811
20250609,600036.SH,20250609,269.907604,269.907604,16107487.613530649,2111750061.0,1124805113805.0,0.2301
20250610,600036.SH,20250610,269.7260518,270.33122579999997,17925087.38680319,2364300624.0,1126570502997.0,0.2561
20250611,600036.SH,20250611,270.6338128,274.2043394,26352869.686319456,3518360401.0,1142711204181.0,0.3765
20250612,600036.SH,20250612,274.748996,273.72020019999997,15348082.53318104,2050510492.0,1140693616533.0,0.2193
20250613,600036.SH,20250613,273.7807176,273.4176132,16083945.939332275,2141145231.0,1139432624253.0,0.2298
20250616,600036.SH,20250616,272.8124392,277.0486572,14061709.340370093,1885267746.0,1154564531614.0,0.2009
20250617,600036.SH,20250617,277.6538312,278.2590052,16088303.812297804,2177741322.0,1159608500734.0,0.2299
20250618,600036.SH,20250618,277.8959008,277.472279,14467276.170416454,1957406403.0,1156329920806.0,0.2067
20250619,600036.SH,20250619,277.41176160000003,276.1408962,17419763.433281668,2342843184.0,1150781554774.0,0.2489
20250620,600036.SH,20250620,276.74607019999996,278.31952259999997,15204431.162584022,2059058897.0,1159860699190.0,0.2172
20250623,600036.SH,20250623,277.774866,279.892975,18284117.765394837,2475802504.0,1166417859046.0,0.2613
20250624,600036.SH,20250624,280.2560794,282.918845,22249566.05152567,3058493531.0,1179027781847.0,0.3179
20250625,600036.SH,20250625,282.918845,287.45765,20616517.53343454,2862914073.0,1197942666048.0,0.2946
20250626,600036.SH,20250626,287.3971326,289.7573112,20023506.526231132,2807185760.0,1207526207376.0,0.2861
20250627,600036.SH,20250627,289.575759,279.7114228,32370843.569669895,4461309935.0,1165661263678.0,0.4625
20250630,600036.SH,20250630,279.1667662,278.077453,21191022.593059063,2870068037.0,1158851905366.0,0.3028
20250701,600036.SH,20250701,278.1379704,281.103323,15287774.25321019,2089060872.0,1171461828166.0,0.2184
20250702,600036.SH,20250702,282.616258,283.82660599999997,17593090.40903983,2429269829.0,1182810758687.0,0.2514
20250703,600036.SH,20250703,283.82660599999997,282.07160139999996,18870854.04620685,2595710465.0,1175497003463.0,0.2696
20250704,600036.SH,20250704,282.011084,284.8554018,23034414.392525334,3190053518.0,1187098132439.0,0.3291
20250707,600036.SH,20250707,284.8554018,285.642128,19250888.38862068,2672021321.0,1190376712367.0,0.2751
20250708,600036.SH,20250708,286.1262672,288.1838588,21625533.5705699,3025850416.0,1200969047520.0,0.309
20250709,600036.SH,20250709,287.45765,285.2185062,20850152.449897457,2912999773.0,1188611323175.0,0.2979
20250710,600036.SH,20250710,285.036954,291.9359376,41383136.564427614,5860161557.0,1216605351792.0,0.5913
20250711,600036.SH,20250711,292.1883172,288.1476836,40184129.4795745,5446393735.0,1151033753230.0,0.5742
20250714,600036.SH,20250714,288.21081849999996,287.7057393,22000875.862916525,2969040141.0,1149268364038.0,0.3144
20250715,600036.SH,20250715,288.9684373,285.4960178,22602119.50113445,3018332344.0,1140441418077.0,0.3229
20250716,600036.SH,20250716,285.7485574,284.8015339,15883976.73655114,2112241748.0,1137667235061.0,0.227
20250717,600036.SH,20250717,284.738399,284.10705,14143835.8227865,1877218807.0,1134893052045.0,0.2021
20250718,600036.SH,20250718,284.42272449999996,284.42272449999996,18436756.634063467,2445283609.0,1136154044325.0,0.2634
20250721,600036.SH,20250721,284.42272449999996,283.1600265,19216438.9702639,2546034189.0,1131110075205.0,0.2746
20250722,600036.SH,20250722,283.1600265,283.7282406,31291158.405347314,4111116850.0,1133379861309.0,0.4471
20250723,600036.SH,20250723,283.9176453,284.8646688,28947847.161222182,3864679805.0,1137919433517.0,0.4136
20250724,600036.SH,20250724,285.4328829,283.3494312,28044418.196105357,3724435789.0,1131866670573.0,0.4007
20250725,600036.SH,20250725,283.0968916,283.03375669999997,23621884.50589666,3129427563.0,1130605678293.0,0.3375
20250728,600036.SH,20250728,282.84435199999996,280.5714956,21547712.374874596,2838575467.0,1120769938508.0,0.3079
20250729,600036.SH,20250729,280.5714956,278.6774486,26659964.53285122,3487013440.0,1113203984828.0,0.3809
20250730,600036.SH,20250730,278.8668533,280.4452258,24612426.82573198,3222441776.0,1120265541596.0,0.3517
20250731,600036.SH,20250731,280.31895599999996,280.82403519999997,24874826.07863005,3247588211.0,1121778732332.0,0.3554
20250801,600036.SH,20250801,280.950305,280.4452258,20173472.317352436,2651723323.0,1120265541596.0,0.2882
20250804,600036.SH,20250804,279.7507419,283.47570099999996,16895733.704452444,2231447773.0,1132371067485.0,0.2414
20250805,600036.SH,20250805,282.7180822,285.6854225,18838031.408766355,2502003950.0,1141198013445.0,0.2692
20250806,600036.SH,20250806,285.9379621,284.8646688,14598497.849161536,1951697829.0,1137919433517.0,0.2086
20250807,600036.SH,20250807,284.8646688,285.05407349999996,14949531.386673346,1995029890.0,1138676028885.0,0.2136
20250808,600036.SH,20250808,285.369748,281.1397097,15484834.927775407,2044145472.0,1123039724613.0,0.2213
20250811,600036.SH,20250811,281.1397097,278.424909,18209215.61516434,2375089438.0,1112195191004.0,0.2602
20250812,600036.SH,20250812,278.6143137,277.79356,19075318.52472121,2482688843.0,1109673206444.0,0.2726
20250813,600036.SH,20250813,278.6774486,274.8893546,29744725.87788223,3837405883.0,1098072077468.0,0.425
20250814,600036.SH,20250814,274.95248949999996,276.4045922,22946319.20173348,2959763586.0,1104124840412.0,0.3279
20250815,600036.SH,20250815,275.6469734,273.37411699999996,31652062.211304914,4051326297.0,1092019314523.0,0.4523
20250818,600036.SH,20250818,272.111419,274.6999499,31429521.974617686,4005818986.0,1097315482100.0,0.4491
20250819,600036.SH,20250819,274.3211405,274.00546599999996,19477894.724157125,2493609522.0,1094541299083.0,0.2783
20250820,600036.SH,20250820,273.37411699999996,274.3211405,18566002.087816395,2374776328.0,1095802291363.0,0.2653
20250821,600036.SH,20250821,274.636815,274.4474103,19627901.227209598,2512170016.0,1096306688275.0,0.2805
20250822,600036.SH,20250822,274.4474103,273.1215774,26954563.86990899,3432029283.0,1091010520699.0,0.3851
20250825,600036.SH,20250825,273.5003868,276.9728063,30784662.626740314,3956212555.0,1106394626516.0,0.4399
20250826,600036.SH,20250826,277.0990761,274.7630848,25639095.55622215,3296532147.0,1097567680556.0,0.3663
20250827,600036.SH,20250827,274.636815,271.48007,25721146.043033708,3280973424.0,1084453360843.0,0.3675
20250828,600036.SH,20250828,271.6063398,271.35380019999997,27902110.997769095,3530397264.0,1083948963931.0,0.3987
20250829,600036.SH,20250829,271.35380019999997,270.7855861,46170009.80831846,5896873900.0,1081679177827.0,0.6597
20250901,600036.SH,20250901,269.0809438,265.04031019999996,43301660.87580158,5381676513.0,1058729118330.0,0.6187
20250902,600036.SH,20250902,264.2826914,274.2580056,49266225.11591773,6232062120.0,1095550092907.0,0.7039
20250903,600036.SH,20250903,274.2580056,270.848721,27765727.046151806,3528703354.0,1081931376283.0,0.3967
20250904,600036.SH,20250904,270.28050690000003,271.79574449999996,31733704.561006505,3997574925.0,1085714353123.0,0.4534
20250905,600036.SH,20250905,271.48007,269.9648324,19417161.343771655,2449941047.0,1078400597899.0,0.2774
20250908,600036.SH,20250908,269.586023,267.88138069999997,28894669.575995553,3635065671.0,1070078048850.0,0.4129
20250909,600036.SH,20250909,267.8182458,270.40677669999997,20000636.259630952,2515896773.0,1080165987091.0,0.2858
20250910,600036.SH,20250910,270.21737199999995,271.48007,15992560.545969797,2022413171.0,1084453360843.0,0.2285
20250911,600036.SH,20250911,272.3008237,273.37411699999996,22077086.901734103,2804175734.0,1092019314523.0,0.3154
20250912,600036.SH,20250912,273.8791962,268.5758646,27926350.20305483,3521647843.0,1072852231867.0,0.399
20250915,600036.SH,20250915,268.19705519999997,266.5555478,23731359.90660792,2964121228.0,1064781881274.0,0.3391
20250916,600036.SH,20250916,267.1868968,263.5882075,29144680.188238945,3600259578.0,1052928553842.0,0.4164
20250917,600036.SH,20250917,263.6513424,263.6513424,19418321.63380997,2392440771.0,1053180752298.0,0.2775
20250918,600036.SH,20250918,263.7776122,257.77979669999996,34046112.39597966,4131887418.0,1029726295889.0,0.4865
20250919,600036.SH,20250919,257.59039199999995,258.85309,28381748.436851833,3440376826.0,1034013669641.0,0.4055
20250922,600036.SH,20250922,259.8001135,258.3480108,22259597.810631763,2688228051.0,1031996081993.0,0.3181
20250923,600036.SH,20250923,258.72682019999996,262.32550949999995,31852024.628764186,3891395841.0,1047884584722.0,0.4551
20250924,600036.SH,20250924,262.009835,260.8734068,21845327.108967602,2672303416.0,1042084020233.0,0.3121
20250925,600036.SH,20250925,260.8734068,257.7166618,22627313.740472186,2730478547.0,1029474097433.0,0.3233
20250926,600036.SH,20250926,257.65352690000003,257.59039199999995,23163958.061174076,2773964882.0,1028969700521.0,0.331
20250929,600036.SH,20250929,257.4009873,256.83277319999996,28347397.06639595,3407163055.0,1025943319049.0,0.405
20250930,600036.SH,20250930,256.6433685,255.12813089999997,23749481.46570335,2836889513.0,1019133960736.0,0.3393
20251009,600036.SH,20251009,253.8654329,254.6230517,32987504.81622146,3900217891.0,1017116373088.0,0.4713
20251010,600036.SH,20251010,254.43364699999998,253.6760282,32401601.09440185,3852817637.0,1013333396248.0,0.463
20251013,600036.SH,20251013,251.02436239999997,253.2340839,36163599.9861688,4266014498.0,1011568007056.0,0.5167
20251014,600036.SH,20251014,253.1078141,260.4945974,58822860.37902917,7102543598.0,1040570829497.0,0.8405
20251015,600036.SH,20251015,260.4314625,262.009835,36056081.472282395,4392820738.0,1046623592442.0,0.5152
20251016,600036.SH,20251016,262.009835,264.72463569999996,36046607.12736722,4427156848.0,1057468126050.0,0.515
20251017,600036.SH,20251017,264.4089612,262.5780491,28153218.118025303,3470670301.0,1048893378546.0,0.4023
20251020,600036.SH,20251020,262.7043189,261.5047558,22034562.27182998,2694843445.0,1044606004793.0,0.3148
20251021,600036.SH,20251021,261.9467001,265.04031019999996,25781890.279934153,3184239228.0,1058729118330.0,0.3684
20251022,600036.SH,20251022,265.04031019999996,264.8509055,18704881.00228215,2311324892.0,1057972522962.0,0.2673
20251023,600036.SH,20251023,264.8509055,266.6818176,24195566.50597939,3004975799.0,1065286278186.0,0.3457
20251024,600036.SH,20251024,267.3763015,264.8509055,23708998.199881252,2938870335.0,1057972522962.0,0.3388
20251027,600036.SH,20251027,264.535231,262.5780491,33551673.45578831,4120096208.0,1048893378546.0,0.4794
20251028,600036.SH,20251028,262.7674538,262.641184,23950514.946218453,2928533807.0,1049145577002.0,0.3422
20251029,600036.SH,20251029,262.1992397,257.4009873,30906720.389045388,3735043026.0,1028213105153.0,0.4416
20251030,600036.SH,20251030,257.59039199999995,260.115788,38389262.570134446,4648170384.0,1039057638761.0,0.5485
20251031,600036.SH,20251031,260.4945974,258.1586061,23837073.185613077,2881797758.0,1031239486625.0,0.3406
20251103,600036.SH,20251103,259.7369786,263.8407471,31279678.31928989,3837027068.0,1053937347666.0,0.4469
20251104,600036.SH,20251104,264.1564216,271.5432049,45462875.1156626,5731414416.0,1084705559299.0,0.6496
20251105,600036.SH,20251105,272.111419,270.21737199999995,24824567.19960213,3142006312.0,1079409391723.0,0.3547
20251106,600036.SH,20251106,269.2703485,267.3131666,29583078.476644218,3704094152.0,1067808262746.0,0.4227
20251107,600036.SH,20251107,267.691976,268.3864599,20124965.40842915,2521251002.0,1072095636499.0,0.2876
20251110,600036.SH,20251110,268.0076505,269.7122928,18061465.910162993,2272065471.0,1077391804075.0,0.2581
20251111,600036.SH,20251111,269.5228881,271.2275304,18478828.682999425,2335614860.0,1083444567019.0,0.264
20251112,600036.SH,20251112,272.2376888,271.03812569999997,19946430.019610126,2538488042.0,1082687971651.0,0.285
20251113,600036.SH,20251113,271.2906653,272.8059029,19948169.776135404,2531083386.0,1089749528419.0,0.285
20251114,600036.SH,20251114,272.9953076,273.0584425,17581092.94219047,2251121743.0,1090758322243.0,0.2512
20251117,600036.SH,20251117,272.111419,269.2703485,20718113.818400253,2605355053.0,1075626414883.0,0.296
20251118,600036.SH,20251118,268.70213440000003,270.7224512,17554959.9535732,2210394705.0,1081426979371.0,0.2508
20251119,600036.SH,20251119,270.7224512,272.8690378,17360123.507514175,2211527918.0,1090001726875.0,0.248
20251120,600036.SH,20251120,272.8690378,272.93217269999997,19875955.631160326,2545450519.0,1090253925331.0,0.284
20251121,600036.SH,20251121,272.9953076,271.48007,26844906.283305753,3414438913.0,1084453360843.0,0.3836
20251124,600036.SH,20251124,272.111419,269.1440787,23020860.712107047,2903502508.0,1075122017971.0,0.3289
20251125,600036.SH,20251125,269.3334834,273.0584425,22609014.405943986,2860710968.0,1090758322243.0,0.323
20251126,600036.SH,20251126,273.6266566,273.0584425,15303345.549083987,1950643252.0,1090758322243.0,0.2187
20251127,600036.SH,20251127,272.61649819999997,272.6796331,21083160.06335428,2671439102.0,1089245131507.0,0.3012
20251128,600036.SH,20251128,272.111419,271.1643955,16782064.9748308,2126261782.0,1083192368563.0,0.2398
20251201,600036.SH,20251201,271.98514919999997,274.2580056,19267580.2803999,2454940643.0,1095550092907.0,0.2753
20251202,600036.SH,20251202,274.2580056,273.8791962,13799138.418828933,1765681348.0,1094036902171.0,0.1972
20251203,600036.SH,20251203,273.1847123,271.5432049,15910213.201326797,2029264531.0,1084705559299.0,0.2273
20251204,600036.SH,20251204,271.79574449999996,272.8690378,12254544.374322215,1560898874.0,1090001726875.0,0.1751
20251205,600036.SH,20251205,273.0584425,274.3211405,18622526.872317288,2372985275.0,1095802291363.0,0.2661
20251208,600036.SH,20251208,274.2580056,272.61649819999997,19678750.089973368,2512101223.0,1088992933051.0,0.2812
20251209,600036.SH,20251209,272.61649819999997,271.7326096,15807720.23607709,2007147248.0,1085462154667.0,0.2259
20251210,600036.SH,20251210,271.98514919999997,263.272533,36747839.607801884,4546989729.0,1051667561562.0,0.5251
20251211,600036.SH,20251211,264.2826914,263.14626319999996,28709750.895635348,3525927169.0,1051163164650.0,0.4102
20251212,600036.SH,20251212,263.5882075,263.5250726,24346598.949697316,2991877687.0,1052676355386.0,0.3479
20251215,600036.SH,20251215,263.5250726,263.90388199999995,19089334.964090448,2361986962.0,1054189546122.0,0.2728
20251216,600036.SH,20251216,263.7776122,263.272533,19208443.825514525,2359934980.0,1051667561562.0,0.2745
20251217,600036.SH,20251217,262.641184,262.1361048,21416763.805334438,2619154132.0,1047127989354.0,0.306
20251218,600036.SH,20251218,262.2623746,267.5025713,26059683.731805433,3224732020.0,1068564858114.0,0.3724
20251219,600036.SH,20251219,267.5025713,265.1034451,19467882.64248443,2421818093.0,1058981316786.0,0.2782
20251222,600036.SH,20251222,265.67165919999997,263.7144773,17802645.236014664,2197149656.0,1053432950754.0,0.2544
20251223,600036.SH,20251223,263.5250726,264.5983659,20576832.560729448,2539576613.0,1056963729138.0,0.294
20251224,600036.SH,20251224,264.72463569999996,264.09328669999996,18195016.989903115,2241620145.0,1054946141490.0,0.26
20251225,600036.SH,20251225,264.72463569999996,263.7776122,16936621.714723576,2090265137.0,1053685149210.0,0.242
20251226,600036.SH,20251226,263.8407471,263.272533,17262184.1717657,2123779708.0,1051667561562.0,0.2466
20251229,600036.SH,20251229,263.0199934,264.3458263,23156642.805675223,2848984782.0,1055954935314.0,0.3309
20251230,600036.SH,20251230,264.535231,266.9343572,28321354.32255944,3522122452.0,1066295072010.0,0.4047
20251231,600036.SH,20251231,266.6818176,265.797929,18800172.366174184,2335536695.0,1061755499802.0,0.2686
20260105,600036.SH,20260105,268.1971,267.3763,28526498.6903,3571507107.0,1068060461202.0,0.4076
20260106,600036.SH,20260106,268.0077,269.7754,31338511.8096,3918152819.0,1077644002531.0,0.4478
20260107,600036.SH,20260107,269.9017,266.1136,29874398.8069,3735889227.0,1063016492082.0,0.4269
20260108,600036.SH,20260108,266.4293,262.5149,37852831.3085,4642639925.0,1048641180090.0,0.5409
20260109,600036.SH,20260109,262.2624,260.7471,33433680.7798,4069939125.0,1041579623321.0,0.4777
20260112,600036.SH,20260112,260.7471,259.6107,40258691.3459,4887859874.0,1037040051113.0,0.5752
20260113,600036.SH,20260113,260.1158,259.6738,39333314.2394,4772124912.0,1037292249569.0,0.562
20260114,600036.SH,20260114,259.6738,252.9815,65062544.6542,7803195415.0,1010559213232.0,0.9296
20260115,600036.SH,20260115,253.2341,253.2341,41297875.6026,4886718463.0,1011568007056.0,0.5901
20260116,600036.SH,20260116,255.7795,250.7922,51746401.391,5941062877.0,976512421671.0,0.7394
20260119,600036.SH,20260119,250.8569,249.691,33543331.2418,3825610922.0,972225047919.0,0.4793
20260120,600036.SH,20260120,249.8206,250.8569,37789941.5529,4327688233.0,976764620127.0,0.54
20260121,600036.SH,20260121,252.0876,247.6832,41220825.2194,4683716085.0,964406895782.0,0.589
20260122,600036.SH,20260122,247.8775,245.1571,63698780.7944,7138121617.0,954571155998.0,0.9102
20260123,600036.SH,20260123,245.1571,242.8901,64192969.3562,7135111003.0,945744210038.0,0.9172
20260126,600036.SH,20260126,242.8901,246.2582,73511978.9158,8225997387.0,958858529750.0,1.0504
20260127,600036.SH,20260127,246.51728420000003,246.77636700000002,53346413.194726035,6017368290.0,960876117398.0,0.7622
20260128,600036.SH,20260128,246.9059084,244.833246,69266834.57352732,7757392685.0,953310163718.0,0.9897
20260129,600036.SH,20260129,245.35141160000003,249.56150710000003,67852603.52528413,7627788339.0,971720651007.0,0.9695
20260130,600036.SH,20260130,249.56150710000003,250.4682969,56346772.5996544,6450474687.0,975251429391.0,0.8051
20260202,600036.SH,20260202,251.82848160000003,249.04334150000003,46987637.3606987,5374972304.0,969703063358.0,0.6714
20260203,600036.SH,20260203,250.4682969,248.071781,28593059.983656604,3228439117.0,965920086518.0,0.4085
20260204,600036.SH,20260204,248.071781,252.6705007,34649798.41080163,3961153583.0,983826176895.0,0.4951
20260205,600036.SH,20260205,252.21710579999998,257.2044497,41352958.166916534,4810048757.0,1001480068816.0,0.5909
20260206,600036.SH,20260206,257.13967900000006,256.49197200000003,27242381.277766217,3178037639.0,998705885800.0,0.3892
20260209,600036.SH,20260209,256.49197200000003,255.71472359999999,22355902.22307772,2601539089.0,995679504327.0,0.3194
20260210,600036.SH,20260210,255.77949430000004,254.80793380000003,16826398.91080928,1953983696.0,992148725943.0,0.2404
20260211,600036.SH,20260211,254.93747520000002,255.196558,17940966.397023406,2080370293.0,993661916679.0,0.2563
20260212,600036.SH,20260212,255.196558,252.54095930000003,26378810.98959414,3028037809.0,983321779983.0,0.3769
20260213,600036.SH,20260213,252.28187650000004,250.72737970000003,23930823.263644278,2738389980.0,976260223215.0,0.3419
20260225,600036.SH,20260225,251.958023,251.1807746,24561897.89089398,2817141580.0,978025612407.0,0.3509
20260226,600036.SH,20260226,251.310316,250.66260900000003,20129517.002333827,2297277144.0,976008024759.0,0.2876
20260227,600036.SH,20260227,250.98646250000002,250.98646250000002,21612428.060660563,2472164576.0,977269017039.0,0.3088
20260302,600036.SH,20260302,250.01490200000003,250.4682969,23255779.07220006,2649577380.0,975251429391.0,0.3323
20260303,600036.SH,20260303,250.4035262,253.77160260000002,46976697.386261456,5423934800.0,988113550647.0,0.6712
20260304,600036.SH,20260304,252.6705007,250.01490200000003,39081385.07743789,4442287555.0,973486040199.0,0.5584
20260306,600036.SH,20260306,253.25343700000002,253.90114400000004,15808329.897246344,1822138719.0,988617947559.0,0.2259
20260309,600036.SH,20260309,251.958023,251.2455453,26014072.458986532,2983734019.0,978277810863.0,0.3717
20260310,600036.SH,20260310,252.21710579999998,254.0306854,20821336.884282254,2399803866.0,989122344471.0,0.2975
20260311,600036.SH,20260311,254.54885099999998,255.844265,23389245.335416917,2710371064.0,996183901240.0,0.3342
20260312,600036.SH,20260312,255.52041150000002,255.844265,17903862.221488323,2081987130.0,996183901240.0,0.2558
20260313,600036.SH,20260313,255.58518220000002,257.5283032,25963242.934390064,3041555947.0,1002741061096.0,0.371
20260316,600036.SH,20260316,257.59307390000004,258.4998637,20727275.699243702,2435208936.0,1006524037936.0,0.2962
20260317,600036.SH,20260317,258.3703223,259.8600484,22263634.05934106,2637804783.0,1011820205512.0,0.3181
20260318,600036.SH,20260318,259.92481910000004,258.56463440000005,23946466.48392981,2822439834.0,1006776236392.0,0.3422
20260319,600036.SH,20260319,258.30555160000006,257.59307390000004,22060670.49402246,2591832050.0,1002993259552.0,0.3152
20260320,600036.SH,20260320,258.1112395,257.4635325,20892098.631112885,2453063180.0,1002488862640.0,0.2985
20260323,600036.SH,20260323,256.3624306,250.5330676,32492812.783524677,3730145439.0,975503627847.0,0.4643
20260324,600036.SH,20260324,251.310316,254.2249975,20910204.923234127,2408674586.0,989878939839.0,0.2988
20260325,600036.SH,20260325,254.7431631,254.2897682,22181783.40025832,2556622045.0,990131138295.0,0.3169
20260326,600036.SH,20260326,253.5772905,256.23288920000005,20925595.72954641,2437289721.0,997697091976.0,0.299
20260327,600036.SH,20260327,255.844265,255.4556408,15877880.803390795,1846335951.0,994670710503.0,0.2269
20260330,600036.SH,20260330,254.16022680000003,255.71472359999999,21918425.042115137,2544968867.0,995679504327.0,0.3132
20260331,600036.SH,20260331,256.1033478,254.6783924,22496623.013162766,2617257387.0,991644329031.0,0.3214
20260401,600036.SH,20260401,256.23288920000005,257.9169274,29907181.750220038,3510509345.0,1004254251832.0,0.4273
20260402,600036.SH,20260402,258.1760102,257.5283032,18138179.062798318,2124222801.0,1002741061096.0,0.2592
20260403,600036.SH,20260403,257.5283032,255.196558,15758413.676972432,1835962093.0,993661916679.0,0.2252
20260407,600036.SH,20260407,255.1317873,252.54095930000003,17925687.54852184,2071766646.0,983321779983.0,0.2561
20260408,600036.SH,20260408,255.844265,256.62151339999997,22713793.34612882,2643490434.0,999210282712.0,0.3245
20260409,600036.SH,20260409,255.71472359999999,254.2897682,18179711.000114102,2104306041.0,990131138295.0,0.2598
20260410,600036.SH,20260410,254.6783924,253.9659147,18429004.74310283,2130641529.0,988870146015.0,0.2633
20260413,600036.SH,20260413,253.44774910000004,252.4761886,17816387.548380703,2047706850.0,983069581527.0,0.2546
20260414,600036.SH,20260414,252.60573000000002,253.44774910000004,17098963.9329202,1967829540.0,986852558367.0,0.2443
20260415,600036.SH,20260415,254.2249975,258.435093,35694314.234117925,4177253342.0,1006271839480.0,0.51
20260416,600036.SH,20260416,258.435093,258.4998637,20941462.865453366,2467044522.0,1006524037936.0,0.2992
20260417,600036.SH,20260417,258.1112395,255.97380640000003,19946307.88381662,2331744880.0,996688298152.0,0.285
20260420,600036.SH,20260420,255.844265,258.2407809,19975187.57072341,2337084804.0,1005515244112.0,0.2854
20260421,600036.SH,20260421,258.4998637,258.2407809,18522203.513732787,2182431154.0,1005515244112.0,0.2647
20260422,600036.SH,20260422,258.2407809,257.39876180000005,17220961.984392893,2017733909.0,1002236664184.0,0.2461
20260423,600036.SH,20260423,257.2692204,257.8521567,19320842.342883702,2260647913.0,1004002053376.0,0.2761
20260424,600036.SH,20260424,257.39876180000005,255.06701660000002,21353895.76269135,2485978699.0,993157519767.0,0.3051
20260427,600036.SH,20260427,255.97380640000003,255.06701660000002,31421754.47741677,3669782211.0,993157519767.0,0.449
20260428,600036.SH,20260428,255.06701660000002,256.49197200000003,22707256.02778139,2637104794.0,998705885800.0,0.3244
20260429,600036.SH,20260429,252.0227937,249.367195,85940076.55634385,9780526575.0,970964055639.0,1.2279
20260430,600036.SH,20260430,248.719488,247.87746890000003,39679683.546701856,4477499783.0,965163491150.0,0.567
20260506,600036.SH,20260506,248.00701030000002,246.12866000000002,48575136.35239987,5437169068.0,958354132838.0,0.6941
20260507,600036.SH,20260507,246.45251349999998,245.80480650000004,26805070.337189242,3001814235.0,957093140558.0,0.383
20260508,600036.SH,20260508,246.32297210000002,245.7400358,29500514.001701653,3303687174.0,956840942102.0,0.4215
20260511,600036.SH,20260511,245.80480650000004,245.9343479,31398715.256302238,3502977208.0,957597537470.0,0.4486
20260512,600036.SH,20260512,245.9991186,245.480953,32817185.0951123,3673345231.0,955832148278.0,0.4689
20260513,600036.SH,20260513,245.8695772,245.35141160000003,24369624.600168124,2723485937.0,955327751366.0,0.3482
20260514,600036.SH,20260514,244.89801670000003,244.89801670000003,29443815.173695013,3286217937.0,953562362174.0,0.4207
20260515,600036.SH,20260515,244.89801670000003,243.8616855,27878782.721943267,3101358446.0,949527186878.0,0.3983
20260518,600036.SH,20260518,243.8616855,242.6958129,24009321.973727454,2651016863.0,944987614669.0,0.3431
20260519,600036.SH,20260519,242.7605836,242.0481059,24424107.681320902,2698787184.0,942465630109.0,0.349
20260520,600036.SH,20260520,242.0481059,240.75269190000003,23517390.209963914,2582329893.0,937421660989.0,0.336
20260521,600036.SH,20260521,240.8174626,240.6231505,24603566.552445274,2698141548.0,936917264077.0,0.3515
20260522,600036.SH,20260522,240.29929700000002,239.78113140000002,27060444.407098036,2961273370.0,933638684149.0,0.3866
20260525,600036.SH,20260525,239.7163607,239.2629658,24110566.77902074,2631256789.0,931621096501.0,0.3445
20260526,600036.SH,20260526,239.2629658,239.65159,23959069.880021397,2617323723.0,933134287237.0,0.3423
20260527,600036.SH,20260527,239.7163607,239.65159,28672947.30985873,3125360325.0,933134287237.0,0.4097
20260528,600036.SH,20260528,239.97544349999998,240.4288384,33783814.24437733,3701401975.0,936160668709.0,0.4827
20260529,600036.SH,20260529,240.29929700000002,246.1934307,51954651.400561005,5769643134.0,958606331294.0,0.7423
20260601,600036.SH,20260601,246.12866000000002,247.42407400000002,32616324.979570754,3656722114.0,963398101958.0,0.466
20260602,600036.SH,20260602,247.1649912,251.310316,42644714.15556018,4860567502.0,978530009319.0,0.6093
20260603,600036.SH,20260603,251.37508670000003,249.367195,29898657.011099376,3392945722.0,970964055639.0,0.4272
20260604,600036.SH,20260604,248.719488,246.77636700000002,25066379.4467064,2826182655.0,960876117398.0,0.3582
20260605,600036.SH,20260605,247.2945326,249.8853606,26418956.00712144,3000501535.0,972981643287.0,0.3775
20260608,600036.SH,20260608,248.719488,249.367195,26105768.280824173,2965291902.0,970964055639.0,0.373
20260609,600036.SH,20260609,249.367195,249.3024243,22544244.43758313,2559005933.0,970711857182.0,0.3221
20260610,600036.SH,20260610,249.04334150000003,251.958023,31750582.370604727,3632762822.0,981051993879.0,0.4537
20260611,600036.SH,20260611,252.15233510000002,250.8569211,20167809.287726853,2304178552.0,976764620127.0,0.2882
20260612,600036.SH,20260612,249.95013130000004,254.80793380000003,37992167.214432135,4373132356.0,992148725943.0,0.5428
20260615,600036.SH,20260615,253.9659147,252.28187650000004,33160015.178493593,3811793413.0,982312986159.0,0.4738
20260616,600036.SH,20260616,251.37508670000003,249.82058990000002,26790795.037790988,3048039103.0,972729444831.0,0.3828
20260617,600036.SH,20260617,250.5330676,247.61838609999998,22406884.417416066,2530773389.0,964154697326.0,0.3202
20260618,600036.SH,20260618,247.1002205,241.3356282,34044013.35666181,3765522215.0,939691447093.0,0.4864
20260622,600036.SH,20260622,239.7163607,243.8616855,37345313.660459675,4112247287.0,949527186878.0,0.5336
20260623,600036.SH,20260623,243.8616855,242.24241800000001,34198269.50679613,3804117446.0,943222225477.0,0.4886
20260624,600036.SH,20260624,242.82535430000001,238.0970932,41938905.993328236,4570750868.0,927081524293.0,0.5992
20260625,600036.SH,20260625,237.9027811,234.66424609999999,40072830.184346884,4308980708.0,913715006124.0,0.5726
20260626,600036.SH,20260626,235.63580660000002,233.17452,35806490.532196134,3804353019.0,907914441636.0,0.5116
20260629,600036.SH,20260629,232.526813,235.8948894,36665660.87840714,3911537694.0,918506776788.0,0.5239
20260630,600036.SH,20260630,235.5710359,229.93598500000002,37286616.21589874,3919806245.0,895304518836.0,0.5328
20260701,600036.SH,20260701,230.06552640000004,232.5915837,30236116.512227315,3183805654.0,905644655532.0,0.432
20260702,600036.SH,20260702,234.98809960000003,237.060762,32047566.409030713,3442082753.0,923046348997.0,0.4579
20260703,600036.SH,20260703,237.51415690000002,238.5504881,28943601.246067364,3133647736.0,928846913485.0,0.4136
20260706,600036.SH,20260706,237.70846900000004,244.3798511,32961196.087767977,3625395505.0,951544774526.0,0.471
20260707,600036.SH,20260707,244.3150804,243.2139785,22140077.75870288,2448739027.0,947005202318.0,0.3163
20260708,600036.SH,20260708,241.9833352,245.7400358,26026273.146225642,2899053623.0,956840942102.0,0.3719
20260709,600036.SH,20260709,244.18553900000003,243.2139785,25975758.121297456,2875450172.0,947005202318.0,0.3712
20260710,600036.SH,20260710,243.6333263,245.4301304,26929976.577611763,2911440764.0,930107905765.0,0.3848
20260713,600036.SH,20260713,244.9642923,247.8924175,31656402.103167508,3469591941.0,939439248637.0,0.4523
20260714,600036.SH,20260714,246.894193,247.42657939999998,27282229.43746208,2979122982.0,937673859445.0,0.3898
20260715,600036.SH,20260715,246.22870999999998,251.28638079999996,39172543.50178411,4337619113.0,952301369894.0,0.5597
20260716,600036.SH,20260716,250.887091,250.6874461,26018272.57321878,2894610320.0,950031583790.0,0.3718
20240102,000858.SZ,20240102,2586.62692,2507.3504,1651866.0170620955,2947170556.8,527898688680.0,0.5546
20240103,000858.SZ,20240103,2506.981672,2486.701632,1259760.5665101896,2211980500.19,523551287714.0,0.423
20240104,000858.SZ,20240104,2486.701632,2439.5044479999997,1371732.793489958,2371204451.67,513614371222.0,0.4605
20240105,000858.SZ,20240105,2433.6048,2419.593136,1199390.3741641298,2062827516.43,509422234576.0,0.4027
20240108,000858.SZ,20240108,2415.3527639999998,2361.70284,1612965.2496545408,2706248455.91,497233985441.0,0.5415
20240109,000858.SZ,20240109,2361.70284,2356.356284,1341613.919291144,2241449420.48,496108319119.0,0.4504
20240110,000858.SZ,20240110,2356.356284,2374.6083200000003,1268454.7520520373,2118536476.06,499951111044.0,0.4259
20240111,000858.SZ,20240111,2372.7646799999998,2389.726168,1200620.199866052,2021717963.8,503134029608.0,0.4031
20240112,000858.SZ,20240112,2376.083232,2373.6865,914735.409833449,1539729131.14,499757030644.0,0.3071
20240115,000858.SZ,20240115,2359.8592,2372.395952,888783.1485870702,1485609938.54,499485318083.0,0.2984
20240116,000858.SZ,20240116,2358.3842879999997,2367.418124,961381.3857780675,1604334707.82,498437283922.0,0.3228
20240117,000858.SZ,20240117,2352.4846399999997,2307.131096,1356341.5942752294,2232551975.01,485744425746.0,0.4554
20240118,000858.SZ,20240118,2300.8627199999996,2358.01556,1810539.5456451264,2961463081.82,496457663840.0,0.6079
20240119,000858.SZ,20240119,2341.4228,2376.2675959999997,1726685.8748759201,2891090563.72,500300455764.0,0.5797
20240122,000858.SZ,20240122,2367.23376,2341.4228,1637590.2322357828,2733754455.75,492964216635.0,0.5498
20240123,000858.SZ,20240123,2337.7355199999997,2348.4286319999997,1242997.8894911022,2053575259.83,494439227677.0,0.4173
20240124,000858.SZ,20240124,2363.177752,2360.78102,1280116.5721603127,2118643963.14,497039905040.0,0.4298
20240125,000858.SZ,20240125,2359.8592,2417.1964040000003,2098087.6352294153,3546308960.29,508917625536.0,0.7044
20240126,000858.SZ,20240126,2398.760004,2415.1684,1482314.512480425,2522565252.1,508490648655.0,0.4977
20240129,000858.SZ,20240129,2416.827676,2429.548792,1658616.0543551194,2860907561.52,511518302899.0,0.5569
20240130,000858.SZ,20240130,2411.48112,2354.512644,1310011.6114821997,2196117733.31,495720158319.0,0.4398
20240131,000858.SZ,20240131,2350.641,2328.51732,1037592.9793350608,1717132838.83,490247091032.0,0.3484
20240201,000858.SZ,20240201,2318.192936,2332.2046,1057982.2878088339,1745356476.42,491023412633.0,0.3552
20240202,000858.SZ,20240202,2332.2046,2282.795048,1618042.7792418743,2658388904.9,480620703179.0,0.5432
20240205,000858.SZ,20240205,2282.795048,2333.495148,2363749.1704987935,3864410348.59,491295125193.0,0.7936
20240206,000858.SZ,20240206,2322.9864,2451.856836,2484988.4069341086,4239033653.04,516215048585.0,0.8343
20240207,000858.SZ,20240207,2454.069204,2468.080868,2230470.2727025505,3882655957.27,519630863629.0,0.7489
20240208,000858.SZ,20240208,2485.22672,2462.918676,1870390.7817784138,3267001019.28,518544013388.0,0.628
20240219,000858.SZ,20240219,2560.81596,2510.11586,2214398.590906887,3951748629.55,528480929881.0,0.7435
20240220,000858.SZ,20240220,2507.3504,2477.483432,1625382.982471972,2841706723.75,521610483712.0,0.5457
20240221,000858.SZ,20240221,2459.41576,2599.901128,3580151.8393901503,6492866976.98,547384360865.0,1.202
20240222,000858.SZ,20240222,2583.1240040000002,2601.3760399999996,1445688.5427850739,2646660001.48,547694889506.0,0.4854
20240223,000858.SZ,20240223,2600.2699,2612.6222,1414934.3827,2613714172.22,550062670389.0,0.4751
20240226,000858.SZ,20240226,2608.7506,2576.6713,1073878.4775,1961062779.9,542493534779.0,0.3605
20240227,000858.SZ,20240227,2562.844,2576.6713,1155756.9225,2092382020.62,542493534779.0,0.388
20240228,000858.SZ,20240228,2576.6713,2572.4309,1505487.9831,2753522611.35,541600764938.0,0.5055
20240229,000858.SZ,20240229,2562.6596,2622.5779,1355162.26,2496984973.38,552158738711.0,0.455
20240301,000858.SZ,20240301,2618.8906,2628.8463,1218645.9287,2261267887.41,553478485433.0,0.4092
20240304,000858.SZ,20240304,2608.935,2587.18,1184067.4688,2170817658.18,544706051342.0,0.3975
20240305,000858.SZ,20240305,2580.7273,2610.4099,1227875.5684,2251931872.98,549596877428.0,0.4122
20240306,000858.SZ,20240306,2599.5324,2563.7658,1354578.463,2459134905.94,539776409175.0,0.4548
20240307,000858.SZ,20240307,2563.7658,2548.8323,860950.2754,1559868152.03,536632306691.0,0.2891
20240308,000858.SZ,20240308,2545.3294,2551.9665,939630.9587,1687886718.86,537292180052.0,0.3155
20240311,000858.SZ,20240311,2550.6759,2602.4822,1485346.2205,2713055196.92,547927785986.0,0.4987
20240312,000858.SZ,20240312,2602.6666,2734.3025,3459131.0664,6608708732.85,575681283222.0,1.1614
20240313,000858.SZ,20240313,2719.369,2724.1625,1374544.887,2649479635.48,573546398819.0,0.4615
20240314,000858.SZ,20240314,2713.8381,2757.348,1705607.643,3320434207.38,580533293228.0,0.5726
20240315,000858.SZ,20240315,2747.0236,2811.3666,1832987.9508,3639737822.84,591906404682.0,0.6154
20240318,000858.SZ,20240318,2809.7074,2829.9874,1456987.8686,2908432466.18,595826828768.0,0.4892
20240319,000858.SZ,20240319,2836.9932,2901.3363,2599970.9329,5328394236.71,610848651747.0,0.8729
20240320,000858.SZ,20240320,2892.3024,2893.593,1240033.0174,2535854998.21,609218376385.0,0.4163
20240321,000858.SZ,20240321,2892.6712,2887.3246,1046890.9896,2139591363.23,607898629663.0,0.3515
20240322,000858.SZ,20240322,2883.453,2828.6969,1546693.8583,3098381510.57,595555116207.0,0.5193
20240325,000858.SZ,20240325,2811.7354,2797.1706,1240610.5221,2447539788.49,588917566519.0,0.4165
20240326,000858.SZ,20240326,2798.0924,2861.698,1388049.6424,2787590493.53,602503194536.0,0.466
20240327,000858.SZ,20240327,2857.642,2814.5008,948673.7496,1899180647.43,592566278043.0,0.3185
20240328,000858.SZ,20240328,2814.5008,2822.6128,1106452.0154,2217801274.64,594274185566.0,0.3715
20240329,000858.SZ,20240329,2822.6128,2830.1718,677938.6749,1358438656.59,595865644848.0,0.2276
20240401,000858.SZ,20240401,2848.4238,2899.677,1360213.3161,2788229516.44,610499307026.0,0.4567
20240402,000858.SZ,20240402,2894.5148,2866.8602,875549.4966,1779060166.67,603590044778.0,0.294
20240403,000858.SZ,20240403,2874.2348,2850.2674,754003.245,1522506389.62,600096597573.0,0.2532
20240408,000858.SZ,20240408,2802.3328,2715.4974,2071885.5261,4002147876.33,571722043056.0,0.6956
20240409,000858.SZ,20240409,2700.9326,2700.5639,1000598.6067,1909631397.01,568577940572.0,0.3359
20240410,000858.SZ,20240410,2695.4017,2638.6176,1317347.2106,2464329866.93,555535737676.0,0.4423
20240411,000858.SZ,20240411,2629.0306,2624.2372,1227315.1755,2264027608.89,552508083432.0,0.4121
20240412,000858.SZ,20240412,2617.9688,2590.1298,1028804.7939,1895837989.01,545327108622.0,0.3454
20240415,000858.SZ,20240415,2592.1578,2716.0504,1951298.5339,3701903874.94,571838491297.0,0.6551
20240416,000858.SZ,20240416,2702.7762,2672.7249,1041119.0884,1976125482.89,562716712485.0,0.3495
20240417,000858.SZ,20240417,2664.6129,2678.8089,1051443.4242,1982007044.08,563997643127.0,0.353
20240418,000858.SZ,20240418,2656.1321,2672.9093,1169840.7174,2213439016.53,562755528565.0,0.3928
20240419,000858.SZ,20240419,2654.4729,2634.5616,976538.1607,1818608488.11,554681783915.0,0.3279
20240422,000858.SZ,20240422,2634.5616,2665.166,1077093.4278,2035476601.31,561125253203.0,0.3616
20240423,000858.SZ,20240423,2654.8416,2710.7039,1317623.9924,2507417591.46,570712824975.0,0.4424
20240424,000858.SZ,20240424,2727.2967,2746.6549,1091557.5961,2103883224.01,578281960585.0,0.3665
20240425,000858.SZ,20240425,2737.8054,2746.6549,773297.1668,1496358807.6,578281960585.0,0.2596
20240426,000858.SZ,20240426,2750.7109,2806.9419,1377092.6297,2719514005.5,590974818761.0,0.4623
20240429,000858.SZ,20240429,2783.8964,2797.7237,2113153.8633,4217464058.74,589034014759.0,0.7095
20240430,000858.SZ,20240430,2807.8637,2773.3877,1191658.4407,2359135139.91,583910292192.0,0.4001
20240506,000858.SZ,20240506,2828.8812,2857.8264,2430921.5797,4940155160.96,601688056855.0,0.8162
20240507,000858.SZ,20240507,2857.642,2874.9722,1116486.9082,2265634112.41,605297952300.0,0.3749
20240508,000858.SZ,20240508,2875.7097,2857.642,775585.1628,1567926317.44,601649240775.0,0.2604
20240509,000858.SZ,20240509,2845.2896,2854.6922,869208.9152,1750315446.51,601028183494.0,0.2918
20240510,000858.SZ,20240510,2857.642,2847.1333,786635.6383,1579216046.17,599436724212.0,0.2641
20240513,000858.SZ,20240513,2817.0819,2785.74,1324656.3363,2608851173.05,586510969556.0,0.4447
20240514,000858.SZ,20240514,2785.74,2790.1648,870594.8191,1713073765.3,587442555477.0,0.2923
20240515,000858.SZ,20240515,2789.9804,2790.7179,601817.398,1186554216.77,587559003717.0,0.2021
20240516,000858.SZ,20240516,2796.8019,2840.1274,1146231.9313,2289335629.06,597961713170.0,0.3848
20240517,000858.SZ,20240517,2839.2056,2883.6373,1241899.28,2509981114.04,607122308062.0,0.417
20240520,000858.SZ,20240520,2883.453,2900.0457,1486629.0698,3066112975.96,610576939187.0,0.4991
20240521,000858.SZ,20240521,2890.8275,2886.0341,675547.4708,1374785552.74,607626917103.0,0.2268
20240522,000858.SZ,20240522,2876.2628,2859.8544,832399.3963,1682580309.16,602115033736.0,0.2795
20240523,000858.SZ,20240523,2857.642,2831.831,689759.259,1383814569.83,596214989568.0,0.2316
20240524,000858.SZ,20240524,2818.1881,2786.6619,859730.1182,1700150955.41,586705049956.0,0.2886
20240527,000858.SZ,20240527,2786.4775,2794.5895,779371.7092,1535721670.47,588374141398.0,0.2617
20240528,000858.SZ,20240528,2794.9582,2766.0131,797075.92,1566391577.67,582357648990.0,0.2676
20240529,000858.SZ,20240529,2766.3818,2750.8952,698467.1033,1363621239.51,579174730426.0,0.2345
20240530,000858.SZ,20240530,2746.1018,2696.5079,1236281.3085,2363289777.56,567723986811.0,0.4151
20240531,000858.SZ,20240531,2708.3072,2704.6199,1008384.0242,1934209403.16,569431894334.0,0.3386
20240603,000858.SZ,20240603,2708.1228,2691.3457,1081420.7997,2051213337.61,566637136570.0,0.3631
20240604,000858.SZ,20240604,2691.3457,2724.5312,790527.618,1514138600.83,573624030979.0,0.2654
20240605,000858.SZ,20240605,2723.425,2687.2897,852887.232,1629419453.81,565783182809.0,0.2864
20240606,000858.SZ,20240606,2691.8988,2671.4344,976896.9718,1844855885.91,562444999925.0,0.328
20240607,000858.SZ,20240607,2682.4962,2624.2372,1217722.3508,2266797197.91,552508083432.0,0.4088
20240611,000858.SZ,20240611,2606.907,2553.0727,1585756.8427,2873140131.85,537525076532.0,0.5324
20240612,000858.SZ,20240612,2546.0668,2542.3796,1185734.8352,2136862848.64,535273743890.0,0.3981
20240613,000858.SZ,20240613,2542.1952,2480.802,1869430.5248,3301287598.42,522309173153.0,0.6276
20240614,000858.SZ,20240614,2474.1649,2501.4508,2203964.8316,3851661909.41,526656574118.0,0.74
20240617,000858.SZ,20240617,2477.8522,2502.3726,1889761.8219,3299559711.36,526850654519.0,0.6345
20240618,000858.SZ,20240618,2488.914,2468.4496,1557568.458,2740736863.24,519708495789.0,0.5229
20240619,000858.SZ,20240619,2473.7962,2474.5336,1051611.6265,1839596879.53,520989426431.0,0.3531
20240620,000858.SZ,20240620,2472.3212,2437.2921,968326.6359,1679993028.77,513148578261.0,0.3251
20240621,000858.SZ,20240621,2433.7892,2400.4193,1641249.2457,2781028408.8,505385362251.0,0.551
20240624,000858.SZ,20240624,2323.3551,2415.7215,1835761.677,3102546742.54,508607096895.0,0.6163
20240625,000858.SZ,20240625,2429.9175,2424.571,1359365.9357,2341480948.41,510470268738.0,0.4564
20240626,000858.SZ,20240626,2404.1066,2420.6993,784323.6243,1341298503.07,509655131057.0,0.2633
20240627,000858.SZ,20240627,2421.2524,2390.2793,941120.1474,1587676455.09,503250477848.0,0.316
20240628,000858.SZ,20240628,2378.1112,2360.5967,1203957.3883,2019328025.78,497001088960.0,0.4042
20240701,000858.SZ,20240701,2363.5465,2365.3901,1184280.5608,1964232828.84,498010307042.0,0.3976
20240702,000858.SZ,20240702,2354.3283,2425.4928,1899021.3114,3244049457.35,510664349138.0,0.6376
20240703,000858.SZ,20240703,2425.4928,2415.1684,953637.3283,1631928152.24,508490648655.0,0.3202
20240704,000858.SZ,20240704,2415.1684,2407.6095,771146.6791,1315554603.88,506899189373.0,0.2589
20240705,000858.SZ,20240705,2407.6095,2377.3738,1069776.4751,1803448224.62,500533352245.0,0.3592
20240708,000858.SZ,20240708,2377.9269,2321.3271,1591901.3672,2630909852.06,488733263910.0,0.5345
20240709,000858.SZ,20240709,2321.3271,2342.7133,1499427.9434,2475816884.36,493235929195.0,0.5034
20240710,000858.SZ,20240710,2332.2046,2332.9421,1186099.1712,1964272870.02,491178676953.0,0.3982
20240711,000858.SZ,20240711,2350.641,2405.5815,1978190.4872,3349449291.3,506472212492.0,0.6642
20240712,000858.SZ,20240712,2422.2229,2435.9899,1453250.816,2401467289.18,494516859837.0,0.4879
20240715,000858.SZ,20240715,2428.3416,2437.902,918803.4955,1532479885.12,494905020638.0,0.3085
20240716,000858.SZ,20240716,2423.179,2437.5196,1187001.3401,1967032427.83,494827388477.0,0.3985
20240717,000858.SZ,20240717,2428.3416,2500.2358,1756011.6201,2960415563.93,507559062734.0,0.5896
20240718,000858.SZ,20240718,2486.4688,2506.7369,1426627.9709,2444968667.24,508878809456.0,0.479
20240719,000858.SZ,20240719,2498.7061,2551.0971,1459828.3539,2517623683.32,517884140027.0,0.4901
20240722,000858.SZ,20240722,2550.7147,2509.0314,1200354.9283,2065619592.12,509344602416.0,0.403
20240723,000858.SZ,20240723,2505.016,2424.5174,1516000.0884,2540829813.49,492187895034.0,0.509
20240724,000858.SZ,20240724,2420.3109,2410.368,1102289.853,1813586525.01,489315505110.0,0.3701
20240725,000858.SZ,20240725,2392.0121,2405.0142,906553.8883,1485089890.16,488228654869.0,0.3044
20240726,000858.SZ,20240726,2409.2208,2413.045,876424.5782,1439101532.43,489858930231.0,0.2943
20240729,000858.SZ,20240729,2409.2208,2372.8913,1069406.6143,1745197563.84,481707553421.0,0.359
20240730,000858.SZ,20240730,2351.8584,2357.4034,1590351.6348,2538151160.57,478563450936.0,0.5339
20240731,000858.SZ,20240731,2345.7397,2425.6647,1999544.2731,3286415866.78,492420791514.0,0.6713
20240801,000858.SZ,20240801,2425.8559,2370.9792,1340850.0262,2180765965.31,481319392620.0,0.4502
20240802,000858.SZ,20240802,2351.8584,2365.243,763522.4044,1231884912.06,480154910219.0,0.2563
20240805,000858.SZ,20240805,2365.243,2409.2208,1856152.1365,3060405977.49,489082608630.0,0.6232
20240806,000858.SZ,20240806,2419.1636,2407.3087,1177667.8785,1940983188.7,488694447830.0,0.3954
20240807,000858.SZ,20240807,2409.2208,2428.3416,1017429.731,1678186222.67,492964216635.0,0.3416
20240808,000858.SZ,20240808,2418.3988,2454.1547,1535696.56,2559755533.74,498204387442.0,0.5156
20240809,000858.SZ,20240809,2476.1436,2448.9921,1215997.3566,2041741165.9,497156353280.0,0.4083
20240812,000858.SZ,20240812,2437.902,2441.9174,560991.2056,934639850.56,495720158319.0,0.1883
20240813,000858.SZ,20240813,2439.6229,2401.5725,955479.4195,1567828596.93,487529965428.0,0.3208
20240814,000858.SZ,20240814,2399.6604,2377.2891,728571.935,1181885782.0,482600323262.0,0.2446
20240815,000858.SZ,20240815,2371.3616,2389.144,856538.572,1395432331.9,485006920225.0,0.2876
20240816,000858.SZ,20240816,2380.5396,2390.2912,746372.2943,1211693479.26,485239816705.0,0.2506
20240819,000858.SZ,20240819,2390.1,2370.0232,1064763.4794,1732841551.47,481125312220.0,0.3575
20240820,000858.SZ,20240820,2370.0232,2354.7265,842946.7228,1352259414.56,478020025816.0,0.283
20240821,000858.SZ,20240821,2348.0342,2336.5618,745155.2065,1189648677.41,474332498211.0,0.2502
20240822,000858.SZ,20240822,2336.753,2313.4256,1421778.3432,2234186007.82,469635752525.0,0.4774
20240823,000858.SZ,20240823,2305.9685,2315.7201,682846.0071,1078393647.25,470101545486.0,0.2293
20240826,000858.SZ,20240826,2313.2344,2258.5489,1565463.4525,2429417311.3,458495537551.0,0.5256
20240827,000858.SZ,20240827,2250.5182,2250.5182,1201731.931,1831272407.47,456865262189.0,0.4035
20240828,000858.SZ,20240828,2237.1336,2179.7712,1897588.9063,2821002956.19,442503312570.0,0.6371
20240829,000858.SZ,20240829,2208.4524,2271.1686,2304003.5979,3546177235.89,461057398834.0,0.7736
20240830,000858.SZ,20240830,2256.2544,2352.432,2592083.2282,4114623948.37,477554232855.0,0.8703
20240902,000858.SZ,20240902,2332.7376,2275.3752,1362460.7195,2134586803.91,461911352595.0,0.4574
20240903,000858.SZ,20240903,2276.9049,2300.6147,982081.0858,1538909785.99,467035075162.0,0.3297
20240904,000858.SZ,20240904,2281.6851,2277.4785,649883.7317,1011886744.1,462338329476.0,0.2182
20240905,000858.SZ,20240905,2277.2873,2285.8916,635321.65,987295999.11,464046236998.0,0.2133
20240906,000858.SZ,20240906,2284.9356,2247.2676,596396.6345,920196138.14,456205388828.0,0.2002
20240909,000858.SZ,20240909,2235.2215,2222.2194,856256.0352,1296332675.27,451120482341.0,0.2875
20240910,000858.SZ,20240910,2222.2194,2226.2347,813772.375,1237792376.22,451935620022.0,0.2732
20240911,000858.SZ,20240911,2214.1886,2218.204,587718.0261,888345206.8,450305344660.0,0.1973
20240912,000858.SZ,20240912,2218.0128,2167.5339,1303325.7243,1945710693.73,440019083447.0,0.4376
20240913,000858.SZ,20240913,2166.3866,2087.9914,2390520.1134,3444726618.29,423871594146.0,0.8026
20240918,000858.SZ,20240918,2069.8266,2059.119,1363107.8226,1916365125.08,418010366058.0,0.4577
20240919,000858.SZ,20240919,2059.8838,2120.4967,2441549.3241,3511889907.71,430470327755.0,0.8197
20240920,000858.SZ,20240920,2105.7737,2108.6418,1509224.8822,2158043124.56,428063730791.0,0.5067
20240923,000858.SZ,20240923,2120.6879,2147.0746,1563174.6891,2298355085.44,435865762881.0,0.5248
20240924,000858.SZ,20240924,2196.9799,2301.3795,3633148.2955,5559354900.52,467190339482.0,1.2198
20240925,000858.SZ,20240925,2363.3309,2334.6497,3201287.2539,5168860913.22,473944337411.0,1.0748
20240926,000858.SZ,20240926,2334.6497,2568.1146,5099273.4153,8594482227.56,521338771152.0,1.712
20240927,000858.SZ,20240927,2711.3294,2824.907,6634299.8519,12438562566.83,573468766659.0,2.2274
20240930,000858.SZ,20240930,2983.2272,3107.3212,7567577.0308,15752197755.52,630800116893.0,2.5408
20241008,000858.SZ,20241008,3418.0342,3136.7672,10027723.066,22218231044.69,636777793220.0,3.3667
20241009,000858.SZ,20241009,3059.328,2823.7597,6257466.9688,12409184179.14,573235870178.0,2.1009
20241010,000858.SZ,20241010,2823.5685,2905.9792,4608689.9038,9164464306.6,589926784600.0,1.5473
20241011,000858.SZ,20241011,2868.12,2861.4277,2188146.1438,4283807927.93,580882637948.0,0.7347
20241014,000858.SZ,20241014,2887.2408,2863.531,2570346.8435,4986283992.84,581309614829.0,0.863
20241015,000858.SZ,20241015,2868.12,2753.3952,2529955.0458,4840842560.33,558951552720.0,0.8494
20241016,000858.SZ,20241016,2715.1536,2708.4613,2396209.0644,4430542144.18,549829773908.0,0.8045
20241017,000858.SZ,20241017,2724.714,2637.7144,2167810.8565,3957974225.62,535467824290.0,0.7278
20241018,000858.SZ,20241018,2619.7408,2734.2744,3387397.7051,6206988496.45,555069944715.0,1.1373
20241021,000858.SZ,20241021,2753.204,2734.4656,2269542.542,4223086214.96,555108760795.0,0.762
20241022,000858.SZ,20241022,2730.4502,2780.9292,2337822.1549,4419839157.54,564541068247.0,0.7849
20241023,000858.SZ,20241023,2781.5028,2840.0124,2748160.1341,5277833035.92,576535236983.0,0.9227
20241024,000858.SZ,20241024,2806.9334,2800.4324,1430487.185,2743177643.67,568500308412.0,0.4803
20241025,000858.SZ,20241025,2781.3116,2831.9817,1519766.3001,2926843948.56,574904961621.0,0.5102
20241028,000858.SZ,20241028,2849.1904,2944.0296,3361819.1414,6649586215.49,597651184530.0,1.1287
20241029,000858.SZ,20241029,2944.0296,2883.4166,2326267.6866,4641639291.51,585346487154.0,0.781
20241030,000858.SZ,20241030,2848.9992,2845.175,1625779.547,3158474275.2,577583271144.0,0.5458
20241031,000858.SZ,20241031,2810.7576,2807.5071,2067544.2651,3957475706.73,569936503374.0,0.6942
20241101,000858.SZ,20241101,2786.283,2828.3487,1743348.9504,3379402017.88,574167456100.0,0.5853
20241104,000858.SZ,20241104,2839.4388,2841.3509,1573457.5114,3030626417.3,576806949543.0,0.5283
20241105,000858.SZ,20241105,2829.8784,2921.6582,2457948.586,4839032609.09,593109703164.0,0.8252
20241106,000858.SZ,20241106,2920.8934,2892.021,2317888.8036,4568777903.38,587093210756.0,0.7782
20241107,000858.SZ,20241107,2868.8848,3102.1586,5155580.2027,10602928042.25,629752082731.0,1.7309
20241108,000858.SZ,20241108,3135.8112,2991.8316,4354487.3023,9025428027.87,607355204542.0,1.462
20241111,000858.SZ,20241111,2932.1747,2960.2823,2808579.5901,5603393228.05,600950551334.0,0.943
20241112,000858.SZ,20241112,2960.2823,2950.3394,2696046.3563,5496005682.15,598932115172.0,0.9052
20241113,000858.SZ,20241113,2925.4824,2943.456,1491214.5003,2990077534.77,597534736290.0,0.5007
20241114,000858.SZ,20241114,2927.5857,2934.8516,1672260.7737,3357496177.85,595788012687.0,0.5614
20241115,000858.SZ,20241115,2934.6604,2892.7858,1960129.6907,3894476942.73,587248475076.0,0.6581
20241118,000858.SZ,20241118,2892.5946,2855.3091,1610360.4164,3164795002.82,579640523387.0,0.5407
20241119,000858.SZ,20241119,2859.7068,2838.4828,1791089.2387,3447738671.24,576224708342.0,0.6013
20241120,000858.SZ,20241120,2838.4828,2860.4717,1149602.5761,2233265261.15,580688557548.0,0.386
20241121,000858.SZ,20241121,2848.9992,2858.5596,878308.5665,1706377342.04,580300396748.0,0.2949
20241122,000858.SZ,20241122,2856.6475,2770.4127,1453543.4818,2785311385.17,562406183844.0,0.488
20241125,000858.SZ,20241125,2789.5335,2749.571,1470925.4839,2771219117.26,558175231119.0,0.4939
20241126,000858.SZ,20241126,2743.8348,2768.6918,1345601.5104,2539251070.42,562056839124.0,0.4518
20241127,000858.SZ,20241127,2768.1182,2811.7136,1536609.0113,2921829639.85,570790457135.0,0.5159
20241128,000858.SZ,20241128,2772.516,2753.3952,1461440.4714,2760020463.69,558951552720.0,0.4907
20241129,000858.SZ,20241129,2772.8984,2806.3598,2204416.4148,4234632625.5,569703606894.0,0.7401
20241202,000858.SZ,20241202,2813.2433,2818.4059,1379408.4805,2645657930.73,572149019937.0,0.4631
20241203,000858.SZ,20241203,2824.1422,2810.5664,1075383.0132,2059980757.04,570557560655.0,0.3611
20241204,000858.SZ,20241204,2808.8455,2786.4742,1139002.8398,2161996959.31,565666734569.0,0.3824
20241205,000858.SZ,20241205,2772.516,2773.0896,791979.5904,1496758490.67,562949608965.0,0.2659
20241206,000858.SZ,20241206,2766.0149,2800.05,1439125.1241,2745488834.28,568422676252.0,0.4832
20241209,000858.SZ,20241209,2800.2412,2787.0478,1115907.4083,2124782350.84,565783182809.0,0.3747
20241210,000858.SZ,20241210,2925.4824,2850.9113,3554829.1857,7021977459.73,578747753546.0,1.1935
20241211,000858.SZ,20241211,2830.2608,2856.6475,1534641.3056,2993662412.56,579912235947.0,0.5152
20241212,000858.SZ,20241212,2857.4124,2902.9199,1946395.8825,3819524049.44,589305727319.0,0.6535
20241213,000858.SZ,20241213,2874.8123,2830.6432,2181008.2131,4230330395.73,574633249060.0,0.7323
20241216,000858.SZ,20241216,2830.452,2764.6765,2031722.551,3846200007.75,561241701443.0,0.6821
20241217,000858.SZ,20241217,2764.4853,2770.4127,1223862.1177,2318651653.82,562406183844.0,0.4109
20241218,000858.SZ,20241218,2772.516,2776.3402,925999.4377,1755251344.92,563609482326.0,0.3109
20241219,000858.SZ,20241219,2755.3073,2744.7908,1166230.1234,2184469847.63,557204829118.0,0.3916
20241220,000858.SZ,20241220,2747.659,2738.2898,1326247.1984,2479372352.39,555885082396.0,0.4453
20241223,000858.SZ,20241223,2721.2723,2723.758,1094243.4611,2039345026.45,552935060312.0,0.3674
20241224,000858.SZ,20241224,2721.8459,2743.4524,1099838.7192,2045707407.6,556933116557.0,0.3693
20241225,000858.SZ,20241225,2743.4524,2735.8041,737722.9217,1376290843.2,555380473355.0,0.2477
20241226,000858.SZ,20241226,2736.5689,2724.5228,803935.1507,1493951272.06,553090324632.0,0.2699
20241227,000858.SZ,20241227,2726.6261,2725.0964,1031701.4489,1912027992.9,553206772873.0,0.3464
20241230,000858.SZ,20241230,2715.536,2700.0482,1255929.2838,2320655236.7,548121866386.0,0.4217
20241231,000858.SZ,20241231,2700.2394,2677.6768,1881676.0651,3472955734.44,543580385020.0,0.6318
20250102,000858.SZ,20250102,2676.912,2619.358392,1961700.1413758579,3517884975.58,531741480605.0,0.6586
20250103,000858.SZ,20250103,2621.079264,2588.95632,1290907.5311036096,2295817771.8,525569723877.0,0.4334
20250106,000858.SZ,20250106,2522.03352,2501.5742640000003,2144196.3921224857,3679523519.83,507830775294.0,0.7199
20250107,000858.SZ,20250107,2508.6489599999995,2501.95668,1459395.7241016065,2478571210.2,507908407454.0,0.49
20250108,000858.SZ,20250108,2502.147888,2479.9677599999995,1480028.0511064825,2504007320.49,503444558249.0,0.4969
20250109,000858.SZ,20250109,2483.983128,2496.794064,1221487.9486749773,2080588918.09,506860373293.0,0.4101
20250110,000858.SZ,20250110,2495.2644,2458.93488,1038816.8197368801,1753729758.88,499174789443.0,0.3488
20250113,000858.SZ,20250113,2434.460256,2470.4073599999997,932256.7620078933,1562285331.23,501503754246.0,0.313
20250114,000858.SZ,20250114,2472.31944,2543.448816,1754342.7956323884,3014664381.32,516331496825.0,0.589
20250115,000858.SZ,20250115,2548.80264,2538.668616,983145.1647062508,1701391089.62,515361094824.0,0.3301
20250116,000858.SZ,20250116,2550.71472,2514.002784,1251512.4392952449,2160311225.44,510353820497.0,0.4202
20250117,000858.SZ,20250117,2523.9456,2529.68184,1169820.4594132197,2021963286.68,513536739062.0,0.3928
20250120,000858.SZ,20250120,2540.7719039999997,2567.92344,1489983.600277718,2611169665.15,521299955072.0,0.5003
20250121,000858.SZ,20250121,2578.43988,2550.5235119999998,1019011.6151654613,1774069694.68,517767691787.0,0.3421
20250122,000858.SZ,20250122,2542.1103599999997,2492.39628,1336580.2051699487,2277963645.97,505967603452.0,0.4487
20250123,000858.SZ,20250123,2516.3127,2509.485495,1415671.8023610935,2387735894.45,499368869843.0,0.4753
20250124,000858.SZ,20250124,2492.90514,2491.344636,1453627.7364331663,2418169298.34,495758974399.0,0.488
20250127,000858.SZ,20250127,2496.8064,2481.20136,970962.2398159351,1616070922.73,493740538236.0,0.326
20250205,000858.SZ,20250205,2488.028565,2438.482563,1434290.766492878,2343981886.2,485239816705.0,0.4816
20250206,000858.SZ,20250206,2434.38624,2455.84317,1060401.8837427585,1734038681.57,488694447830.0,0.356
20250207,000858.SZ,20250207,2457.7938,2489.5890689999997,1783874.9569518801,2960433850.16,495409629678.0,0.5989
20250210,000858.SZ,20250210,2490.5643840000002,2487.638439,1047777.2743986922,1740615096.16,495021468878.0,0.3518
20250211,000858.SZ,20250211,2489.0038799999998,2462.8654380000003,1350542.2988831738,2221320156.48,490091826711.0,0.4534
20250212,000858.SZ,20250212,2462.8654380000003,2490.95451,1360913.5194730973,2240677199.26,495681342239.0,0.4569
20250213,000858.SZ,20250213,2491.344636,2565.2735129999996,3588310.647511251,6110655128.57,510470268738.0,1.2047
20250214,000858.SZ,20250214,2546.547465,2559.811749,1673638.3902673495,2857398901.05,509383418496.0,0.5619
20250217,000858.SZ,20250217,2572.6859069999996,2566.053765,1573661.2418362042,2710093082.35,510625533058.0,0.5283
20250218,000858.SZ,20250218,2564.6883239999997,2539.7202599999996,1426967.2146746053,2435399272.53,505385362251.0,0.4791
20250219,000858.SZ,20250219,2539.7202599999996,2557.4709930000004,1178964.5400128055,2003027066.45,508917625536.0,0.3958
20250220,000858.SZ,20250220,2543.4264569999996,2545.57215,1016967.6351803049,1737767288.45,506549844653.0,0.3414
20250221,000858.SZ,20250221,2547.52278,2557.666056,1611553.7931148792,2756687286.09,508956441616.0,0.5411
20250224,000858.SZ,20250224,2553.37467,2572.88097,1875334.1025211313,3229422469.21,511984095860.0,0.6296
20250225,000858.SZ,20250225,2552.984544,2511.4361249999997,1702751.580579635,2872796622.15,499757030644.0,0.5717
20250226,000858.SZ,20250226,2510.655873,2531.9177400000003,1375417.9734571893,2311292299.8,503832719049.0,0.4618
20250227,000858.SZ,20250227,2535.6239370000003,2589.4613249999998,2845281.6805003835,4909364775.13,515283462664.0,0.9553
20250228,000858.SZ,20250228,2586.53538,2566.638954,2587507.619747439,4510232386.21,510741981298.0,0.8687
20250303,000858.SZ,20250303,2566.638954,2552.204292,1614151.9505018753,2780161096.24,507869591374.0,0.5419
20250304,000858.SZ,20250304,2536.9893779999998,2530.9424249999997,1146019.1462076833,1933207043.52,503638638649.0,0.3848
20250305,000858.SZ,20250305,2530.9424249999997,2508.7052430000003,1529830.8891823222,2558423708.32,499213605523.0,0.5136
20250306,000858.SZ,20250306,2522.749779,2568.5895840000003,1809841.0304292657,3075149470.14,511130142098.0,0.6076
20250307,000858.SZ,20250307,2559.2265599999996,2629.4492400000004,2609536.440041719,4536723523.12,523240759074.0,0.8761
20250310,000858.SZ,20250310,2623.59735,2588.290947,1583442.219754437,2735377365.74,515050566183.0,0.5316
20250311,000858.SZ,20250311,2565.2735129999996,2637.2517599999996,2463454.524917572,4304327283.42,524793402276.0,0.8271
20250312,000858.SZ,20250312,2639.2023900000004,2593.752711,2210093.0882982165,3844719011.93,516137416425.0,0.742
20250313,000858.SZ,20250313,2593.752711,2582.4390569999996,1288547.9416399477,2233018514.76,513886083782.0,0.4326
20250314,000858.SZ,20250314,2594.3379,2746.48704,5874155.765747018,10604804482.24,546530407104.0,1.9722
20250317,000858.SZ,20250317,2777.6971200000003,2727.760992,2975234.9767432725,5457575155.24,542804063419.0,0.9989
20250318,000858.SZ,20250318,2735.173386,2722.104165,1432903.6348267118,2608207824.85,541678397098.0,0.4811
20250319,000858.SZ,20250319,2722.104165,2709.8151959999996,1290348.135747834,2339543020.11,539232984055.0,0.4332
20250320,000858.SZ,20250320,2709.034944,2652.661737,1755090.1907990898,3130766821.03,527859872600.0,0.5893
20250321,000858.SZ,20250321,2647.0049099999997,2625.54798,1512671.2639910227,2669031188.2,522464437473.0,0.5079
20250324,000858.SZ,20250324,2615.014578,2619.891153,1384974.349152328,2417592735.64,521338771152.0,0.465
20250325,000858.SZ,20250325,2625.54798,2605.261428,1348005.836128008,2342967012.6,518427565148.0,0.4526
20250326,000858.SZ,20250326,2604.8713019999996,2601.165105,835070.6050555222,1452491544.38,517612427467.0,0.2804
20250327,000858.SZ,20250327,2595.898404,2611.89357,1080927.0892227152,1882916851.12,519747311870.0,0.3629
20250328,000858.SZ,20250328,2615.404704,2598.8243489999995,928458.2450117895,1610808297.34,517146634506.0,0.3117
20250331,000858.SZ,20250331,2598.434223,2562.152505,1111538.2927223048,1912983576.96,509849211457.0,0.3732
20250401,000858.SZ,20250401,2563.713009,2570.7352769999998,933895.8134207004,1602816956.68,511557118979.0,0.3135
20250402,000858.SZ,20250402,2572.295781,2558.251245,775209.3934220631,1328718376.94,509072889856.0,0.2603
20250403,000858.SZ,20250403,2527.041165,2574.8316,1270898.979797924,2187566525.17,512372256660.0,0.4267
20250407,000858.SZ,20250407,2506.55955,2473.008714,3553524.2367821555,5889478917.85,492110262874.0,1.1931
20250408,000858.SZ,20250408,2473.008714,2550.643788,2546489.514061158,4295611989.98,507559062734.0,0.855
20250409,000858.SZ,20250409,2526.06585,2579.7081749999998,2279009.445110501,3910869674.7,513342658661.0,0.7652
20250410,000858.SZ,20250410,2580.6834900000003,2597.263845,1788732.718596972,3091985054.75,516836105866.0,0.6006
20250411,000858.SZ,20250411,2578.7328599999996,2567.02908,1337433.263903852,2296050286.07,510819613458.0,0.449
20250414,000858.SZ,20250414,2565.07845,2556.105552,965176.1427779527,1655429086.36,508645912975.0,0.3241
20250415,000858.SZ,20250415,2555.3253,2562.152505,881105.3897780897,1502439501.46,509849211457.0,0.2958
20250416,000858.SZ,20250416,2551.4240400000003,2580.6834900000003,1279014.2793913533,2177739510.25,513536739062.0,0.4294
20250417,000858.SZ,20250417,2561.7623790000002,2585.169939,1173447.3210717556,2022126157.58,514429508903.0,0.394
20250418,000858.SZ,20250418,2575.0266629999996,2569.9550249999998,686608.6123250527,1179998315.8,511401854659.0,0.2305
20250421,000858.SZ,20250421,2566.834017,2542.451142,1107769.0116151655,1887006445.39,505928787372.0,0.3719
20250422,000858.SZ,20250422,2539.7202599999996,2537.76963,889006.4463216801,1507639703.83,504997201451.0,0.2985
20250423,000858.SZ,20250423,2545.1820239999997,2535.233811,736224.6783438338,1246940578.83,504492592410.0,0.2472
20250424,000858.SZ,20250424,2531.9177400000003,2517.483078,1009241.9939705008,1703623363.71,500960329125.0,0.3388
20250425,000858.SZ,20250425,2520.2139599999996,2517.288015,822465.1793656319,1388082599.75,500921513045.0,0.2761
20250428,000858.SZ,20250428,2537.9646930000004,2552.399355,1419938.8609267946,2422404104.72,507908407454.0,0.4767
20250429,000858.SZ,20250429,2538.744945,2527.041165,957615.020586363,1619377345.3,502862317048.0,0.3215
20250430,000858.SZ,20250430,2528.2115430000003,2510.4608099999996,1125133.3647638324,1893634510.76,499562950244.0,0.3778
20250506,000858.SZ,20250506,2516.3127,2525.8707870000003,1123006.7415964853,1889145118.08,502629420567.0,0.377
20250507,000858.SZ,20250507,2553.37467,2535.6239370000003,1169975.7702774294,1990960978.19,504570224570.0,0.3928
20250508,000858.SZ,20250508,2530.162173,2570.9303400000003,1596257.6680902473,2735442055.08,511595935059.0,0.5359
20250509,000858.SZ,20250509,2570.9303400000003,2566.638954,848288.603190564,1454604448.26,510741981298.0,0.2848
20250512,000858.SZ,20250512,2574.8316,2593.752711,1262744.8524884423,2182417151.11,516137416425.0,0.424
20250513,000858.SZ,20250513,2607.212058,2594.1428370000003,923849.6406671369,1599600056.05,516215048585.0,0.3102
20250514,000858.SZ,20250514,2588.681073,2638.422138,2236733.505587201,3932377808.04,525026298756.0,0.751
20250515,000858.SZ,20250515,2633.5455629999997,2607.4071209999997,1112224.0699917926,1947912220.54,518854542028.0,0.3734
20250516,000858.SZ,20250516,2601.750294,2556.885804,1331674.63785865,2288769532.38,508801177295.0,0.4471
20250519,000858.SZ,20250519,2520.2139599999996,2522.1645900000003,1818673.6452196483,3062514441.1,501891915047.0,0.6106
20250520,000858.SZ,20250520,2516.3127,2518.8485189999997,1222913.140711029,2058475919.06,501232041686.0,0.4106
20250521,000858.SZ,20250521,2518.8485189999997,2521.384338,1087275.6510011412,1832618626.67,501736650726.0,0.3651
20250522,000858.SZ,20250522,2521.579401,2518.068267,737070.6007583836,1239750922.27,501076777365.0,0.2475
20250523,000858.SZ,20250523,2517.288015,2499.732345,1153933.9382476637,1937195759.85,497428065841.0,0.3874
20250526,000858.SZ,20250526,2496.221211,2465.7913829999998,2099577.8214858156,3460707609.17,490674067912.0,0.7049
20250527,000858.SZ,20250527,2463.255564,2460.914808,1160752.2693495546,1908812014.26,489703665911.0,0.3897
20250528,000858.SZ,20250528,2463.64569,2475.739596,1391848.5430551795,2291200545.2,492653687995.0,0.4673
20250529,000858.SZ,20250529,2469.4975799999997,2483.5421159999996,1230416.6352054738,2036182267.96,494206331197.0,0.4131
20250530,000858.SZ,20250530,2477.3001,2466.3765719999997,1126678.1093327096,1858195533.38,490790516152.0,0.3783
20250603,000858.SZ,20250603,2441.798634,2432.045484,1822315.7003322917,2965933456.49,483958886063.0,0.6118
20250604,000858.SZ,20250604,2432.045484,2429.509665,1484838.467493068,2410315627.36,483454277023.0,0.4985
20250605,000858.SZ,20250605,2429.509665,2438.872689,1552433.377471085,2525601313.34,485317448865.0,0.5212
20250606,000858.SZ,20250606,2437.702311,2440.043067,912259.3372216299,1488927363.02,485550345345.0,0.3063
20250609,000858.SZ,20250609,2440.043067,2437.507248,1522637.47927398,2477799331.4,485045736305.0,0.5112
20250610,000858.SZ,20250610,2434.38624,2426.388657,1312568.4856454087,2132365672.41,482833219742.0,0.4407
20250611,000858.SZ,20250611,2426.58372,2432.43561,1116279.417750006,1816144261.52,484036518224.0,0.3748
20250612,000858.SZ,20250612,2428.53435,2389.52175,2920979.30559469,4680660151.56,475496980613.0,0.9807
20250613,000858.SZ,20250613,2377.622907,2323.590456,2815866.616205983,4395342693.8,462377145556.0,0.9454
20250616,000858.SZ,20250616,2298.427329,2307.010101,2083258.5170820465,3192006584.9,459077778751.0,0.6995
20250617,000858.SZ,20250617,2305.839723,2296.086573,1507850.9488388826,2316678379.7,456904078269.0,0.5063
20250618,000858.SZ,20250618,2315.202747,2308.180479,1538457.6249960866,2378709213.87,459310675232.0,0.5165
20250619,000858.SZ,20250619,2292.965565,2287.698864,1255166.6952119442,1926506404.1,455234986826.0,0.4214
20250620,000858.SZ,20250620,2291.99025,2332.173228,2277589.471028385,3536127314.97,464085053078.0,0.7647
20250623,000858.SZ,20250623,2319.29907,2307.205164,1330475.659472643,2053039386.25,459116594831.0,0.4467
20250624,000858.SZ,20250624,2312.8619909999998,2335.879425,1373226.3560694933,2138966777.28,464822558599.0,0.4611
20250625,000858.SZ,20250625,2340.756,2344.267134,1370842.518466953,2135738739.04,466491650041.0,0.4603
20250626,000858.SZ,20250626,2342.901693,2335.489299,1276654.076050758,1997480065.35,464744926439.0,0.4286
20250627,000858.SZ,20250627,2335.0991729999996,2324.760834,1229408.8027496776,1913691951.75,462610042036.0,0.4128
20250630,000858.SZ,20250630,2324.760834,2319.29907,1716400.520322089,2660701232.46,461523191795.0,0.5763
20250701,000858.SZ,20250701,2321.0546369999997,2314.032369,937568.1787069419,1449250746.04,460475157633.0,0.3148
20250702,000858.SZ,20250702,2314.032369,2324.760834,1185371.8805076273,1840968959.54,462610042036.0,0.398
20250703,000858.SZ,20250703,2324.760834,2333.343606,939462.7563933749,1463537870.11,464317949558.0,0.3154
20250704,000858.SZ,20250704,2326.906527,2348.363457,1309701.0664883968,2049279008.08,467306787722.0,0.4397
20250707,000858.SZ,20250707,2344.8523229999996,2339.0004329999997,658465.8847102287,1030097660.83,465443615880.0,0.2211
20250708,000858.SZ,20250708,2337.830055,2355.970914,894965.2729818643,1404970363.01,468820614844.0,0.3005
20250709,000858.SZ,20250709,2356.946229,2371.9660799999997,1561516.7609888576,2482658941.47,472003533408.0,0.5243
20250710,000858.SZ,20250710,2360.8474889999998,2391.082254,1248598.51896051,1983620003.9,475807509253.0,0.4192
20250711,000858.SZ,20250711,2390.887191,2424.63309,2203734.320815769,3562808114.22,482483875022.0,0.7399
20250714,000858.SZ,20250714,2425.803468,2446.2850829999998,1681562.2369921014,2734366850.91,486792459907.0,0.5646
20250715,000858.SZ,20250715,2434.7763659999996,2438.2875,1483497.9904738578,2415360199.92,485201000625.0,0.4981
20250716,000858.SZ,20250716,2430.4849799999997,2443.749264,1371243.380104617,2237883046.03,486287850866.0,0.4604
20250717,000858.SZ,20250717,2443.749264,2454.2826659999996,1327499.6608329942,2171582212.29,488383919189.0,0.4457
20250718,000858.SZ,20250718,2458.865664,2476.874934,1613027.3279594546,2597764485.28,480465438859.0,0.5416
20250721,000858.SZ,20250721,2476.874934,2452.462368,1440955.8585652101,2304021397.08,475729877093.0,0.4838
20250722,000858.SZ,20250722,2452.462368,2511.8929590000002,2330980.112842858,3784887029.55,487258252868.0,0.7826
20250723,000858.SZ,20250723,2515.29471,2505.28956,1757738.0722177103,2887980079.32,485977322226.0,0.5902
20250724,000858.SZ,20250724,2504.2890450000004,2512.293165,1197153.7902910453,1955643592.43,487335885028.0,0.4019
20250725,000858.SZ,20250725,2512.293165,2472.072462,1411968.6664935534,2284994445.37,479533852938.0,0.4741
20250728,000858.SZ,20250728,2471.672256,2482.4778180000003,1369797.7766605217,2196293738.38,481552289100.0,0.4599
20250729,000858.SZ,20250729,2471.27205,2471.672256,1420748.4878676434,2276717869.45,479456220778.0,0.477
20250730,000858.SZ,20250730,2472.4726680000003,2491.682556,1719808.995261484,2789922636.36,483337828783.0,0.5774
20250731,000858.SZ,20250731,2481.6774060000002,2424.2478450000003,2338006.701694485,3717607979.08,470256809806.0,0.785
20250801,000858.SZ,20250801,2424.047742,2421.2463000000002,945569.6041291818,1491109254.91,469674568605.0,0.3175
20250804,000858.SZ,20250804,2413.842489,2419.645476,659404.6560109908,1038364797.9,469364039965.0,0.2214
20250805,000858.SZ,20250805,2420.245785,2440.256085,1070030.0063045162,1698256512.41,473362096210.0,0.3593
20250806,000858.SZ,20250806,2440.6562910000002,2444.458248,918387.440446264,1460865583.17,474177233891.0,0.3083
20250807,000858.SZ,20250807,2443.857939,2452.262265,887841.4613708731,1419842885.34,475691061013.0,0.2981
20250808,000858.SZ,20250808,2452.262265,2445.658866,632489.6055288212,1008572356.44,474410130371.0,0.2124
20250811,000858.SZ,20250811,2444.2581450000002,2480.076582,1401637.5013735497,2257903784.2,481086496140.0,0.4706
20250812,000858.SZ,20250812,2479.27617,2465.068857,1621968.3687632405,2625229653.63,478175290136.0,0.5446
20250813,000858.SZ,20250813,2461.467003,2465.068857,1195700.666854513,1916294685.52,478175290136.0,0.4015
20250814,000858.SZ,20250814,2464.868754,2458.0652520000003,1527505.0629500102,2461442361.7,476816727334.0,0.5129
20250815,000858.SZ,20250815,2452.062162,2463.26793,1488215.481239614,2376497642.36,477825945416.0,0.4997
20250818,000858.SZ,20250818,2463.26793,2476.274625,1959045.6607802007,3163846038.28,480348990619.0,0.6577
20250819,000858.SZ,20250819,2476.674831,2489.481423,2511076.0280443537,4087820977.62,482910851902.0,0.8431
20250820,000858.SZ,20250820,2489.6815260000003,2516.895534,3102460.664300785,5083056590.98,488228654869.0,1.0416
20250821,000858.SZ,20250821,2517.29574,2510.292135,1779435.6291716774,2908492490.98,486947724227.0,0.5974
20250822,000858.SZ,20250822,2510.292135,2517.0956370000004,1571908.3929868245,2567683361.09,488267470949.0,0.5278
20250825,000858.SZ,20250825,2524.8996540000003,2599.9382790000004,3681727.1396833993,6165955080.5,504337328090.0,1.2361
20250826,000858.SZ,20250826,2599.9382790000004,2596.1363220000003,2684134.304609418,4552425052.89,503599822569.0,0.9012
20250827,000858.SZ,20250827,2591.33385,2533.7041860000004,2661517.620416565,4441325743.63,491489205593.0,0.8936
20250828,000858.SZ,20250828,2533.5040830000003,2510.692341,2653750.6959829736,4340085829.48,487025356387.0,0.891
20250829,000858.SZ,20250829,2524.8996540000003,2591.934159,3339881.0981767243,5610236643.19,502784684888.0,1.1214
20250901,000858.SZ,20250901,2601.339,2578.727361,2432041.905081121,4074402940.83,500222823604.0,0.8166
20250902,000858.SZ,20250902,2569.522623,2572.5241680000004,2679278.8450028272,4522779364.71,499019525123.0,0.8996
20250903,000858.SZ,20250903,2581.3287,2533.7041860000004,2324009.0798537256,3883434402.01,491489205593.0,0.7803
20250904,000858.SZ,20250904,2527.30089,2511.492753,2009473.3488398648,3286629624.84,487180620708.0,0.6747
20250905,000858.SZ,20250905,2509.2916200000004,2537.506143,1547994.663567816,2537085184.54,492226711114.0,0.5197
20250908,000858.SZ,20250908,2535.30501,2583.1296270000003,2343195.2662721896,3923785754.0,501076777365.0,0.7867
20250909,000858.SZ,20250909,2582.9295240000006,2577.32664,1415032.986677029,2368186108.24,499951111044.0,0.4751
20250910,000858.SZ,20250910,2577.32664,2562.519018,1531967.5645844575,2565580225.42,497078721120.0,0.5144
20250911,000858.SZ,20250911,2549.712426,2571.7237560000003,1764690.9958373006,2932816233.12,498864260803.0,0.5925
20250912,000858.SZ,20250912,2571.32355,2545.110057,2015848.3073264372,3359522973.5,493701722156.0,0.6768
20250915,000858.SZ,20250915,2533.30398,2534.3044950000003,1278164.5202459684,2109473460.31,491605653833.0,0.4291
20250916,000858.SZ,20250916,2534.3044950000003,2517.29574,1466295.086958737,2405374663.48,488306287029.0,0.4923
20250917,000858.SZ,20250917,2517.495843,2520.497388,1391477.9148564972,2276167359.8,488927344310.0,0.4672
20250918,000858.SZ,20250918,2520.297285,2480.076582,2113866.190789268,3434002462.59,481086496140.0,0.7097
20250919,000858.SZ,20250919,2479.876479,2482.878024,1509277.9057711186,2431126955.62,481629921260.0,0.5067
20250922,000858.SZ,20250922,2473.27308,2451.26175,1507323.1681451893,2412049778.93,475496980613.0,0.5061
20250923,000858.SZ,20250923,2441.4567030000003,2445.058557,1320442.3014000691,2101237748.88,474293682131.0,0.4433
20250924,000858.SZ,20250924,2445.058557,2448.6604110000003,1001880.0748438758,1597546878.68,474992371572.0,0.3364
20250925,000858.SZ,20250925,2449.26072,2431.651656,1492910.1050895923,2371492766.58,471693004768.0,0.5012
20250926,000858.SZ,20250926,2431.651656,2404.637751,2009874.670885229,3154953964.4,466452833961.0,0.6748
20250929,000858.SZ,20250929,2406.438678,2439.655776,1967149.6036503578,3105049103.74,473245647970.0,0.6605
20250930,000858.SZ,20250930,2430.050832,2430.8512440000004,1186091.344273848,1875945187.3,471537740447.0,0.3982
20251009,000858.SZ,20251009,2430.050832,2424.447948,1563517.8463232762,2455273213.22,470295625886.0,0.525
20251010,000858.SZ,20251010,2424.047742,2415.843519,1345617.8548561656,2126979085.42,468626534444.0,0.4518
20251013,000858.SZ,20251013,2394.232395,2398.234455,1502730.064193111,2345294275.78,465210719399.0,0.5045
20251014,000858.SZ,20251014,2412.641871,2442.657321,2238009.7557322294,3543893434.16,473827889170.0,0.7514
20251015,000858.SZ,20251015,2428.049802,2442.657321,1493221.6476334124,2371853782.76,473827889170.0,0.5013
20251016,000858.SZ,20251016,2436.254025,2456.064222,1523014.0927727656,2427170002.37,476428566534.0,0.5114
20251017,000858.SZ,20251017,2441.2566,2422.6470209999998,1384353.7195724226,2197211376.19,469946281165.0,0.4648
20251020,000858.SZ,20251020,2428.249905,2410.440738,1010172.5546672756,1589202775.08,467578500282.0,0.3392
20251021,000858.SZ,20251021,2416.844034,2411.641356,1130251.4869634025,1780274210.51,467811396763.0,0.3795
20251022,000858.SZ,20251022,2401.236,2403.23703,980873.1294402486,1536553799.65,466181121401.0,0.3293
20251023,000858.SZ,20251023,2401.236,2427.849699,1194896.7182753005,1879432996.48,470955499247.0,0.4012
20251024,000858.SZ,20251024,2420.645991,2407.0389870000004,1337653.1853153273,2099912710.83,466918626921.0,0.4491
20251027,000858.SZ,20251027,2402.236515,2407.0389870000004,1104543.9324096942,1729967256.59,466918626921.0,0.3709
20251028,000858.SZ,20251028,2407.0389870000004,2403.23703,1075777.812768763,1686492047.71,466181121401.0,0.3612
20251029,000858.SZ,20251029,2398.434558,2377.823949,1880632.7045391903,2910549079.75,461251479234.0,0.6314
20251030,000858.SZ,20251030,2361.415503,2370.620241,1567917.2721027925,2423170733.86,459854100352.0,0.5264
20251031,000858.SZ,20251031,2309.1886200000004,2381.025597,3231118.373275236,4986642236.88,461872536515.0,1.0848
20251103,000858.SZ,20251103,2371.22055,2380.825494,1713256.3961372408,2646147017.83,461833720435.0,0.5752
20251104,000858.SZ,20251104,2376.823434,2344.406748,1325464.8890018424,2034069113.26,454769193866.0,0.445
20251105,000858.SZ,20251105,2328.198405,2324.796654,1263284.680516958,1915561293.49,450965218021.0,0.4241
20251106,000858.SZ,20251106,2331.4000530000003,2324.596551,1186877.8740950688,1803321901.63,450926401941.0,0.3985
20251107,000858.SZ,20251107,2324.596551,2336.202525,1115994.2719143322,1694831993.2,453177734584.0,0.3747
20251110,000858.SZ,20251110,2336.202525,2417.24424,3292410.685510233,5132402568.96,468898247004.0,1.1054
20251111,000858.SZ,20251111,2406.2385750000003,2416.844034,1759278.7498519022,2754670109.74,468820614844.0,0.5907
20251112,000858.SZ,20251112,2417.0441370000003,2408.839914,1707685.8466375812,2700551156.56,467267971642.0,0.5734
20251113,000858.SZ,20251113,2401.236,2425.24836,1227929.819747316,1928439961.07,470450890206.0,0.4123
20251114,000858.SZ,20251114,2414.8430040000003,2405.438163,1068480.8111278699,1683294872.05,466608098281.0,0.3587
20251117,000858.SZ,20251117,2401.636206,2404.2375450000004,900770.6304086394,1406740311.9,466375201801.0,0.3024
20251118,000858.SZ,20251118,2401.236,2408.439708,1133129.8791706031,1784778981.66,467190339482.0,0.3804
20251119,000858.SZ,20251119,2407.639296,2399.0348670000003,730126.9620274146,1142098879.05,465365983719.0,0.2451
20251120,000858.SZ,20251120,2398.834764,2406.2385750000003,1214390.150099049,1909518433.06,466763362601.0,0.4077
20251121,000858.SZ,20251121,2403.437133,2394.8327040000004,1573609.3692353119,2468277643.79,464550846038.0,0.5283
20251124,000858.SZ,20251124,2396.233425,2371.620756,1327592.9701269069,2066246185.87,460048180753.0,0.4457
20251125,000858.SZ,20251125,2371.620756,2371.420653,1124997.621226882,1735233690.37,460009364673.0,0.3777
20251126,000858.SZ,20251126,2371.620756,2366.418078,703637.942137188,1085069921.14,459038962671.0,0.2362
20251127,000858.SZ,20251127,2367.21849,2360.014782,707159.4471669886,1087246956.09,457796848110.0,0.2374
20251128,000858.SZ,20251128,2359.21437,2358.213855,616149.7362477755,945107391.43,457447503389.0,0.2069
20251201,000858.SZ,20251201,2357.2133400000002,2354.211795,927813.6742314722,1422932700.05,456671181788.0,0.3115
20251202,000858.SZ,20251202,2353.21128,2332.600671,958633.3656846478,1461213467.33,452479045143.0,0.3219
20251203,000858.SZ,20251203,2335.602216,2313.19068,1272804.7607383959,1923087546.31,448713885378.0,0.4273
20251204,000858.SZ,20251204,2313.3907830000003,2290.178835,1299052.0665860032,1940544885.11,444250036172.0,0.4362
20251205,000858.SZ,20251205,2290.579041,2300.384088,903027.0118128338,1351054927.14,446229656255.0,0.3032
20251208,000858.SZ,20251208,2298.1829549999998,2266.5666810000002,2125385.744918173,3157374146.68,439669738726.0,0.7136
20251209,000858.SZ,20251209,2261.1639,2218.742064,2335113.9601139603,3390789037.33,430392695594.0,0.784
20251210,000858.SZ,20251210,2211.13815,2233.5496860000003,1371215.9091118367,1984146057.73,433265085518.0,0.4604
20251211,000858.SZ,20251211,2241.1536,2239.15257,1211518.5105381184,1772255901.76,434351935760.0,0.4068
20251212,000858.SZ,20251212,2247.1566900000003,2233.14948,1972249.2328073021,2889348466.87,433187453358.0,0.6622
20251215,000858.SZ,20251215,2247.1566900000003,2250.1582350000003,1655060.4791555018,2429077630.45,436486820162.0,0.5557
20251216,000858.SZ,20251216,2241.1536,2261.1639,1113171.2053657756,1631458612.14,438621704565.0,0.3737
20251217,000858.SZ,20251217,2261.1639,2269.16802,1175113.9969465763,1732389485.74,440174347767.0,0.3945
20251218,000858.SZ,20251218,2269.1281559999998,2261.142594,956332.0177950646,1379153249.95,428645971992.0,0.3211
20251219,000858.SZ,20251219,2265.64727,2263.190174,1060374.029076895,1526045351.12,429034132793.0,0.356
20251222,000858.SZ,20251222,2262.780658,2259.095014,832301.7898809754,1197376767.17,428257811192.0,0.2794
20251223,000858.SZ,20251223,2254.9998539999997,2246.604776,871246.6029585185,1248444947.76,425890030309.0,0.2925
20251224,000858.SZ,20251224,2242.1001,2237.595424,904737.1194807093,1286401443.89,424182122786.0,0.3038
20251225,000858.SZ,20251225,2237.595424,2264.6234799999997,964616.2102798604,1385101983.39,429305845353.0,0.3239
20251226,000858.SZ,20251226,2254.3855799999997,2247.833324,880597.9437578231,1261539559.56,426122926789.0,0.2957
20251229,000858.SZ,20251229,2240.871552,2212.614948,1499797.3438772836,2119598415.75,419446561020.0,0.5036
20251230,000858.SZ,20251230,2209.33882,2198.281888,1216015.5427500827,1700875913.94,416729435417.0,0.4083
20251231,000858.SZ,20251231,2194.8010019999997,2169.206252,1601273.5797803672,2214652657.67,411217552050.0,0.5376
20260105,000858.SZ,20260105,2168.3872,2209.3388,1708639.2743,2390973424.47,418825503740.0,0.5737
20260106,000858.SZ,20260106,2209.7483,2214.8673,1429047.1065,2006335249.82,419873537901.0,0.4798
20260107,000858.SZ,20260107,2215.072,2201.558,944540.8999,1326159416.45,417350492698.0,0.3171
20260108,000858.SZ,20260108,2198.6914,2188.863,990807.5766,1379204588.92,414943895735.0,0.3327
20260109,000858.SZ,20260109,2191.9344,2193.7772,1233506.0476,1727812911.25,415875481656.0,0.4141
20260112,000858.SZ,20260112,2193.982,2222.6481,1790648.8587,2526732763.84,421348548943.0,0.6012
20260113,000858.SZ,20260113,2231.6574,2211.3864,1514540.2123,2140822642.57,419213664540.0,0.5085
20260114,000858.SZ,20260114,2208.9293,2191.7296,1731199.1748,2430589610.24,415487320855.0,0.5812
20260115,000858.SZ,20260115,2184.7679,2172.2776,1250228.3622,1733698629.33,411799793250.0,0.4198
20260116,000858.SZ,20260116,2175.5538,2153.2351,1524793.0314,2096582183.89,408189897806.0,0.5119
20260119,000858.SZ,20260119,2149.7542,2140.7449,1398863.238,1908481790.79,405822116923.0,0.4697
20260120,000858.SZ,20260120,2139.7211,2148.1162,1326101.7096,1813980704.79,407219495805.0,0.4452
20260121,000858.SZ,20260121,2142.1782,2110.0312,2012617.0126,2711884886.18,399999704915.0,0.6757
20260122,000858.SZ,20260122,2110.4407,2104.0932,1434283.093,1926511774.17,398874038594.0,0.4816
20260123,000858.SZ,20260123,2104.9122,2108.8026,1646411.6438,2214166356.93,399766808435.0,0.5528
20260126,000858.SZ,20260126,2108.1884,2095.4934,2401495.3889,3203042467.48,397243763232.0,0.8063
20260127,000858.SZ,20260127,2090.988696,2068.465316,1728732.6940418947,2283721967.52,392120040665.0,0.5804
20260128,000858.SZ,20260128,2068.670074,2061.91306,2047029.342089674,2696600350.89,390877926104.0,0.6873
20260129,000858.SZ,20260129,2061.91306,2268.104366,7570667.4407654805,10450873885.52,429965718714.0,2.5418
20260130,000858.SZ,20260130,2268.104366,2149.959,5127185.93902606,7156298338.79,407568840525.0,1.7214
20260202,000858.SZ,20260202,2151.597064,2196.848582,4082105.425996829,5754087576.64,416457722856.0,1.3706
20260203,000858.SZ,20260203,2192.548664,2196.6438239999998,2544851.6136676017,3556634123.24,416418906776.0,0.8544
20260204,000858.SZ,20260204,2180.6727,2222.0338159999997,2907603.6945569376,4088740226.48,421232100703.0,0.9762
20260205,000858.SZ,20260205,2209.33882,2229.609862,2861022.636098051,4071834696.1,422668295664.0,0.9606
20260206,000858.SZ,20260206,2229.81462,2190.9106,2121880.3541578804,2975510011.68,415332056535.0,0.7124
20260209,000858.SZ,20260209,2186.81544,2198.281888,1602921.8393471788,2237802124.03,416729435417.0,0.5382
20260210,000858.SZ,20260210,2194.5962440000003,2180.6727,1419900.9540261426,1967153218.0,413391252533.0,0.4767
20260211,000858.SZ,20260211,2176.782298,2171.253832,882416.707642952,1219688887.85,411605712850.0,0.2963
20260212,000858.SZ,20260212,2168.38722,2142.178196,1394496.8081468835,1906604083.34,406093829483.0,0.4682
20260213,000858.SZ,20260213,2143.81626,2171.663348,1851144.6656243037,2557578441.15,411683345010.0,0.6215
20260225,000858.SZ,20260225,2149.959,2153.439886,1239486.5901653233,1703140852.63,408228713886.0,0.4162
20260226,000858.SZ,20260226,2149.959,2127.026104,1475796.9043413992,2004360013.44,403221439559.0,0.4955
20260227,000858.SZ,20260227,2127.026104,2130.50699,914585.7773308754,1242973438.5,403881312920.0,0.3071
20260302,000858.SZ,20260302,2109.0074,2113.512076,1565874.4431368867,2106133136.07,400659578276.0,0.5257
20260303,000858.SZ,20260303,2109.2121580000003,2099.79329,1769458.1339000645,2370559086.74,398058900913.0,0.5941
20260304,000858.SZ,20260304,2088.5316,2068.465316,1404383.2961630851,1850959672.31,392120040665.0,0.4715
20260306,000858.SZ,20260306,2075.017572,2096.72192,866459.6673646448,1150357291.89,397476659712.0,0.2909
20260309,000858.SZ,20260309,2074.608056,2078.703216,1364194.4614795295,1811068890.67,394060844668.0,0.458
20260310,000858.SZ,20260310,2086.0745039999997,2089.55539,857081.9298571938,1139370871.52,396118096910.0,0.2878
20260311,000858.SZ,20260311,2089.55539,2092.217244,827208.8366356844,1099529974.19,396622705951.0,0.2777
20260312,000858.SZ,20260312,2088.5316,2094.060066,894834.4404603832,1189182247.4,396972050671.0,0.3004
20260313,000858.SZ,20260313,2089.760148,2107.98361,1175475.3402566374,1577733442.95,399611544115.0,0.3947
20260316,000858.SZ,20260316,2104.91224,2140.540132,1558086.8003567853,2119088706.0,405783300843.0,0.5231
20260317,000858.SZ,20260317,2140.540132,2145.659082,1363593.2457576501,1867733131.75,406753702844.0,0.4578
20260318,000858.SZ,20260318,2145.659082,2123.749976,899399.1526042809,1217253899.66,402600382279.0,0.302
20260319,000858.SZ,20260319,2109.2121580000003,2099.383774,877640.4381608001,1176973860.48,397981268753.0,0.2947
20260320,000858.SZ,20260320,2099.383774,2096.72192,789330.9416688,1053023021.84,397476659712.0,0.265
20260323,000858.SZ,20260323,2076.2461200000002,2052.2894340000003,1574515.988731675,2064661956.26,389053570341.0,0.5286
20260324,000858.SZ,20260324,2065.598704,2075.017572,901689.604178292,1184095484.19,393362155227.0,0.3027
20260325,000858.SZ,20260325,2075.22233,2097.74571,833258.4403474298,1107451812.52,397670740112.0,0.2798
20260326,000858.SZ,20260326,2092.62676,2073.789024,736072.8205373756,977853749.31,393129258746.0,0.2471
20260327,000858.SZ,20260327,2057.8179,2101.84087,790040.8136079328,1052956367.65,398447061713.0,0.2653
20260330,000858.SZ,20260330,2088.326842,2118.4262679999997,958468.8466664334,1286843153.03,401591164197.0,0.3218
20260331,000858.SZ,20260331,2149.959,2114.5358659999997,1368544.3166966545,1865043694.12,400853658676.0,0.4595
20260401,000858.SZ,20260401,2128.868926,2137.468762,941277.8370169019,1279526789.08,405201059642.0,0.316
20260402,000858.SZ,20260402,2129.4832,2149.959,1164703.8719059837,1589237202.13,407568840525.0,0.391
20260403,000858.SZ,20260403,2149.344726,2119.0405419999997,637577.2640855598,864181133.42,401707612437.0,0.2141
20260407,000858.SZ,20260407,2117.19772,2111.2597379999997,625754.9918937552,839975542.86,400232601396.0,0.2101
20260408,000858.SZ,20260408,2127.43562,2133.373602,750004.680811619,1016515697.76,404424738041.0,0.2518
20260409,000858.SZ,20260409,2116.788204,2100.81708,755541.1601414619,1012935759.78,398252981313.0,0.2537
20260410,000858.SZ,20260410,2101.021838,2089.9649059999997,939416.1784810353,1253630005.44,396195729070.0,0.3154
20260413,000858.SZ,20260413,2081.160312,2097.131436,941029.9074703298,1247104400.52,397554291872.0,0.316
20260414,000858.SZ,20260414,2097.131436,2111.05498,926158.9689568573,1238173621.19,400193785316.0,0.311
20260416,000858.SZ,20260416,2119.2453,2118.016752,691887.8004850856,934168917.94,401513532037.0,0.2323
20260417,000858.SZ,20260417,2078.2937,2085.664988,1284781.0393059263,1704502562.25,395380591389.0,0.4314
20260420,000858.SZ,20260420,2084.8459559999997,2075.22233,897494.2157445928,1186004538.23,393400971307.0,0.3013
20260421,000858.SZ,20260421,2074.19854,2071.7414440000002,830889.7961989968,1095969167.47,392741097946.0,0.279
20260422,000858.SZ,20260422,2068.0558,2060.684512,1107914.4237138205,1452833704.75,390645029623.0,0.372
20260423,000858.SZ,20260423,2060.684512,2071.7414440000002,1335360.2014989648,1764308584.54,392741097946.0,0.4483
20260424,000858.SZ,20260424,2060.88927,2073.584266,1032336.7348254226,1361341944.74,393090442666.0,0.3466
20260427,000858.SZ,20260427,2057.8179,2051.6751600000002,1465998.1239920908,1913778919.46,388937122101.0,0.4922
20260428,000858.SZ,20260428,2049.218064,2051.6751600000002,947017.5096117781,1234366126.32,388937122101.0,0.318
20260429,000858.SZ,20260429,2004.171304,2013.590172,2598505.2250135206,3316572049.36,381717331212.0,0.8724
20260430,000858.SZ,20260430,2001.304692,1987.7906639999999,1904621.864086419,2413614788.69,376826505125.0,0.6395
20260506,000858.SZ,20260506,1858.793124,1889.097308,6688183.283394445,7989429629.23,358117154541.0,2.2455
20260507,000858.SZ,20260507,1892.5781940000002,1896.0590799999998,4115107.756887546,4986385438.04,359436901263.0,1.3816
20260508,000858.SZ,20260508,1896.0590799999998,1886.435454,1992344.5709644805,2396026817.67,357612545501.0,0.6689
20260511,000858.SZ,20260511,1884.387874,1879.883198,2066651.688069486,2469941064.28,356370430939.0,0.6939
20260512,000858.SZ,20260512,1879.67844,1854.288448,2862003.4579687673,3387693471.87,351518420933.0,0.9609
20260513,000858.SZ,20260513,1854.4932059999999,1825.41757,3585051.191197496,4173652012.86,346045353646.0,1.2037
20260514,000858.SZ,20260514,1818.455798,1822.1414419999999,3860888.734191902,4478188840.7,345424296365.0,1.2963
20260515,000858.SZ,20260515,1801.8704,1778.7327460000001,2771490.8338965657,3145651221.47,337195287394.0,0.9305
20260518,000858.SZ,20260518,1774.2280700000001,1752.1142059999997,3020510.4724335494,3374154020.11,332149196988.0,1.0141
20260519,000858.SZ,20260519,1756.8236399999998,1756.414124,2339956.8352434114,2630415263.7,332964334669.0,0.7856
20260520,000858.SZ,20260520,1744.742918,1750.066626,2337463.957750534,2599236030.52,331761036187.0,0.7848
20260521,000858.SZ,20260521,1750.8856580000001,1747.60953,2506385.3176598274,2812401965.41,331295243227.0,0.8415
20260522,000858.SZ,20260522,1752.3189639999998,1720.581474,1997946.1212492888,2196206565.98,326171520660.0,0.6708
20260525,000858.SZ,20260525,1712.391154,1722.833812,2240840.112069373,2456799767.19,326598497541.0,0.7523
20260526,000858.SZ,20260526,1714.643492,1706.862688,2127880.310572618,2315776876.63,323570843297.0,0.7144
20260527,000858.SZ,20260527,1699.4913999999999,1717.714862,4633241.221099442,5045124428.93,325628095539.0,1.5556
20260528,000858.SZ,20260528,1690.482048,1668.5729419999998,2780698.4507587827,2969342510.0,316312236327.0,0.9336
20260529,000858.SZ,20260529,1658.335042,1738.190662,4612527.401931626,5028433894.52,329509703544.0,1.5486
20260601,000858.SZ,20260601,1718.94341,1707.886478,2148471.0474152407,2332216891.66,323764923697.0,0.7213
20260602,000858.SZ,20260602,1707.2722039999999,1693.5534179999997,1827654.434554887,1977315316.38,321047798094.0,0.6136
20260603,000858.SZ,20260603,1691.30108,1686.18213,1623271.9364318158,1737250496.6,319650419212.0,0.545
20260604,000858.SZ,20260604,1686.18213,1660.58738,1567002.7489409088,1668519853.96,314798409206.0,0.5261
20260605,000858.SZ,20260605,1668.7776999999999,1660.177864,1683284.468729416,1789684296.8,314720777045.0,0.5652
20260608,000858.SZ,20260608,1658.744558,1637.2449679999997,2112135.901917199,2207910676.4,310373376080.0,0.7091
20260609,000858.SZ,20260609,1636.0164200000002,1619.840538,1675974.0385305998,1731012016.86,307074009276.0,0.5627
20260610,000858.SZ,20260610,1618.202474,1620.454812,1770464.35492891,1830058907.75,307190457516.0,0.5944
20260611,000858.SZ,20260611,1613.083524,1633.7640820000001,2902071.6658348637,2978558092.56,309713502719.0,0.9744
20260612,000858.SZ,20260612,1625.573762,1636.425936,2749740.560260922,2870646294.71,310218111760.0,0.9232
20260615,000858.SZ,20260615,1637.2449679999997,1630.487954,1846320.590475945,1916505151.87,309092445438.0,0.6199
20260616,000858.SZ,20260616,1625.573762,1603.869414,1669483.2875074204,1708709321.74,304046355032.0,0.5605
20260617,000858.SZ,20260617,1603.25514,1586.6697419999998,1708018.491200995,1727945965.35,300785804307.0,0.5735
20260618,000858.SZ,20260618,1582.3698239999999,1553.0894299999998,2508017.6931609814,2499475187.41,294419967179.0,0.8421
20260622,000858.SZ,20260622,1545.9229,1567.42249,2733872.4554033754,2704470458.23,297137092783.0,0.9179
20260623,000858.SZ,20260623,1559.23217,1530.770808,3576621.126206345,3550233244.4,290189014454.0,1.2008
20260624,000858.SZ,20260624,1526.2661320000002,1500.8761399999999,2302633.808289917,2218704130.12,284521866767.0,0.7731
20260625,000858.SZ,20260625,1495.7571899999998,1535.685,3770986.3805263503,3656493221.54,291120600375.0,1.2661
20260626,000858.SZ,20260626,1533.63742,1498.214286,2482526.9906340796,2397332872.7,284017257726.0,0.8335
20260629,000858.SZ,20260629,1495.347674,1515.2092,3277501.763361492,3149108201.35,287238992370.0,1.1004
20260630,000858.SZ,20260630,1504.9713,1515.2092,2782801.5163988015,2662167644.83,287238992370.0,0.9343
20260701,000858.SZ,20260701,1512.547346,1525.8566159999998,2921751.792981054,2817061597.8,289257428533.0,0.981
20260702,000858.SZ,20260702,1534.456452,1504.9713,2687288.9414367545,2591988291.98,285298188368.0,0.9022
20260703,000858.SZ,20260703,1507.837912,1499.0333179999998,2595551.095739633,2488093356.99,284172522046.0,0.8714
20260706,000858.SZ,20260706,1492.890578,1510.295008,2653809.8583724527,2548673274.84,286307406449.0,0.891
20260707,000858.SZ,20260707,1506.814122,1468.5243759999998,2737363.7269941946,2580655043.23,278388926119.0,0.9191
20260708,000858.SZ,20260708,1468.1148600000001,1463.6101840000001,1780839.2587804354,1663105717.29,277457340197.0,0.5979
20260709,000858.SZ,20260709,1453.7818,1451.73422,1856374.7436296456,1713141688.85,275206007555.0,0.6233
20260710,000858.SZ,20260710,1456.034138,1508.861702,4294488.275257506,4085872492.79,286035693888.0,1.4418
20260713,000858.SZ,20260713,1495.9619480000001,1491.047756,2348253.1517976467,2224717872.55,282658694924.0,0.7884
20260714,000858.SZ,20260714,1484.700258,1502.92372,2175950.250799421,2068769750.05,284910027567.0,0.7306
20260715,000858.SZ,20260715,1483.266952,1564.35112,4890673.812808052,4805702853.56,296554851582.0,1.642
20260716,000858.SZ,20260716,1553.9213639999998,1566.0001200000002,3751713.867664094,3599045958.67,286850831570.0,1.2596
20240102,002594.SZ,20240102,204.64017199999998,197.45351999999997,11392832.0,2212162400.36,560686113873.0,0.9781
20240103,002594.SZ,20240103,197.35099999999997,198.03788399999996,8448596.0,1624093056.05,562345465300.0,0.7253
20240104,002594.SZ,20240104,199.23736799999998,197.88410399999998,8987036.0,1731882120.2,561908793872.0,0.7716
20240105,002594.SZ,20240105,197.32024399999997,197.53553599999998,11240188.0,2187835615.06,560919005301.0,0.965
20240108,002594.SZ,20240108,197.65856,194.17288,8107839.0,1543893918.74,551370456737.0,0.6961
20240109,002594.SZ,20240109,195.81319999999997,197.720072,11218651.0,2167747851.79,561443011015.0,0.9632
20240110,002594.SZ,20240110,196.53083999999996,195.08530799999997,7141623.0,1364589161.69,553961373878.0,0.6131
20240111,002594.SZ,20240111,194.99303999999998,201.73885599999997,15986174.0,3120354835.76,572854691007.0,1.3725
20240112,002594.SZ,20240112,201.73885599999997,200.80592399999998,8702264.0,1711086655.61,570205551009.0,0.7471
20240115,002594.SZ,20240115,199.62694399999998,199.514172,7021993.0,1364639692.18,566537511012.0,0.6029
20240116,002594.SZ,20240116,198.78627999999998,200.22155999999998,8380860.0,1633959522.52,568546199582.0,0.7195
20240117,002594.SZ,20240117,199.09383999999997,191.50735999999998,16079471.0,3050944390.44,543801485314.0,1.3805
20240118,002594.SZ,20240118,190.32837999999998,195.28009599999996,11459165.0,2150839668.13,554514491020.0,0.9838
20240119,002594.SZ,20240119,194.26514799999998,194.11136799999997,8090516.0,1540978198.75,551195788166.0,0.6946
20240122,002594.SZ,20240122,193.62952399999998,190.01056799999998,13223973.0,2487370788.56,539551216746.0,1.1353
20240123,002594.SZ,20240123,189.66199999999998,192.58381999999997,11072562.0,2072060503.59,546858185312.0,0.9506
20240124,002594.SZ,20240124,194.04985599999998,193.45523999999997,9664121.0,1805379382.4,549332656739.0,0.8297
20240125,002594.SZ,20240125,193.63977599999998,194.68547999999998,13076908.0,2470818453.07,552826028165.0,1.1227
20240126,002594.SZ,20240126,193.76279999999997,190.543672,11585464.0,2160578276.22,541065011030.0,0.9947
20240129,002594.SZ,20240129,190.58468,182.93668799999998,14604252.0,2647388165.71,519464331046.0,1.2538
20240130,002594.SZ,20240130,177.44161599999998,176.303644,19076118.0,3296016841.46,500629236774.0,1.6378
20240131,002594.SZ,20240131,175.401468,175.03239599999998,12536841.0,2155163736.0,497019419634.0,1.0763
20240201,002594.SZ,20240201,174.284,175.19642799999997,11665074.0,1996429636.62,497485202491.0,1.0015
20240202,002594.SZ,20240202,175.268192,171.20839999999998,14799171.0,2485326236.05,486160856785.0,1.2706
20240205,002594.SZ,20240205,169.158,172.23359999999997,18621620.0,3122618402.6,489071999640.0,1.5987
20240206,002594.SZ,20240206,170.18319999999997,180.30192399999999,17618975.0,3054635572.85,511982693909.0,1.5127
20240207,002594.SZ,20240207,181.71669999999997,184.08491199999997,16009370.0,2880398921.91,522724811044.0,1.3745
20240208,002594.SZ,20240208,186.063548,185.73548399999996,11924566.0,2168509150.22,527411751040.0,1.0238
20240219,002594.SZ,20240219,188.51377599999998,188.12419999999997,11968707.0,2192419553.49,534194713893.0,1.0276
20240220,002594.SZ,20240220,188.12419999999997,183.53130399999998,11335736.0,2023820071.64,521152793902.0,0.9732
20240221,002594.SZ,20240221,181.56291999999996,187.61159999999998,14769298.0,2700340930.5,532739142465.0,1.268
20240222,002594.SZ,20240222,187.50907999999998,187.601348,8090613.0,1476863326.44,532710031036.0,0.6946
20240223,002594.SZ,20240223,187.6013,187.2835,9117490.0,1660682308.43,531807576751.0,0.7828
20240226,002594.SZ,20240226,190.6872,190.6872,15546076.0,2912982360.47,541472571030.0,1.3347
20240227,002594.SZ,20240227,192.1737,198.5812,20634265.0,3958101886.88,563888371014.0,1.7715
20240228,002594.SZ,20240228,200.9392,192.7376,16829153.0,3223632042.64,547294856740.0,1.4449
20240229,002594.SZ,20240229,191.7227,196.0182,12236289.0,2323915656.97,556610513876.0,1.0505
20240301,002594.SZ,20240301,195.7107,197.0229,12215828.0,2336111333.57,559463433874.0,1.0488
20240304,002594.SZ,20240304,194.788,194.0396,12686510.0,2401200046.06,550992008166.0,1.0892
20240305,002594.SZ,20240305,192.225,195.6287,14962443.0,2826124074.26,555504279591.0,1.2846
20240306,002594.SZ,20240306,194.788,196.4796,10010040.0,1914828108.58,557920528161.0,0.8594
20240307,002594.SZ,20240307,196.8999,193.65,10132688.0,1935953171.65,549885773881.0,0.8699
20240308,002594.SZ,20240308,193.0452,192.8299,6714968.0,1263993368.05,547556859597.0,0.5765
20240311,002594.SZ,20240311,192.7376,203.7482,27808046.0,5440726382.81,578560531003.0,2.3874
20240312,002594.SZ,20240312,206.0652,210.2685,24502892.0,4958824423.44,597075399561.0,2.1037
20240313,002594.SZ,20240313,212.1344,211.5603,17781291.0,3691839468.95,600743439558.0,1.5266
20240314,002594.SZ,20240314,213.6722,217.4244,21135219.0,4497086169.98,617395176688.0,1.8145
20240315,002594.SZ,20240315,215.292,214.7486,14662802.0,3057950743.5,609797093837.0,1.2589
20240318,002594.SZ,20240318,217.1886,223.5244,19698182.0,4250885883.53,634716476676.0,1.6912
20240319,002594.SZ,20240319,223.5244,222.2634,14697268.0,3194716172.75,631135770964.0,1.2618
20240320,002594.SZ,20240320,222.4787,223.9857,9680523.0,2118610339.15,636026490960.0,0.8311
20240321,002594.SZ,20240321,224.4368,224.4675,8866709.0,1938901107.67,637394728102.0,0.7612
20240322,002594.SZ,20240322,224.4675,222.4171,10467161.0,2266796544.33,631572442392.0,0.8987
20240325,002594.SZ,20240325,221.8225,219.5978,9910940.0,2133902461.97,623566799541.0,0.8509
20240326,002594.SZ,20240326,221.4432,225.1339,13134627.0,2864082716.93,639286970958.0,1.1277
20240327,002594.SZ,20240327,225.1442,217.3219,18884898.0,4058093219.72,617104062403.0,1.622
20240328,002594.SZ,20240328,215.1382,213.6312,15943531.0,3327175192.21,606623948125.0,1.3694
20240329,002594.SZ,20240329,213.6824,208.1771,14138108.0,2873380485.75,591136668136.0,1.2143
20240401,002594.SZ,20240401,208.1771,217.3527,14290927.0,2995671850.58,617191396689.0,1.2275
20240402,002594.SZ,20240402,217.3527,217.691,10758479.0,2301699125.87,618152073831.0,0.9241
20240403,002594.SZ,20240403,215.8046,213.4056,8363379.0,1747159207.03,605983496697.0,0.7183
20240408,002594.SZ,20240408,212.2164,217.3424,12822718.0,2722271577.79,617162285260.0,1.1014
20240409,002594.SZ,20240409,217.0861,217.4244,8420846.0,1791256312.56,617395176688.0,0.7233
20240410,002594.SZ,20240410,219.7004,217.1784,7241085.0,1537375543.48,616696502403.0,0.6219
20240411,002594.SZ,20240411,214.2668,218.3471,10085395.0,2130444827.97,620015205258.0,0.8662
20240412,002594.SZ,20240412,217.3424,215.9071,11491789.0,2453371047.11,613086685263.0,0.987
20240415,002594.SZ,20240415,215.292,219.0032,11333192.0,2418635356.92,621878336685.0,0.9734
20240416,002594.SZ,20240416,217.7525,216.9631,9832304.0,2090984650.23,616085162404.0,0.8445
20240417,002594.SZ,20240417,216.3172,218.3676,9692162.0,2046775944.73,620073428115.0,0.8325
20240418,002594.SZ,20240418,217.3424,218.9827,13399756.0,2863779538.22,621820113828.0,1.1509
20240419,002594.SZ,20240419,217.5372,215.4253,11177043.0,2342512356.49,611718448121.0,0.96
20240422,002594.SZ,20240422,215.292,213.8157,6469478.0,1353615963.08,607147953839.0,0.5557
20240423,002594.SZ,20240423,213.8055,210.207,8729994.0,1793533842.51,596900730989.0,0.7498
20240424,002594.SZ,20240424,212.1036,212.647,7497892.0,1546983915.54,603829250984.0,0.644
20240425,002594.SZ,20240425,212.6265,214.2053,9468384.0,1980120669.24,608254188124.0,0.8133
20240426,002594.SZ,20240426,215.292,224.8981,25345378.0,5502292294.48,638617408101.0,2.1769
20240429,002594.SZ,20240429,226.6512,226.9588,19167593.0,4256800047.75,644468805240.0,1.6463
20240430,002594.SZ,20240430,229.1322,224.0062,11555966.0,2542063035.11,636084713818.0,0.9925
20240506,002594.SZ,20240506,230.67,232.0028,18677887.0,4226418539.22,658791628087.0,1.6042
20240507,002594.SZ,20240507,232.0028,235.673,14419048.0,3301364339.72,669213519507.0,1.2384
20240508,002594.SZ,20240508,234.2992,231.931,9113178.0,2070673827.4,658587848087.0,0.7827
20240509,002594.SZ,20240509,232.0028,233.8994,7900735.0,1796491172.59,664177242368.0,0.6786
20240510,002594.SZ,20240510,232.7204,233.5406,8061330.0,1833828035.67,663158342369.0,0.6923
20240513,002594.SZ,20240513,230.875,231.3876,8248116.0,1857506899.26,657044942374.0,0.7084
20240514,002594.SZ,20240514,231.3979,230.5777,6261853.0,1414943425.01,654322983448.0,0.5387
20240515,002594.SZ,20240515,230.1574,224.6623,9973351.0,2204936672.77,637536519465.0,0.8579
20240516,002594.SZ,20240516,224.6726,223.8114,8715722.0,1901165661.74,635121828805.0,0.7498
20240517,002594.SZ,20240517,224.9186,225.1237,7148666.0,1564639157.87,638845689099.0,0.615
20240520,002594.SZ,20240520,223.9857,228.4863,7595857.0,1688534368.27,648388081104.0,0.6534
20240521,002594.SZ,20240521,227.5739,224.2933,8408043.0,1838619340.95,636489183757.0,0.7233
20240522,002594.SZ,20240522,223.6884,222.3864,8839817.0,1916325810.23,631077949267.0,0.7604
20240523,002594.SZ,20240523,221.2894,220.3667,6228723.0,1336506236.87,625346695532.0,0.5358
20240524,002594.SZ,20240524,219.3723,214.5744,10287552.0,2166851356.35,608909343452.0,0.885
20240527,002594.SZ,20240527,215.292,213.6004,7604551.0,1580461907.49,606145540889.0,0.6542
20240528,002594.SZ,20240528,214.0618,212.606,6094646.0,1265112510.56,603323553010.0,0.5243
20240529,002594.SZ,20240529,216.3172,230.3624,30264777.0,6633165250.97,653712037619.0,2.6035
20240530,002594.SZ,20240530,230.0754,233.6021,22379181.0,5070762670.7,662905317720.0,1.9251
20240531,002594.SZ,20240531,234.5658,234.7913,18542984.0,4264400521.58,666280066112.0,1.5951
20240603,002594.SZ,20240603,234.7811,243.0749,27014589.0,6370453739.0,689786934221.0,2.3239
20240604,002594.SZ,20240604,242.8699,244.1514,15742916.0,3744672009.99,692841663368.0,1.3543
20240605,002594.SZ,20240605,244.4897,246.8579,19443395.0,4732184009.34,700522125225.0,1.6726
20240606,002594.SZ,20240606,247.2782,244.5102,17586542.0,4227834836.23,693859906418.0,1.5129
20240607,002594.SZ,20240607,245.0536,241.4346,18259398.0,4304211408.71,685132108853.0,1.5707
20240611,002594.SZ,20240611,240.5427,250.7947,22159693.0,5386278075.64,711693706109.0,1.9063
20240612,002594.SZ,20240612,247.7191,249.0211,18733197.0,4573251956.69,706660676180.0,1.6115
20240613,002594.SZ,20240613,255.0698,259.3653,29251928.0,7423395269.91,736015168656.0,2.5164
20240614,002594.SZ,20240614,257.8173,259.4269,20260976.0,5066109116.72,736189724608.0,1.7429
20240617,002594.SZ,20240617,258.3504,263.6917,20864880.0,5371512599.82,748292270565.0,1.7949
20240618,002594.SZ,20240618,262.0411,262.0821,12878911.0,3282495366.5,743724723172.0,1.1079
20240619,002594.SZ,20240619,262.4512,260.4008,9910811.0,2529117363.53,738953527170.0,0.8526
20240620,002594.SZ,20240620,259.2526,257.8378,11619994.0,2921098947.88,731680362533.0,0.9996
20240621,002594.SZ,20240621,258.3401,256.9869,11633012.0,2916085593.76,729265671873.0,1.0007
20240624,002594.SZ,20240624,256.3,256.2385,10842302.0,2719528810.03,727141907799.0,0.9327
20240625,002594.SZ,20240625,258.3504,260.4111,19574643.0,4998561939.22,738982619829.0,1.6839
20240626,002594.SZ,20240626,258.3504,259.0885,11191676.0,2814435213.53,735229666876.0,0.9627
20240627,002594.SZ,20240627,257.3457,255.7874,8291084.0,2074271452.09,725861830823.0,0.7132
20240628,002594.SZ,20240628,254.2496,256.5563,9298207.0,2324520983.89,728043780214.0,0.7999
20240701,002594.SZ,20240701,256.5563,253.0194,12927332.0,3179627870.49,718006813014.0,1.1121
20240702,002594.SZ,20240702,253.0911,250.118,10262737.0,2515326294.99,709773590644.0,0.8828
20240703,002594.SZ,20240703,250.1078,249.2261,9657403.0,2340645421.07,707242529351.0,0.8308
20240704,002594.SZ,20240704,251.174,250.7947,9919634.0,2449191850.83,711693706109.0,0.8533
20240705,002594.SZ,20240705,249.2979,248.1292,9566478.0,2308221433.2,704129614886.0,0.8229
20240708,002594.SZ,20240708,247.8934,251.1637,10537466.0,2591239966.71,712741041816.0,0.9065
20240709,002594.SZ,20240709,251.379,258.9655,14076255.0,3506898661.22,734880554973.0,1.2109
20240710,002594.SZ,20240710,258.8527,258.863,10928256.0,2767913672.44,734589628388.0,0.9401
20240711,002594.SZ,20240711,261.426,259.4371,10035945.0,2546645361.94,736218817266.0,0.8633
20240712,002594.SZ,20240712,259.9087,269.238,18886322.0,4891988725.17,764031398840.0,1.6247
20240715,002594.SZ,20240715,268.91,268.3051,9871552.0,2590423501.88,761383966912.0,0.8492
20240716,002594.SZ,20240716,267.1774,265.5165,11758768.0,3043326155.82,753470763786.0,1.0115
20240717,002594.SZ,20240717,265.5268,266.0497,10519171.0,2726321475.46,754983582031.0,0.9049
20240718,002594.SZ,20240718,264.3991,268.018,9532204.0,2487441703.58,760569372473.0,0.82
20240719,002594.SZ,20240719,267.0646,270.7143,13621379.0,3593320511.78,768220741671.0,1.1718
20240722,002594.SZ,20240722,270.7553,272.3034,10074955.0,2688874276.28,772730103747.0,0.8667
20240723,002594.SZ,20240723,271.6677,259.6114,16741049.0,4318283785.42,736713392462.0,1.4401
20240724,002594.SZ,20240724,259.6114,256.2897,11864005.0,2976544505.07,727287371091.0,1.0206
20240725,002594.SZ,20240725,256.2692,256.6998,10110420.0,2533958369.11,728451077433.0,0.8697
20240726,002594.SZ,20240726,259.3448,261.3747,12484165.0,3180235006.51,741717329732.0,1.0739
20240729,002594.SZ,20240729,262.4908,258.516,7885932.0,1960649994.07,724698124481.0,0.6784
20240730,002594.SZ,20240730,256.9489,253.1298,11039339.0,2686057413.63,709599034693.0,0.9496
20240731,002594.SZ,20240731,251.7807,256.3885,8749003.0,2153504528.39,718734129478.0,0.7526
20240801,002594.SZ,20240801,257.3744,253.4308,10363488.0,2519341335.4,710442721791.0,0.8915
20240802,002594.SZ,20240802,251.1372,243.6547,14567117.0,3453944602.55,683037437437.0,1.2531
20240805,002594.SZ,20240805,239.5658,239.9186,10526835.0,2457359662.24,672564080359.0,0.9056
20240806,002594.SZ,20240806,242.8452,237.5939,12910151.0,2955783827.37,666047324844.0,1.1106
20240807,002594.SZ,20240807,237.6977,237.6043,8202186.0,1882919963.49,666076417502.0,0.7056
20240808,002594.SZ,20240808,236.4108,235.0098,8535741.0,1925911439.18,658803252865.0,0.7343
20240809,002594.SZ,20240809,236.6807,240.3752,11985218.0,2790790707.01,673844157335.0,1.031
20240812,002594.SZ,20240812,240.78,239.1091,5377901.0,1242071532.34,670294852992.0,0.4626
20240813,002594.SZ,20240813,239.0676,237.376,6043650.0,1378452593.36,665436379014.0,0.5199
20240814,002594.SZ,20240814,237.2411,235.1655,5632985.0,1276584732.1,659239642743.0,0.4846
20240815,002594.SZ,20240815,235.1343,240.2403,8854538.0,2039684342.39,673465952774.0,0.7617
20240816,002594.SZ,20240816,240.8838,243.9972,10221858.0,2406276093.84,683997495169.0,0.8793
20240819,002594.SZ,20240819,244.1425,244.3189,7018242.0,1662452527.07,684899367584.0,0.6037
20240820,002594.SZ,20240820,244.9208,245.4189,6248422.0,1475807675.68,687983189390.0,0.5375
20240821,002594.SZ,20240821,243.5301,250.1098,11104338.0,2658947673.91,701133071055.0,0.9552
20240822,002594.SZ,20240822,250.1098,249.6117,6248845.0,1506260848.31,699736623445.0,0.5375
20240823,002594.SZ,20240823,248.8644,248.3871,4978602.0,1193437029.74,696303689736.0,0.4283
20240826,002594.SZ,20240826,248.5531,248.4597,5651342.0,1354660288.18,696507338346.0,0.4861
20240827,002594.SZ,20240827,246.4879,249.9022,5092646.0,1219258016.16,700551217884.0,0.4381
20240828,002594.SZ,20240828,249.3522,245.8029,8904070.0,2098577189.51,689059617757.0,0.766
20240829,002594.SZ,20240829,242.1499,243.7273,7938487.0,1858678051.41,683241086047.0,0.6829
20240830,002594.SZ,20240830,246.9756,258.8481,19302792.0,4764660206.01,725629089554.0,1.6605
20240902,002594.SZ,20240902,257.3952,250.2136,10113482.0,2468600915.45,701423997641.0,0.87
20240903,002594.SZ,20240903,249.4871,256.4196,10181990.0,2497421913.25,718821407453.0,0.8759
20240904,002594.SZ,20240904,254.7799,259.7821,10060596.0,2506778350.99,728247428824.0,0.8655
20240905,002594.SZ,20240905,259.45,262.4077,10012555.0,2542189362.96,735607871437.0,0.8613
20240906,002594.SZ,20240906,262.4181,261.1105,7814152.0,1982245013.05,731971289118.0,0.6722
20240909,002594.SZ,20240909,258.9103,259.4292,7085126.0,1774845243.84,727258278433.0,0.6095
20240910,002594.SZ,20240910,259.45,259.0868,6124829.0,1533462723.87,726298220701.0,0.5269
20240911,002594.SZ,20240911,259.45,267.8562,15536148.0,4001603969.48,750881517176.0,1.3365
20240912,002594.SZ,20240912,268.4789,266.725,7725108.0,1995755898.51,747710417394.0,0.6645
20240913,002594.SZ,20240913,266.9222,264.6286,5699161.0,1458587905.76,741833700366.0,0.4903
20240918,002594.SZ,20240918,264.6598,268.1987,6681981.0,1715595537.64,751841574908.0,0.5748
20240919,002594.SZ,20240919,268.8006,265.0126,9104323.0,2326365318.9,742910128733.0,0.7832
20240920,002594.SZ,20240920,265.0334,265.7806,8989793.0,2292829764.93,745062985466.0,0.7733
20240923,002594.SZ,20240923,265.6249,259.45,10758273.0,2712153559.79,727316463750.0,0.9255
20240924,002594.SZ,20240924,262.5634,263.9022,15649454.0,3949080823.05,739797214268.0,1.3462
20240925,002594.SZ,20240925,267.7524,272.7338,20571034.0,5442651982.01,764555066694.0,1.7696
20240926,002594.SZ,20240926,273.9792,279.8013,14906641.0,3960197853.87,784367167167.0,1.2823
20240927,002594.SZ,20240927,283.3194,294.7248,30992240.0,8683447958.42,826202410161.0,2.6661
20240930,002594.SZ,20240930,300.962,318.9263,38880459.0,11640545413.1,894046489900.0,3.3447
20241008,002594.SZ,20241008,350.8179,339.755,44343939.0,14484952068.34,952435455610.0,3.8147
20241009,002594.SZ,20241009,326.907,317.2451,32591858.0,10166970123.49,889333479215.0,2.8037
20241010,002594.SZ,20241010,321.718,327.8306,25016687.0,7918647495.83,919007990936.0,2.1521
20241011,002594.SZ,20241011,325.89,311.3919,18641849.0,5671879376.72,872925219793.0,1.6037
20241014,002594.SZ,20241014,312.3674,318.6046,17236482.0,5268100404.73,893144617485.0,1.4828
20241015,002594.SZ,20241015,317.0479,309.2644,12214902.0,3695577335.23,866961224790.0,1.0508
20241016,002594.SZ,20241016,304.0754,300.7441,15032187.0,4362898826.78,843076152120.0,1.2931
20241017,002594.SZ,20241017,303.5669,300.3601,10245654.0,3005198739.74,841999723754.0,0.8814
20241018,002594.SZ,20241018,300.3912,311.6513,19109242.0,5674148204.69,873652536257.0,1.6439
20241021,002594.SZ,20241021,314.4534,318.0338,15781602.0,4819617233.25,891544521265.0,1.3576
20241022,002594.SZ,20241022,316.529,316.2696,10373266.0,3174859558.84,886598769311.0,0.8924
20241023,002594.SZ,20241023,316.2696,320.5557,12669500.0,3911383612.4,898614037292.0,1.0899
20241024,002594.SZ,20241024,320.5557,315.1591,9688514.0,2959755260.68,883485854846.0,0.8335
20241025,002594.SZ,20241025,315.4912,319.7877,13982037.0,4306245200.84,896461180560.0,1.2028
20241028,002594.SZ,20241028,320.6802,316.6328,10932439.0,3323177977.18,887617012361.0,0.9405
20241029,002594.SZ,20241029,320.6802,316.9441,11854561.0,3635542203.37,888489792117.0,1.0198
20241030,002594.SZ,20241030,314.4534,317.0998,10844820.0,3301164357.47,888926181995.0,0.9329
20241031,002594.SZ,20241031,313.426,304.2726,24085199.0,7127704551.25,852967656027.0,2.0719
20241101,002594.SZ,20241101,304.283,301.2837,14304086.0,4174457395.28,844588970365.0,1.2305
20241104,002594.SZ,20241104,307.1888,318.5838,21731889.0,6600399617.25,893086432168.0,1.8695
20241105,002594.SZ,20241105,315.5535,319.1235,16781998.0,5124245708.8,894599250413.0,1.4437
20241106,002594.SZ,20241106,319.6424,311.7136,18486120.0,5611830833.85,873827092208.0,1.5903
20241107,002594.SZ,20241107,306.1821,313.1873,15067592.0,4484370171.83,877958249722.0,1.2962
20241108,002594.SZ,20241108,318.7291,309.1606,16671572.0,5022195686.37,866670298205.0,1.4342
20241111,002594.SZ,20241111,306.151,310.6032,18085930.0,5349190917.28,870714177743.0,1.5558
20241112,002594.SZ,20241112,311.4957,312.1806,24655746.0,7520312653.8,875136261843.0,2.121
20241113,002594.SZ,20241113,309.2644,311.9315,14511579.0,4326957543.62,874438038037.0,1.2484
20241114,002594.SZ,20241114,311.34,305.8916,12458290.0,3690676831.42,857506110761.0,1.0717
20241115,002594.SZ,20241115,305.9331,300.962,15323594.0,4471450174.24,843687097950.0,1.3182
20241118,002594.SZ,20241118,300.9724,299.5921,11620595.0,3364288894.42,839846867021.0,0.9997
20241119,002594.SZ,20241119,299.5921,298.876,13194669.0,3785016710.44,837839473581.0,1.1351
20241120,002594.SZ,20241120,298.8968,299.3638,10601693.0,3049973686.34,839206828533.0,0.912
20241121,002594.SZ,20241121,299.3742,296.8108,9553294.0,2727230001.41,832050034530.0,0.8218
20241122,002594.SZ,20241122,296.2919,289.0169,12514178.0,3529973028.97,810201447959.0,1.0765
20241125,002594.SZ,20241125,293.6974,293.6974,17453315.0,4981714331.78,823322236965.0,1.5014
20241126,002594.SZ,20241126,290.584,291.6322,9520645.0,2686423189.13,817532797914.0,0.819
20241127,002594.SZ,20241127,289.8368,291.6218,11000281.0,3068303752.07,817503705255.0,0.9463
20241128,002594.SZ,20241128,291.8294,284.9591,15858922.0,4365779156.54,798826218466.0,1.3643
20241129,002594.SZ,20241129,283.3194,285.2186,12800460.0,3516186178.74,799553534930.0,1.1012
20241202,002594.SZ,20241202,287.0659,293.0747,15135721.0,4255616768.38,821576677452.0,1.302
20241203,002594.SZ,20241203,295.5654,293.3342,9144971.0,2585320048.37,822303993916.0,0.7867
20241204,002594.SZ,20241204,291.9747,290.5632,8501286.0,2389151937.26,814536254083.0,0.7313
20241205,002594.SZ,20241205,287.6678,285.6648,9026771.0,2486214937.29,800804519247.0,0.7765
20241206,002594.SZ,20241206,286.0903,290.8746,12469840.0,3469413044.88,815409033839.0,1.0727
20241209,002594.SZ,20241209,289.7849,291.0925,9215268.0,2590143544.39,816019979669.0,0.7927
20241210,002594.SZ,20241210,304.0754,293.2304,17592915.0,5057037510.83,822013067330.0,1.5134
20241211,002594.SZ,20241211,292.6907,291.3831,9335988.0,2623997225.72,816834574108.0,0.8031
20241212,002594.SZ,20241212,290.6878,294.4031,10013395.0,2816818034.74,825300537746.0,0.8614
20241213,002594.SZ,20241213,291.9643,286.9621,11235863.0,3130392699.07,804441101566.0,0.9666
20241216,002594.SZ,20241216,286.9725,285.3431,7149026.0,1967314539.05,799902646832.0,0.615
20241217,002594.SZ,20241217,285.312,293.4898,17568207.0,4960329885.56,822740383794.0,1.5113
20241218,002594.SZ,20241218,293.9569,295.4098,8410638.0,2397657885.43,828122525626.0,0.7235
20241219,002594.SZ,20241219,292.4624,296.1881,8672852.0,2465377213.9,830304475017.0,0.7461
20241220,002594.SZ,20241220,295.7834,290.7916,9670711.0,2730666916.66,815176292571.0,0.8319
20241223,002594.SZ,20241223,291.1029,291.3105,8151596.0,2291275853.09,816630925499.0,0.7012
20241224,002594.SZ,20241224,290.4698,299.3223,14228738.0,4072070487.74,839090457899.0,1.224
20241225,002594.SZ,20241225,299.644,296.7278,8339103.0,2405517152.19,831817293262.0,0.7174
20241226,002594.SZ,20241226,296.7278,295.6277,6760455.0,1928774413.55,828733471455.0,0.5816
20241227,002594.SZ,20241227,297.641,297.1014,7868319.0,2249658028.46,832864628969.0,0.6769
20241230,002594.SZ,20241230,298.0562,295.7626,8294681.0,2371257353.79,829111676016.0,0.7135
20241231,002594.SZ,20241231,295.773,293.3445,7761976.0,2201903440.1,822333086574.0,0.6677
20250102,002594.SZ,20250102,293.6974,281.34758000000005,16878404.0,4624073917.86,788701973291.0,1.452
20250103,002594.SZ,20250103,281.7627,280.96359400000006,9936476.0,2693072230.19,787625544924.0,0.8548
20250106,002594.SZ,20250106,282.219332,281.534384,8244683.0,2236590143.88,789225641144.0,0.7092
20250107,002594.SZ,20250107,281.534384,284.388334,9572218.0,2627167272.83,797226122246.0,0.8234
20250108,002594.SZ,20250108,283.309022,279.355004,10908247.0,2933447141.97,783116182849.0,0.9384
20250109,002594.SZ,20250109,279.1682,279.572942,6561288.0,1766873664.35,783727128678.0,0.5644
20250110,002594.SZ,20250110,279.1682,276.075556,8054821.0,2147363099.92,773922902747.0,0.6929
20250113,002594.SZ,20250113,272.9414,276.0548,6721375.0,1787448697.26,773864717430.0,0.5782
20250114,002594.SZ,20250114,276.407652,286.74414,12578973.0,3438827616.87,803830155737.0,1.0821
20250115,002594.SZ,20250115,286.64036,285.073282,6233583.0,1718769123.17,799146237710.0,0.5362
20250116,002594.SZ,20250116,285.08366,283.070328,7257175.0,1984685717.9,793531354610.0,0.6243
20250117,002594.SZ,20250117,283.859056,287.05548000000005,8614153.0,2376770800.05,804702935493.0,0.741
20250120,002594.SZ,20250120,289.5462,295.18145400000003,13579709.0,3863727458.08,827482487138.0,1.1682
20250121,002594.SZ,20250121,295.773,296.86269000000004,7644144.0,2184132797.3,832195497823.0,0.6576
20250122,002594.SZ,20250122,295.773,293.17850000000004,8105689.0,2287303620.42,821867604038.0,0.6973
20250123,002594.SZ,20250123,295.752244,287.584758,9617392.0,2690601164.04,806186661079.0,0.8273
20250124,002594.SZ,20250124,286.962078,289.629224,6814367.0,1898979250.77,811917914813.0,0.5862
20250127,002594.SZ,20250127,289.63960199999997,284.8761,6340768.0,1755529339.7,798593477198.0,0.5455
20250205,002594.SZ,20250205,293.41719400000005,293.48984,14535090.0,4128876836.05,822740383794.0,1.2504
20250206,002594.SZ,20250206,293.500218,322.838824,38145868.0,11416508784.31,905014422173.0,3.2815
20250207,002594.SZ,20250207,332.096,339.25682,48707526.0,15691989047.57,951039008000.0,4.19
20250210,002594.SZ,20250210,339.26719800000006,342.608914,27271140.0,8908518536.6,960435936711.0,2.346
20250211,002594.SZ,20250211,352.12554000000006,342.37022,28036356.0,9315885530.05,959766805565.0,2.4118
20250212,002594.SZ,20250212,339.8795,358.09289,27935722.0,9451048634.3,1003842183268.0,2.4032
20250213,002594.SZ,20250213,354.09736,354.20114,19983985.0,6859997620.51,992932436312.0,1.7191
20250214,002594.SZ,20250214,354.429456,369.50869000000006,24364461.0,8574633633.17,1035844107673.0,2.0959
20250217,002594.SZ,20250217,369.50869000000006,361.67330000000004,23201509.0,8111345838.94,1013879150468.0,1.9959
20250218,002594.SZ,20250218,364.68292,369.68511600000005,25179738.0,8977762526.02,1036338682868.0,2.1661
20250219,002594.SZ,20250219,366.883056,372.0513,16191782.0,5784129670.21,1042971809018.0,1.3929
20250220,002594.SZ,20250220,377.21954400000004,376.493084,15693717.0,5695876654.95,1055423466877.0,1.35
20250221,002594.SZ,20250221,379.83480000000003,397.47740000000005,23929245.0,9089497618.41,1114248822465.0,2.0585
20250224,002594.SZ,20250224,399.553,390.503384,19940747.0,7586289373.78,1094698555919.0,1.7154
20250225,002594.SZ,20250225,383.98600000000005,386.570122,16110252.0,6008878409.26,1083672438329.0,1.3859
20250226,002594.SZ,20250226,386.570122,386.16538,13852896.0,5125594765.18,1082537824646.0,1.1917
20250227,002594.SZ,20250227,396.43960000000004,389.69390000000004,16844614.0,6350435990.24,1092429328553.0,1.4491
20250228,002594.SZ,20250228,385.12758,375.496796,23930429.0,8762214821.87,1052630571656.0,2.0586
20250303,002594.SZ,20250303,382.94820000000004,373.825938,15207822.0,5524500397.17,1047946653630.0,1.3082
20250304,002594.SZ,20250304,352.883134,357.874952,26345330.0,9062924960.49,1003231237438.0,2.2663
20250305,002594.SZ,20250305,360.1166,367.339688,13906886.0,4885879812.39,1029763742036.0,1.1963
20250306,002594.SZ,20250306,373.794804,372.49755400000004,11460099.0,4120637644.5,1044222793335.0,0.9859
20250307,002594.SZ,20250307,372.46641999999997,369.87192,8758413.0,3131517605.2,1036862350722.0,0.7534
20250310,002594.SZ,20250310,369.35302,364.2678,9917660.0,3484351089.32,1021152315105.0,0.8532
20250311,002594.SZ,20250311,358.041,363.624364,9536997.0,3314689326.43,1019348570275.0,0.8204
20250312,002594.SZ,20250312,367.84821,364.2678,12951056.0,4593312533.26,1066712115105.0,1.1142
20250313,002594.SZ,20250313,365.17068600000005,367.9001,10221085.0,3624758940.84,1077348845598.0,0.8793
20250314,002594.SZ,20250314,370.49460000000005,390.150532,22469718.0,8292987453.86,1142506417529.0,1.933
20250317,002594.SZ,20250317,396.771696,394.62345000000005,13306887.0,5060211612.55,1155604791364.0,1.1448
20250318,002594.SZ,20250318,403.23719000000006,399.106746,17333878.0,6672881109.13,1168733555857.0,1.4912
20250319,002594.SZ,20250319,399.065234,412.079246,18835150.0,7404859764.84,1206721879045.0,1.6203
20250320,002594.SZ,20250320,415.12,415.10962200000006,15941284.0,6372989565.18,1215595951341.0,1.3714
20250321,002594.SZ,20250321,407.86577800000003,386.0616,28210676.0,10685254370.83,1130532498060.0,2.4269
20250324,002594.SZ,20250324,391.2506,389.54860800000006,14789405.0,5522974120.0,1140743759333.0,1.2723
20250325,002594.SZ,20250325,392.267644,383.560502,12308536.0,4595791802.18,1123208349349.0,1.0589
20250326,002594.SZ,20250326,383.560502,390.223178,12020484.0,4503762855.04,1142719152139.0,1.0341
20250327,002594.SZ,20250327,390.31658000000004,401.10970000000003,14439437.0,5554865370.91,1174598952958.0,1.2422
20250328,002594.SZ,20250328,401.10970000000003,396.9585,11493982.0,4428715749.31,1162442689538.0,0.9888
20250331,002594.SZ,20250331,394.36400000000003,389.07122,11578391.0,4370400299.42,1139345789040.0,0.9961
20250401,002594.SZ,20250401,392.049706,379.3159,15407199.0,5663384880.32,1110778570003.0,1.3254
20250402,002594.SZ,20250402,378.797,374.12690000000003,11710041.0,4226638862.52,1095583240728.0,1.0074
20250403,002594.SZ,20250403,368.9379,371.023878,10102322.0,3618676870.28,1086496433821.0,0.8691
20250407,002594.SZ,20250407,345.940252,333.922528,27349840.0,8911483833.66,977849829505.0,2.3528
20250408,002594.SZ,20250408,333.922528,339.889878,27464351.0,8924529992.96,995324458171.0,2.3627
20250409,002594.SZ,20250409,331.88844,336.86988,21193856.0,6822376377.27,986480776533.0,1.8233
20250410,002594.SZ,20250410,347.14410000000004,349.11592,21089578.0,7165511480.53,1022341753622.0,1.8143
20250411,002594.SZ,20250411,349.7386,368.39824400000003,18994493.0,6621821826.86,1078807597208.0,1.6341
20250414,002594.SZ,20250414,376.92896,372.5702,14206917.0,5115484102.7,1091024641945.0,1.2222
20250415,002594.SZ,20250415,378.38188,373.57686600000005,11651557.0,4195947008.5,1093972535824.0,1.0024
20250416,002594.SZ,20250416,370.10023600000005,365.46127,13182793.0,4618462218.32,1070207040838.0,1.1341
20250417,002594.SZ,20250417,363.167732,362.89790400000004,8528864.0,2985985218.94,1062700548176.0,0.7337
20250418,002594.SZ,20250418,361.05062,359.0788,7386013.0,2553879766.85,1051516785830.0,0.6354
20250421,002594.SZ,20250421,359.0788,361.943128,7495341.0,2609226235.17,1059904607590.0,0.6448
20250422,002594.SZ,20250422,361.943128,368.252952,11212206.0,3956085869.05,1078382127988.0,0.9646
20250423,002594.SZ,20250423,391.2506,386.05122200000005,24792689.0,9216822110.03,1130502107401.0,2.1329
20250424,002594.SZ,20250424,386.559744,379.83480000000003,15089211.0,5557113198.78,1112298102930.0,1.2981
20250425,002594.SZ,20250425,383.98600000000005,384.847374,13386942.0,4975314905.12,1126976791010.0,1.1517
20250428,002594.SZ,20250428,381.007514,373.608,17978320.0,6459136359.64,1094063707800.0,1.5466
20250429,002594.SZ,20250429,372.67398000000003,368.41900000000004,11898307.0,4237606410.13,1078868378525.0,1.0236
20250430,002594.SZ,20250430,368.31522,366.436802,13047947.0,4599074534.65,1073063762742.0,1.1225
20250506,002594.SZ,20250506,373.608,373.566488,14829353.0,5326196143.28,1093942145166.0,1.2757
20250507,002594.SZ,20250507,378.797,372.77776,10883990.0,3937980382.23,1091632455116.0,0.9363
20250508,002594.SZ,20250508,369.996456,372.86078399999997,8338169.0,2994908337.11,1091875580384.0,0.7173
20250509,002594.SZ,20250509,374.38635,376.949716,14372616.0,5218995470.89,1103849499853.0,1.2364
20250512,002594.SZ,20250512,378.797,384.276584,16137017.0,5890708994.27,1125305304789.0,1.3882
20250513,002594.SZ,20250513,390.2128,380.3537,13177107.0,4874657843.91,1113817635858.0,1.1336
20250514,002594.SZ,20250514,380.3537,387.20318000000003,13569307.0,5012059706.8,1133875470501.0,1.1673
20250515,002594.SZ,20250515,387.0994,391.04304,20880137.0,7894571014.52,1145120014164.0,1.7963
20250516,002594.SZ,20250516,389.206134,403.88062600000006,22932794.0,8858484483.81,1182713258790.0,1.9729
20250519,002594.SZ,20250519,402.6664,397.28021800000005,16137281.0,6159126224.05,1163384799953.0,1.3883
20250520,002594.SZ,20250520,397.9963,409.72344000000004,17209991.0,6705400029.45,1199823199554.0,1.4805
20250521,002594.SZ,20250521,408.830932,415.12,19947886.0,7967115092.16,1215626342000.0,1.7161
20250522,002594.SZ,20250522,415.09924400000006,413.87464000000006,14636280.0,5868800084.14,1211979462974.0,1.2591
20250523,002594.SZ,20250523,414.0822,420.309,23557418.0,9627525188.04,1230821671275.0,2.0266
20250526,002594.SZ,20250526,416.998418,395.40180000000004,30955063.0,12014228946.46,1157884090755.0,2.663
20250527,002594.SZ,20250527,390.08826400000004,386.48709800000006,23027544.0,8594833865.33,1131778515061.0,1.981
20250528,002594.SZ,20250528,386.48709800000006,376.59686400000004,17775388.0,6513230208.83,1102816217462.0,1.5292
20250529,002594.SZ,20250529,373.182502,374.780714,19206113.0,6942900394.87,1097497852216.0,1.6523
20250530,002594.SZ,20250530,370.515356,365.61694000000006,19055991.0,6733498590.72,1070662900717.0,1.6393
20250603,002594.SZ,20250603,364.52725000000004,369.45680000000004,18189270.0,6453885813.19,1081907444380.0,1.5648
20250604,002594.SZ,20250604,373.08910000000003,374.147656,14690410.0,5311224036.65,1095644022045.0,1.2638
20250605,002594.SZ,20250605,376.088342,374.38635,10861275.0,3908084317.51,1096343007191.0,0.9344
20250606,002594.SZ,20250606,374.6458,373.566488,8969768.0,3228098167.59,1093942145166.0,0.7717
20250609,002594.SZ,20250609,369.581336,361.299692,25509134.0,8932441522.56,1058020386760.0,2.1945
20250610,002594.SZ,20250610,362.81488,366.478314,17178588.0,6042960183.12,1940331353376.0,1.4778
20250611,002594.SZ,20250611,367.39157800000004,375.673222,20310674.0,7326544793.73,1989014092851.0,1.7473
20250612,002594.SZ,20250612,373.49384200000003,366.59247200000004,14404696.0,5117764843.95,1940935766620.0,1.2392
20250613,002594.SZ,20250613,362.71110000000004,359.0788,21023987.0,7256548253.58,1901154385830.0,1.8086
20250616,002594.SZ,20250616,359.06842200000006,357.449454,10228405.0,3508947839.19,1892527760438.0,0.8799
20250617,002594.SZ,20250617,357.0032,356.73337200000003,7004530.0,2408912943.95,1888736440998.0,0.6026
20250618,002594.SZ,20250618,355.778596,360.06471,10289697.0,3565398001.68,1906374318392.0,0.8852
20250619,002594.SZ,20250619,357.034334,353.3709,10038121.0,3437688886.94,1870933723628.0,0.8636
20250620,002594.SZ,20250620,352.883134,353.11145,7353816.0,2507526429.81,1869560057164.0,0.6326
20250623,002594.SZ,20250623,349.58293000000003,350.98396,9459334.0,3185477391.05,1858295992161.0,0.8138
20250624,002594.SZ,20250624,354.12849400000005,356.35976400000004,14471259.0,4979495319.17,1886758361290.0,1.2449
20250625,002594.SZ,20250625,359.06842200000006,362.472406,12573827.0,4352301719.65,1919121943176.0,1.0817
20250626,002594.SZ,20250626,357.324918,350.19523200000003,20493214.0,6967640374.17,1854120046111.0,1.763
20250627,002594.SZ,20250627,346.6252,346.874272,13861749.0,4633461708.45,1836537115375.0,1.1925
20250630,002594.SZ,20250630,346.874272,344.45619800000003,14400344.0,4768270278.13,1823734543933.0,1.2388
20250701,002594.SZ,20250701,342.78534,343.864652,8851804.0,2931303336.66,1820602584396.0,0.7615
20250702,002594.SZ,20250702,344.5496,343.15894800000007,9327011.0,3083342650.35,1816866211614.0,0.8024
20250703,002594.SZ,20250703,343.49104400000004,347.206368,12349781.0,4123732531.23,1838295408449.0,1.0624
20250704,002594.SZ,20250704,345.12039000000004,343.5118,10410355.0,3454495463.05,1818734398005.0,0.8956
20250707,002594.SZ,20250707,341.64376,341.010702,8820772.0,2901015557.38,1805492253294.0,0.7588
20250708,002594.SZ,20250708,339.36060000000003,339.236064,11691814.0,3825413668.2,1796096374682.0,1.0058
20250709,002594.SZ,20250709,339.25682,338.11524000000003,12163311.0,3969384130.1,1790162135559.0,1.0464
20250710,002594.SZ,20250710,338.12561800000003,333.372494,21002206.0,6741345468.09,1765051512602.0,1.8068
20250711,002594.SZ,20250711,331.99222,336.15379800000005,16826983.0,5456832017.95,1779777217093.0,1.4476
20250714,002594.SZ,20250714,336.15379800000005,330.528922,17230914.0,5502331853.72,1749996128159.0,1.4823
20250715,002594.SZ,20250715,330.22796,335.26129000000003,16279094.0,5252631321.92,1775051804458.0,1.4005
20250716,002594.SZ,20250716,335.27166800000003,335.95661600000005,11075835.0,3594544238.09,1778733230581.0,0.9528
20250717,002594.SZ,20250717,337.285,340.419156,15689135.0,5138610960.73,1802360293757.0,1.3497
20250718,002594.SZ,20250718,341.571114,341.550358,13686649.0,4482466755.08,1808349479539.0,1.1774
20250721,002594.SZ,20250721,340.38802200000003,346.74973600000004,15394503.0,5102459145.61,1835877755473.0,1.3244
20250722,002594.SZ,20250722,347.663,354.605882,21416417.0,7227731006.63,1877472375995.0,1.8424
20250723,002594.SZ,20250723,355.021002,350.849046,15890735.0,5395840274.18,1857581685600.0,1.367
20250724,002594.SZ,20250724,350.859424,355.674816,18906327.0,6489370095.95,1883131881826.0,1.6265
20250725,002594.SZ,20250725,353.88980000000004,350.703754,15704076.0,5307866610.59,1856812432380.0,1.351
20250728,002594.SZ,20250728,350.703754,349.7386,11705670.0,3947000993.53,1851702393135.0,1.007
20250729,002594.SZ,20250729,352.8953457,351.0365094,12911994.666666666,4322742015.41,1015838152692.0,1.1108
20250730,002594.SZ,20250730,340.4190885,342.46695900000003,17494475.666666664,5743878668.38,991039375316.0,1.505
20250731,002594.SZ,20250731,340.891674,331.5659868,19983314.333333332,6344900790.83,959493871741.0,1.7191
20250801,002594.SZ,20250801,330.6523215,333.330306,12077897.333333332,3816659557.87,964599502377.0,1.039
20250804,002594.SZ,20250804,327.65928,330.4317816,13764564.666666666,4293903589.58,956211680617.0,1.1841
20250805,002594.SZ,20250805,330.4317816,330.36877020000003,11278328.666666666,3539636639.53,956029336666.0,0.9703
20250806,002594.SZ,20250806,330.36877020000003,328.7619795,10187320.0,3184784992.59,951379565908.0,0.8764
20250807,002594.SZ,20250807,328.5099339,331.8495381,14292099.333333332,4526612773.43,960314419521.0,1.2295
20250808,002594.SZ,20250808,330.80985,327.4387401,10887153.666666666,3405317252.01,947550342930.0,0.9366
20250811,002594.SZ,20250811,327.2812116,332.4481464,11889930.0,3741329572.1,962046687059.0,1.0229
20250812,002594.SZ,20250812,332.070078,332.9207319,10406501.333333332,3302639096.41,963414266694.0,0.8952
20250813,002594.SZ,20250813,334.87408530000005,336.5753931,15327671.333333332,4908744877.15,973990215869.0,1.3186
20250814,002594.SZ,20250814,338.27670090000004,335.1261309,13984931.0,4478119017.41,969796304989.0,1.2031
20250815,002594.SZ,20250815,333.4878345,334.1809599,12045115.333333332,3831047052.11,967061145720.0,1.0362
20250818,002594.SZ,20250818,332.8892262,341.4272709,20641724.333333332,6680761816.28,988030700119.0,1.7758
20250819,002594.SZ,20250819,342.3724419,339.0958491,12991173.0,4205349328.86,981283973921.0,1.1176
20250820,002594.SZ,20250820,337.6780926,341.04920250000004,12835115.0,4130459251.5,986936636411.0,1.1042
20250821,002594.SZ,20250821,339.631446,337.426047,14982126.0,4843670255.1,976451859212.0,1.2889
20250822,002594.SZ,20250822,337.4575527,348.6420762,25437335.0,8351469725.95,1008909082543.0,2.1883
20250825,002594.SZ,20250825,350.6899467,351.6351177,20387586.0,6803182882.92,1017570420230.0,1.7539
20250826,002594.SZ,20250826,352.07619750000003,358.3773375,23097195.0,7850511029.36,1037081223019.0,1.987
20250827,002594.SZ,20250827,359.03895719999997,348.7050876,22991564.333333332,7761766930.98,1009091426494.0,1.9779
20250828,002594.SZ,20250828,344.6408523,344.4203124,25417399.666666664,8278465955.83,996692037806.0,2.1866
20250829,002594.SZ,20250829,343.0340616,359.3540142,38163398.0,12973326090.99,1039907554264.0,3.2831
20250901,002594.SZ,20250901,341.836845,345.61752900000005,44328912.666666664,14546890246.63,1000156572881.0,3.8135
20250902,002594.SZ,20250902,342.75051030000003,346.6257114,25774136.666666664,8495472755.14,1003074076101.0,2.2173
20250903,002594.SZ,20250903,348.137985,337.7726097,24507442.333333332,7975948715.56,977454750944.0,2.1083
20250904,002594.SZ,20250904,335.8192563,327.65928,27191358.0,8588835880.93,948188546760.0,2.3392
20250905,002594.SZ,20250905,327.2182002,337.93013820000004,26250795.0,8307907947.57,977910610822.0,2.2583
20250908,002594.SZ,20250908,334.43300550000004,334.7480625,18530781.666666664,5910440231.73,968702241281.0,1.5942
20250909,002594.SZ,20250909,333.96042,332.35362929999997,12721207.333333332,4049249506.54,961773171132.0,1.0944
20250910,002594.SZ,20250910,332.4481464,331.43996400000003,10745631.666666666,3401353898.36,959129183838.0,0.9244
20250911,002594.SZ,20250911,331.5974925,335.8192563,17926049.666666664,5683446688.51,971802088453.0,1.5421
20250912,002594.SZ,20250912,335.850762,333.6768687,15197006.0,4859782579.06,965602394109.0,1.3074
20250915,002594.SZ,20250915,333.96042,342.46695900000003,32493469.0,10620465040.63,991039375316.0,2.7953
20250916,002594.SZ,20250916,343.41213,339.631446,17772007.0,5753437964.22,982833897507.0,1.5289
20250917,002594.SZ,20250917,340.891674,349.6817643,32707990.333333332,10827682692.16,1011917757739.0,2.8138
20250918,002594.SZ,20250918,349.6817643,345.6490347,31133793.333333332,10362193293.46,1000247744856.0,2.6784
20250919,002594.SZ,20250919,345.932586,343.69568130000005,15765916.0,5188176204.4,994595082366.0,1.3563
20250922,002594.SZ,20250922,343.0025559,340.2300543,16385307.666666666,5293961578.02,984566165044.0,1.4096
20250923,002594.SZ,20250923,338.5287465,332.700192,21698754.0,6888232045.71,962776062864.0,1.8667
20250924,002594.SZ,20250924,330.80985,333.0467547,18272075.666666664,5758922304.81,963778954596.0,1.5719
20250925,002594.SZ,20250925,331.88104380000004,338.686275,23116068.0,7421942404.64,980098738238.0,1.9886
20250926,002594.SZ,20250926,338.5287465,338.0246553,25220402.333333332,8250492997.18,978184126749.0,2.1697
20250929,002594.SZ,20250929,337.11099,342.18340770000003,20466122.666666664,6621874267.35,990218827535.0,1.7607
20250930,002594.SZ,20250930,340.8601683,344.0737497,18925183.333333332,6200518749.86,995689146074.0,1.6281
20251009,002594.SZ,20251009,342.3724419,348.453042,33624065.666666664,11196004666.78,1008362050689.0,2.8926
20251010,002594.SZ,20251010,348.2955135,339.5999403,19670084.333333332,6420415513.32,982742725531.0,1.6922
20251013,002594.SZ,20251013,330.80985,332.9837433,24814326.666666664,7841774365.12,963596610645.0,2.1347
20251014,002594.SZ,20251014,336.1028076,333.9289143,25592875.666666664,8244228528.63,966331769914.0,2.2017
20251015,002594.SZ,20251015,335.3781765,337.426047,15859711.0,5063179652.06,976451859212.0,1.3644
20251016,002594.SZ,20251016,337.11099,336.98496719999997,17436546.0,5628738804.39,975175451552.0,1.5
20251017,002594.SZ,20251017,335.850762,329.0140251,20857498.0,6576614911.1,952108941713.0,1.7943
20251020,002594.SZ,20251020,331.5029754,329.2975764,11853817.333333332,3721699722.1,952929489494.0,1.0198
20251021,002594.SZ,20251021,329.8331733,330.0537132,9969139.666666666,3133789475.42,955117616909.0,0.8576
20251022,002594.SZ,20251022,327.974337,326.96615460000004,11929139.666666666,3715302135.68,946182763296.0,1.0262
20251023,002594.SZ,20251023,325.453881,326.6826033,12620114.0,3889661810.81,945362215515.0,1.0857
20251024,002594.SZ,20251024,327.59626860000003,326.90314320000004,10184756.0,3173964302.23,946000419344.0,0.8762
20251027,002594.SZ,20251027,327.65928,327.69078570000005,11532928.0,3607756848.47,948279718736.0,0.9922
20251028,002594.SZ,20251028,327.7222914,326.7771204,8847194.333333332,2755526046.73,945635731442.0,0.7611
20251029,002594.SZ,20251029,326.8086261,329.2975764,13244680.0,4128608368.72,952929489494.0,1.1394
20251030,002594.SZ,20251030,327.65928,326.4305577,11966315.0,3733925602.84,944632839710.0,1.0294
20251031,002594.SZ,20251031,318.20757000000003,317.5459503,21235086.333333332,6418551106.33,918922342576.0,1.8268
20251103,002594.SZ,20251103,317.5459503,313.796772,18389007.0,5472679664.54,908072877474.0,1.582
20251104,002594.SZ,20251104,311.90643,308.125746,14500568.0,4274197473.75,891661921857.0,1.2475
20251105,002594.SZ,20251105,304.5340962,301.824606,19573836.666666664,5617215879.19,873427526727.0,1.6839
20251106,002594.SZ,20251106,301.13148060000003,307.24358639999997,13400122.333333332,3897723836.01,889109106539.0,1.1528
20251107,002594.SZ,20251107,305.60529,306.235404,10752024.333333332,3145817990.54,886191603318.0,0.925
20251110,002594.SZ,20251110,306.7079895,313.1351523,18495896.666666664,5513238812.76,906158265985.0,1.5912
20251111,002594.SZ,20251111,313.481715,310.9927647,10661929.333333332,3161124109.67,899958571641.0,0.9172
20251112,002594.SZ,20251112,311.276316,308.0312289,8688111.666666666,2555847684.22,891388405930.0,0.7474
20251113,002594.SZ,20251113,305.63679570000005,314.5214031,19333007.333333332,5759429263.98,910169832914.0,1.6632
20251114,002594.SZ,20251114,311.90643,309.9215709,11432822.0,3396134915.94,896858724469.0,0.9835
20251117,002594.SZ,20251117,308.125746,309.0079056,6908253.0,2029207778.62,894214737175.0,0.5943
20251118,002594.SZ,20251118,307.3065978,303.9984993,10158548.333333332,2949162764.52,879718393047.0,0.8739
20251119,002594.SZ,20251119,303.71494800000005,299.8397469,11609745.0,3327809283.94,867683692261.0,0.9988
20251120,002594.SZ,20251120,299.8397469,294.9248577,13060362.333333332,3692348084.89,853460864060.0,1.1236
20251121,002594.SZ,20251121,291.3962193,292.057839,15057104.333333332,4182916492.54,845164214276.0,1.2953
20251124,002594.SZ,20251124,293.318067,295.9330401,10910071.0,3064736738.52,856378367280.0,0.9386
20251125,002594.SZ,20251125,296.15358000000003,295.8700287,9249629.0,2620855758.23,856196023329.0,0.7957
20251126,002594.SZ,20251126,298.5165075,299.5877013,10219232.333333332,2914626392.7,866954316456.0,0.8791
20251127,002594.SZ,20251127,298.043922,297.0672453,6742665.333333333,1915349541.08,859660558404.0,0.5801
20251128,002594.SZ,20251128,298.043922,299.8397469,7311687.333333333,2080615710.1,867683692261.0,0.629
20251201,002594.SZ,20251201,300.5328723,301.7300889,7790424.0,2237016414.3,873154010800.0,0.6702
20251202,002594.SZ,20251202,303.7779594,304.40807340000003,11973915.333333332,3483571735.4,880903628730.0,1.0301
20251203,002594.SZ,20251203,304.4710848,299.4616785,7719094.666666666,2207429345.9,866589628553.0,0.6641
20251204,002594.SZ,20251204,299.0521044,300.0602868,5538054.666666666,1576759405.22,868321896091.0,0.4764
20251205,002594.SZ,20251205,300.21781530000004,302.3917086,7053949.0,2021250208.5,875068622289.0,0.6068
20251208,002594.SZ,20251208,303.11633969999997,304.12452210000004,8260166.0,2397261754.42,880083080949.0,0.7106
20251209,002594.SZ,20251209,303.11633969999997,302.5492371,5440900.666666666,1568057388.33,875524482167.0,0.4681
20251210,002594.SZ,20251210,301.19449199999997,303.9354879,6613408.0,1902988179.72,879536049096.0,0.5689
20251211,002594.SZ,20251211,305.54227860000003,303.1793511,8363589.0,2422448208.27,877347921680.0,0.7195
20251212,002594.SZ,20251212,303.084834,305.60529,18487362.666666664,5390456375.38,884368163805.0,1.5904
20251215,002594.SZ,20251215,304.1875335,300.9739521,9776699.666666666,2824248327.37,870965883384.0,0.8411
20251216,002594.SZ,20251216,300.879435,296.9412225,8625590.333333332,2450336536.01,859295870501.0,0.742
20251217,002594.SZ,20251217,297.728865,299.9657697,9094166.666666666,2584139144.72,868048380164.0,0.7824
20251218,002594.SZ,20251218,297.3823023,294.6728121,8426578.0,2376126962.27,852731488254.0,0.7249
20251219,002594.SZ,20251219,296.15358000000003,296.87821110000004,9068931.333333332,2573037717.75,859113526550.0,0.7802
20251222,002594.SZ,20251222,298.35897900000003,297.3192909,6874494.0,1952361858.31,860389934209.0,0.5914
20251223,002594.SZ,20251223,297.728865,298.7055417,7887247.0,2247679864.35,864401501138.0,0.6785
20251224,002594.SZ,20251224,298.674036,297.4768194,6426998.333333333,1819358258.51,860845794087.0,0.5529
20251225,002594.SZ,20251225,297.50832510000004,298.80005880000004,6073387.666666666,1725723850.6,864675017065.0,0.5225
20251226,002594.SZ,20251226,300.1863096,315.08850570000004,34031965.0,10178557961.83,911810928476.0,2.9277
20251229,002594.SZ,20251229,316.632285,315.7186197,17305565.333333332,5209488142.03,913634367989.0,1.4888
20251230,002594.SZ,20251230,312.72557820000003,314.2693575,10625212.666666666,3174697985.99,909440457109.0,0.9141
20251231,002594.SZ,20251231,314.9939886,307.8737004,13428629.0,3955310311.36,890932546052.0,1.1552
20260105,002594.SZ,20260105,310.0161,309.1024,12754173.6667,3762797878.26,894488253102.0,1.0972
20260106,002594.SZ,20260106,309.449,315.0255,17392828.6667,5185026166.42,911628584524.0,1.4963
20260107,002594.SZ,20260107,314.931,307.4956,18694960.3333,5502570730.88,889838482344.0,1.6083
20260108,002594.SZ,20260108,306.2354,305.2272,10021825.0,2908439428.93,883274100097.0,0.8622
20260109,002594.SZ,20260109,305.7628,305.6368,11678019.3333,3412630184.79,884459335781.0,1.0046
20260112,002594.SZ,20260112,305.6368,307.0861,14175239.6667,4125432529.12,888653246661.0,1.2195
20260113,002594.SZ,20260113,311.9064,306.2039,16624090.6667,4905229941.76,886100431342.0,1.4301
20260114,002594.SZ,20260114,305.0067,302.7698,17158324.3333,4975154616.41,876162685997.0,1.4761
20260115,002594.SZ,20260115,302.7068,301.415,9854515.3333,2835803089.86,872242291044.0,0.8478
20260116,002594.SZ,20260116,304.6601,302.0136,12819600.6667,3705328915.52,873974558581.0,1.1028
20260119,002594.SZ,20260119,305.0067,303.0533,11164238.3333,3227653861.74,876983233777.0,0.9604
20260120,002594.SZ,20260120,303.1478,298.485,12971649.0,3699337566.25,863763297308.0,1.1159
20260121,002594.SZ,20260121,296.1851,296.4686,10277797.6667,2910327666.12,857928290867.0,0.8842
20260122,002594.SZ,20260122,298.422,296.5316,9700475.0,2741536605.29,858110634818.0,0.8345
20260123,002594.SZ,20260123,296.9097,295.0509,12776757.3333,3598066420.86,853825551962.0,1.0992
20260126,002594.SZ,20260126,295.0509,291.8373,12515320.3333,3485372554.28,844526010446.0,1.0767
20260127,002594.SZ,20260127,291.96332190000004,289.25383170000003,12099364.0,3340756010.26,837049908443.0,1.0409
20260128,002594.SZ,20260128,289.222326,294.0742038,23852206.0,6553150013.29,850999220717.0,2.052
20260129,002594.SZ,20260129,291.9318162,290.82911670000004,12394160.333333332,3423462524.93,841608507225.0,1.0662
20260130,002594.SZ,20260130,290.7030939,286.3553073,10972520.0,3001871204.27,828662086683.0,0.9439
20260202,002594.SZ,20260202,277.25016,274.2571185,21565795.0,5676850726.51,793652048033.0,1.8553
20260203,002594.SZ,20260203,274.729704,275.2653009,12594228.333333332,3275997178.85,796569551254.0,1.0835
20260204,002594.SZ,20260204,274.0680843,280.8418098,12550157.0,3322530225.39,812706990944.0,1.0797
20260205,002594.SZ,20260205,278.825445,283.8978627,11808010.333333332,3184480192.98,821550672582.0,1.0158
20260206,002594.SZ,20260206,281.6294523,282.98419739999997,8236259.666666666,2217096985.32,818906685288.0,0.7085
20260209,002594.SZ,20260209,285.12658500000003,283.7403342,6939317.0,1875980039.28,821094812704.0,0.597
20260210,002594.SZ,20260210,283.5513,286.1032617,8920160.333333332,2434219974.85,827932710878.0,0.7674
20260211,002594.SZ,20260211,286.32380159999997,290.7345996,13231653.0,3662117778.54,841334991298.0,1.1383
20260212,002594.SZ,20260212,290.76610530000005,287.2059612,7677110.666666666,2106032227.12,831123730025.0,0.6604
20260213,002594.SZ,20260213,283.7088285,284.4019539,7244629.0,1963579416.68,823009424193.0,0.6232
20260225,002594.SZ,20260225,286.3553073,288.11962650000004,10826003.333333332,2985714580.09,833767717319.0,0.9313
20260226,002594.SZ,20260226,287.962098,283.0787145,9700631.333333332,2619922211.49,819180201215.0,0.8345
20260227,002594.SZ,20260227,281.66095800000005,281.40891239999996,7311361.0,1962319079.4,814348086506.0,0.629
20260302,002594.SZ,20260302,277.25016,304.9436703,47837896.0,13507227574.29,882453552316.0,4.1154
20260303,002594.SZ,20260303,303.6834423,299.9657697,28858048.333333332,8272503575.74,868048380164.0,2.4826
20260304,002594.SZ,20260304,299.93426400000004,302.4232143,23365630.666666664,6674964517.79,875159794264.0,2.0101
20260306,002594.SZ,20260306,302.45472,294.95636340000004,16784679.0,4743654924.93,853552036035.0,1.444
20260309,002594.SZ,20260309,294.95636340000004,307.24358639999997,36446966.33333333,10562485734.53,889109106539.0,3.1355
20260310,002594.SZ,20260310,306.1723926,304.345062,16915414.333333332,4907397250.96,880721284779.0,1.4552
20260311,002594.SZ,20260311,304.8176475,312.5995554,30124791.666666664,8925093667.94,904608342399.0,2.5916
20260312,002594.SZ,20260312,312.6310611,312.22148699999997,16750785.666666666,4995016177.19,903514278692.0,1.441
20260313,002594.SZ,20260313,311.90643,314.01731190000004,17325494.0,5199004697.47,908711081304.0,1.4905
20260316,002594.SZ,20260316,314.01731190000004,329.61263340000005,36260475.33333333,11184164654.67,953841209250.0,3.1194
20260317,002594.SZ,20260317,329.6441391,324.0991359,28046286.666666664,8793237612.73,937886113512.0,2.4128
20260318,002594.SZ,20260318,323.9416074,320.3814633,20599882.666666664,6257459329.85,927127820385.0,1.7722
20260319,002594.SZ,20260319,318.1760643,322.33481670000003,17701979.666666664,5450382395.36,932780482875.0,1.5229
20260320,002594.SZ,20260320,321.35814,324.6032271,20959441.333333332,6495105103.63,939344865122.0,1.8031
20260323,002594.SZ,20260323,327.24970590000004,339.0958491,59414850.33333333,19284919428.95,981283973921.0,5.1113
20260324,002594.SZ,20260324,341.521788,335.9767848,30714872.333333332,9784806490.81,972257948332.0,2.6423
20260325,002594.SZ,20260325,336.2288304,335.850762,22088829.666666664,7061311677.57,971893260429.0,1.9003
20260326,002594.SZ,20260326,335.9137734,324.9497898,27604022.333333332,8655663075.43,940347756854.0,2.3747
20260327,002594.SZ,20260327,327.6277743,331.755021,21948488.0,6893710025.99,960040903595.0,1.8882
20260330,002594.SZ,20260330,326.11550070000004,334.1179485,24251907.666666664,7713482118.31,966878801768.0,2.0867
20260331,002594.SZ,20260331,337.11099,331.5974925,19621967.0,6283345063.15,959585043716.0,1.6883
20260401,002594.SZ,20260401,333.64536300000003,323.40601050000004,23839937.0,7383168511.54,935880330047.0,2.0513
20260402,002594.SZ,20260402,322.9019193,320.2554405,20144982.333333332,6153958207.6,926763132482.0,1.7333
20260403,002594.SZ,20260403,320.728026,311.9379357,16391505.333333332,4921224065.51,902693730911.0,1.4104
20260407,002594.SZ,20260407,313.481715,308.69284860000005,12656582.0,3731963029.9,893303017419.0,1.089
20260408,002594.SZ,20260408,310.331145,318.9006954,18760613.333333332,5621410290.06,922842737529.0,1.6142
20260409,002594.SZ,20260409,315.7186197,312.0009471,12635431.0,3764528220.2,902876074862.0,1.0872
20260410,002594.SZ,20260410,313.1351523,320.3184519,20191045.0,6130392651.86,926945476434.0,1.7373
20260413,002594.SZ,20260413,320.0033949,328.4469225,22104532.666666664,6887089022.36,950467846151.0,1.9019
20260414,002594.SZ,20260414,324.50871,327.09217739999997,18111427.666666664,5614541232.06,946547451198.0,1.5584
20260416,002594.SZ,20260416,325.39086960000003,332.51115780000003,21455382.0,6763624066.88,962229031010.0,1.8461
20260417,002594.SZ,20260417,330.7783443,326.96615460000004,14734921.0,4595671718.33,946182763296.0,1.2678
20260420,002594.SZ,20260420,326.96615460000004,324.2251587,12789232.0,3957213043.27,938250801414.0,1.1004
20260421,002594.SZ,20260421,324.2251587,319.8773721,14408589.666666666,4398233494.97,925669068774.0,1.2398
20260422,002594.SZ,20260422,318.5541327,320.1609234,11457779.0,3485648244.02,926489616555.0,0.9859
20260423,002594.SZ,20260423,320.0033949,314.9939886,16405458.333333332,4915554212.21,911537412549.0,1.4116
20260424,002594.SZ,20260424,314.7734487,313.35569219999996,11257959.333333332,3348015918.73,906796469815.0,0.9687
20260427,002594.SZ,20260427,315.057,322.4293338,20055673.333333332,6169037081.86,933053998802.0,1.7257
20260428,002594.SZ,20260428,320.8855545,319.71984360000005,12051668.0,3687912785.41,925213208896.0,1.037
20260429,002594.SZ,20260429,319.6883379,332.070078,35218593.666666664,11021927729.24,960952623351.0,3.0303
20260430,002594.SZ,20260430,329.3605878,324.4456986,20032617.666666664,6206126903.48,938889005244.0,1.7237
20260506,002594.SZ,20260506,320.41296900000003,317.41992750000003,22349570.333333332,6746578445.37,918557654674.0,1.923
20260507,002594.SZ,20260507,318.3650985,316.5062622,15628198.666666666,4708289850.76,915913667380.0,1.3447
20260508,002594.SZ,20260508,316.5377679,315.1200114,12738583.333333332,3823821997.57,911902100451.0,1.0961
20260511,002594.SZ,20260511,315.1200114,316.4432508,16093668.0,4812920714.72,915731323429.0,1.3848
20260512,002594.SZ,20260512,314.9624829,312.6310611,11781376.333333332,3514548835.63,904699514375.0,1.0137
20260513,002594.SZ,20260513,312.6310611,310.646202,15206450.666666666,4481395883.54,898955679909.0,1.3084
20260514,002594.SZ,20260514,311.90643,311.0557761,11305996.0,3361151176.22,900140915592.0,0.9728
20260515,002594.SZ,20260515,308.75586,303.399891,15540574.333333332,4507893857.51,877986125510.0,1.3372
20260518,002594.SZ,20260518,300.3753438,297.7603707,11820439.0,3359745462.56,861666341868.0,1.0171
20260519,002594.SZ,20260519,297.7603707,302.45472,9872813.0,2822346576.25,875250966240.0,0.8495
20260520,002594.SZ,20260520,300.249321,294.1372152,13833664.333333332,3900216298.87,851181564668.0,1.1903
20260521,002594.SZ,20260521,294.29474369999997,294.60980070000005,12464991.333333332,3540792198.97,852549144303.0,1.0725
20260522,002594.SZ,20260522,294.7358235,295.36593750000003,8953059.0,2510615943.9,854737271719.0,0.7704
20260525,002594.SZ,20260525,299.30415,302.32869719999997,13533172.0,3900848661.64,874886278337.0,1.1644
20260526,002594.SZ,20260526,301.824606,304.1875335,12884145.0,3720039550.6,880265424901.0,1.1086
20260527,002594.SZ,20260527,302.45472,299.9972754,12079118.666666666,3467882770.14,868139552139.0,1.0393
20260528,002594.SZ,20260528,299.9972754,302.0766516,10486325.333333332,2991315169.93,874156902532.0,0.9023
20260529,002594.SZ,20260529,311.59137300000003,303.0218226,20209797.666666664,5901286621.17,876892061802.0,1.7389
20260601,002594.SZ,20260601,303.0218226,295.0508805,14866025.333333332,4207350429.92,853825551962.0,1.2791
20260602,002594.SZ,20260602,302.45472,304.84915320000005,18498805.666666664,5321331038.06,882180036389.0,1.5917
20260603,002594.SZ,20260603,302.45472,298.7370474,12347791.333333332,3514157745.47,864492673113.0,1.0624
20260604,002594.SZ,20260604,294.893352,294.3892608,10623724.666666666,2982999607.13,851910940474.0,0.9141
20260605,002594.SZ,20260605,294.6413064,293.03451570000004,11332299.0,3159266076.03,847990545521.0,0.9751
20260608,002594.SZ,20260608,286.70187,287.3004783,10561465.0,2885879183.01,831397245952.0,0.9087
20260609,002594.SZ,20260609,287.3949954,289.5058773,9397565.0,2562232961.09,837779284248.0,0.8086
20260610,002594.SZ,20260610,286.70187,284.5279767,8042886.666666666,2182297137.41,823374112095.0,0.692
20260611,002594.SZ,20260611,283.866357,282.921186,10502911.333333332,2821436895.48,818724341337.0,0.9037
20260612,002594.SZ,20260612,283.236243,288.592212,12845059.333333332,3497028504.68,835135296954.0,1.1052
20260615,002594.SZ,20260615,288.6237177,286.1347674,10432636.0,2847656616.85,828023882853.0,0.8977
20260616,002594.SZ,20260616,284.6539995,282.41709480000003,11200622.666666666,3017362612.74,817265589727.0,0.9637
20260617,002594.SZ,20260617,280.40073,275.5803579,16508903.666666666,4335318667.7,797481271011.0,1.4205
20260618,002594.SZ,20260618,274.09959000000003,277.6597341,14526325.333333332,3820166909.92,803498621403.0,1.2499
20260622,002594.SZ,20260622,274.09959000000003,275.95842630000004,21241406.666666664,5467321886.39,798575334718.0,1.8277
20260623,002594.SZ,20260623,273.8160387,267.79845,15540556.0,4016365834.08,774961793025.0,1.3372
20260624,002594.SZ,20260624,266.223165,262.442481,15191176.666666666,3803649805.54,759462557165.0,1.3071
20260625,002594.SZ,20260625,260.867196,258.976854,18547736.0,4579273325.4,749433639843.0,1.5959
20260626,002594.SZ,20260626,256.8029607,246.37457400000002,22106934.0,5267490277.75,712964849583.0,1.9022
20260629,002594.SZ,20260629,246.37457400000002,250.9113948,17456909.666666664,4160734872.56,726093614077.0,1.5021
20260630,002594.SZ,20260630,250.7223606,251.10042900000002,12734769.666666666,3031865049.19,726640645931.0,1.0957
20260701,002594.SZ,20260701,251.730543,254.1249762,16772553.666666666,4035250996.65,735393155593.0,1.4432
20260702,002594.SZ,20260702,258.03168300000004,263.2931349,27501540.333333332,6956783955.3,761924200507.0,2.3663
20260703,002594.SZ,20260703,263.79722610000005,278.7309279,27966054.0,7298140284.07,806598468576.0,2.4063
20260706,002594.SZ,20260706,278.8884564,275.80089780000003,16194276.0,4263991761.89,798119474840.0,1.3934
20260707,002594.SZ,20260707,276.1789662,271.76816820000005,12982319.333333332,3378987289.2,786449461957.0,1.117
20260708,002594.SZ,20260708,270.98052570000004,276.620046,13460302.666666666,3527472657.03,800489946207.0,1.1582
20260709,002594.SZ,20260709,272.524305,273.69001590000005,12579760.0,3270884062.04,792010952472.0,1.0824
20260710,002594.SZ,20260710,273.59549880000003,283.5513,23644415.666666664,6283278804.27,820547780850.0,2.0344
20260713,002594.SZ,20260713,280.40073,274.03657860000004,14152831.666666666,3714908441.87,793013844204.0,1.2178
20260714,002594.SZ,20260714,273.7530273,284.1184026,18235830.333333332,4883296438.16,822188876412.0,1.5691
20260715,002594.SZ,20260715,282.44860050000005,289.0963032,17138475.666666664,4733650608.75,836594048564.0,1.4747
20260716,002594.SZ,20260716,289.0332918,296.5946598,20240132.333333332,5673387681.66,858292978769.0,1.7415
20240102,600030.SH,20240102,128.0420374,126.0943911,14512719.506172838,1183083968.0,297448374858.0,0.5171
20240103,600030.SH,20240103,125.6546,126.7854914,13518853.08641975,1101533870.0,299078635009.0,0.4817
20240104,600030.SH,20240104,126.4085276,125.6546,12442420.987654319,1006917540.0,296410936580.0,0.4433
20240105,600030.SH,20240105,125.3404635,124.33522669999999,17188833.827160493,1387740195.0,293298621746.0,0.6124
20240108,600030.SH,20240108,123.89543559999998,122.0106166,15448664.691358022,1222235532.0,287815019419.0,0.5504
20240109,600030.SH,20240109,122.0106166,122.2619258,11319958.765432097,892306220.0,288407841292.0,0.4033
20240110,600030.SH,20240110,122.19909849999999,122.2619258,12986682.22222222,1024533120.0,288407841292.0,0.4627
20240111,600030.SH,20240111,122.3875804,123.141508,11060077.283950616,874928732.0,290482717848.0,0.3941
20240112,600030.SH,20240112,122.513235,122.6388896,9814101.2345679,778895688.0,289297074102.0,0.3497
20240115,600030.SH,20240115,121.6336528,122.3875804,8359456.049382715,659832780.0,288704252229.0,0.2979
20240116,600030.SH,20240116,122.19909849999999,123.01585339999998,14323059.999999998,1127694935.0,290186306912.0,0.5103
20240117,600030.SH,20240117,122.513235,120.75407059999999,13863966.419753084,1088333238.0,284850910053.0,0.494
20240118,600030.SH,20240118,119.8116611,122.45040769999999,27688060.246913575,2140221938.0,288852457697.0,0.9865
20240119,600030.SH,20240119,121.25668900000001,122.3247531,17065218.765432097,1343840467.0,288556046761.0,0.608
20240122,600030.SH,20240122,121.88496199999999,120.1886249,24307915.30864197,1907709426.0,283517060839.0,0.8661
20240123,600030.SH,20240123,119.6860065,124.27239940000001,28465916.049382713,2254756633.0,293150416278.0,1.0143
20240124,600030.SH,20240124,124.90067239999999,128.92161959999999,35901054.814814806,2920645095.0,304117620931.0,1.2792
20240125,600030.SH,20240125,127.7907282,129.1729288,38093676.54320987,3154344626.0,304710442804.0,1.3573
20240126,600030.SH,20240126,128.167692,130.8692659,36606339.99999999,3064826716.0,308711990448.0,1.3043
20240129,600030.SH,20240129,130.1781656,129.29858339999998,22062823.45679012,1849438738.0,305006853741.0,0.7861
20240130,600030.SH,20240130,128.4818285,128.4190012,22236215.06172839,1848202280.0,302931977185.0,0.7923
20240131,600030.SH,20240131,127.85355550000001,128.795965,19585128.395061724,1627214289.0,303821209995.0,0.6978
20240201,600030.SH,20240201,127.53941900000001,128.4190012,18890137.530864194,1572022998.0,302931977185.0,0.6731
20240202,600030.SH,20240202,128.4190012,126.7854914,25239049.876543205,2061606711.0,299078635009.0,0.8993
20240205,600030.SH,20240205,126.15721839999999,126.7854914,24617052.09876543,2008152346.0,299078635009.0,0.8771
20240206,600030.SH,20240206,126.6598368,132.8169122,29882605.67901234,2509414266.0,313306359965.0,1.0647
20240207,600030.SH,20240207,132.0629846,133.0682214,27696930.370370366,2367112733.0,313899181838.0,0.9869
20240208,600030.SH,20240208,133.822149,133.5080125,24923353.33333333,2149633923.0,314936620116.0,0.888
20240219,600030.SH,20240219,132.6912576,130.9949205,23512081.481481478,1979888090.0,309008401385.0,0.8377
20240220,600030.SH,20240220,130.2409929,131.8745027,21941448.395061724,1858586985.0,311083277941.0,0.7818
20240221,600030.SH,20240221,131.309057,134.32476739999998,31780982.4691358,2749494326.0,316863291204.0,1.1324
20240222,600030.SH,20240222,133.6336671,136.5237229,27013347.65432098,2365138039.0,322050482594.0,0.9625
20240223,600030.SH,20240223,136.5866,135.2043,19198416.0494,1679100350.0,318938167760.0,0.684
20240226,600030.SH,20240226,135.33,134.0735,15960827.9012,1386960298.0,316270469331.0,0.5687
20240227,600030.SH,20240227,133.9478,134.8274,20007012.5926,1728538412.0,318048934950.0,0.7129
20240228,600030.SH,20240228,135.2043,131.9373,28961100.2469,2512179783.0,311231483409.0,1.0319
20240229,600030.SH,20240229,131.9373,133.8221,23800567.1605,2037055653.0,315677647458.0,0.848
20240301,600030.SH,20240301,133.8221,133.9478,17874964.9383,1537955150.0,315974058394.0,0.6369
20240304,600030.SH,20240304,134.0106,132.9426,14585396.5432,1250669911.0,313602770902.0,0.5197
20240305,600030.SH,20240305,132.1258,133.0682,19517157.037,1672330722.0,313899181838.0,0.6954
20240306,600030.SH,20240306,133.0054,132.5656,16159274.5679,1385700082.0,312713538092.0,0.5758
20240307,600030.SH,20240307,132.3771,130.7436,22036684.1975,1868871438.0,308415579511.0,0.7852
20240308,600030.SH,20240308,130.6808,130.6808,11492170.1235,967921209.0,308267374043.0,0.4095
20240311,600030.SH,20240311,131.2462,133.131,18725150.1235,1598127873.0,314047387307.0,0.6744
20240312,600030.SH,20240312,133.8221,134.4504,20268845.4321,1749861586.0,317159702141.0,0.73
20240313,600030.SH,20240313,134.4504,132.3771,15690569.8765,1345066748.0,312268921687.0,0.5651
20240314,600030.SH,20240314,132.0002,130.6808,16668156.2963,1410848005.0,308267374043.0,0.6003
20240315,600030.SH,20240315,130.1153,131.1206,15032195.0617,1262584774.0,309304812321.0,0.5414
20240318,600030.SH,20240318,131.2462,133.5708,25352830.3704,2177023126.0,315084825585.0,0.9131
20240319,600030.SH,20240319,133.3195,130.8693,17892762.716,1522354516.0,308711990448.0,0.6444
20240320,600030.SH,20240320,130.4923,130.9321,11839560.7407,999311219.0,308860195916.0,0.4264
20240321,600030.SH,20240321,131.1206,130.8693,16803980.9877,1423455162.0,308711990448.0,0.6052
20240322,600030.SH,20240322,130.8693,128.796,18919729.6296,1576797500.0,303821209995.0,0.6814
20240325,600030.SH,20240325,124.3981,122.5132,44438074.5679,3533742867.0,289000663166.0,1.6005
20240326,600030.SH,20240326,121.9478,123.1415,18864156.7901,1490546285.0,290482717848.0,0.6794
20240327,600030.SH,20240327,122.6389,121.5708,16983271.358,1335178798.0,286777581141.0,0.6117
20240328,600030.SH,20240328,121.2567,121.3195,25605307.4074,2007001601.0,286184759268.0,0.9222
20240329,600030.SH,20240329,121.131,120.6284,21413108.1481,1661488228.0,284554499117.0,0.7712
20240401,600030.SH,20240401,121.2567,121.9478,22397203.9506,1757060951.0,287666813951.0,0.8066
20240402,600030.SH,20240402,122.0106,121.3195,17001565.1852,1331754403.0,286184759268.0,0.6123
20240403,600030.SH,20240403,121.131,120.3771,13109835.8025,1018810156.0,283961677244.0,0.4722
20240408,600030.SH,20240408,119.3719,118.8693,17891346.6667,1371551741.0,280404746005.0,0.6444
20240409,600030.SH,20240409,118.7436,118.9321,11081315.0617,850475059.0,280552951473.0,0.3991
20240410,600030.SH,20240410,118.6808,115.6651,24098724.1975,1813346733.0,272846267122.0,0.8679
20240411,600030.SH,20240411,115.2253,115.2253,15129855.5556,1126874595.0,271808828844.0,0.5449
20240412,600030.SH,20240412,115.2881,112.7122,26112773.8272,1909255553.0,265880610112.0,0.9405
20240415,600030.SH,20240415,109.9478,111.4556,44422631.1111,3165646153.0,262916500746.0,1.5999
20240416,600030.SH,20240416,110.0106,110.7645,30845726.6667,2217573728.0,261286240595.0,1.1109
20240417,600030.SH,20240417,110.4504,113.7174,29764824.9383,2145695272.0,268251897605.0,1.072
20240418,600030.SH,20240418,113.152,114.4085,33317928.642,2464131258.0,269882157756.0,1.2
20240419,600030.SH,20240419,113.7174,113.9059,19316292.8395,1420736104.0,268696514010.0,0.6957
20240422,600030.SH,20240422,113.9059,114.8483,19249783.4568,1429239753.0,270919596034.0,0.6933
20240423,600030.SH,20240423,115.0996,114.7855,16436742.716,1217707087.0,270771390566.0,0.592
20240424,600030.SH,20240424,114.6598,114.7855,13544926.4198,998853309.0,270771390566.0,0.4878
20240425,600030.SH,20240425,114.6598,114.22,12757495.3086,940710872.0,269437541351.0,0.4595
20240426,600030.SH,20240426,116.5446,120.3771,55697317.7778,4248412847.0,283961677244.0,2.006
20240429,600030.SH,20240429,120.4399,121.7593,46584000.7407,3638439646.0,287222197546.0,1.6777
20240430,600030.SH,20240430,120.9426,119.4347,25244690.3704,1955881347.0,281738595219.0,0.9092
20240506,600030.SH,20240506,120.9426,120.6912,26625139.5062,2079020102.0,284702704585.0,0.9589
20240507,600030.SH,20240507,120.6284,120.1258,16291172.0988,1262187135.0,283368855370.0,0.5867
20240508,600030.SH,20240508,119.5604,117.9897,19335866.6667,1478924663.0,278329869449.0,0.6964
20240509,600030.SH,20240509,118.3038,118.8064,18337457.284,1404596262.0,280256540536.0,0.6604
20240510,600030.SH,20240510,118.9949,119.7488,22365276.7901,1720456371.0,282479622561.0,0.8055
20240513,600030.SH,20240513,119.5604,119.2462,20104330.3704,1542516577.0,281293978814.0,0.7241
20240514,600030.SH,20240514,119.4347,119.4347,16518976.2963,1266821447.0,281738595219.0,0.5949
20240515,600030.SH,20240515,119.7488,117.8012,19114097.7778,1459083366.0,277885253044.0,0.6884
20240516,600030.SH,20240516,118.1153,117.9897,14940477.7778,1139557602.0,278329869449.0,0.5381
20240517,600030.SH,20240517,117.9897,120.5656,24941753.3333,1918998124.0,284406293649.0,0.8983
20240520,600030.SH,20240520,120.5656,121.1939,32731023.7037,2568987458.0,285888348331.0,1.1788
20240521,600030.SH,20240521,120.8169,120.8797,13960526.6667,1088790431.0,285147320990.0,0.5028
20240522,600030.SH,20240522,120.6284,121.3195,15922029.3827,1243525648.0,286184759268.0,0.5734
20240523,600030.SH,20240523,120.6912,118.5551,21313042.4691,1640457685.0,279663718663.0,0.7676
20240524,600030.SH,20240524,118.1153,116.796,17937254.321,1360105854.0,275513965551.0,0.646
20240527,600030.SH,20240527,116.8588,117.6755,14412418.0247,1087384826.0,277588842107.0,0.5191
20240528,600030.SH,20240528,117.3614,116.9844,11627696.2963,881360400.0,275958581956.0,0.4188
20240529,600030.SH,20240529,116.6075,117.1729,9377226.9136,709786485.0,276403198361.0,0.3377
20240530,600030.SH,20240530,116.796,116.6075,11740461.4815,882503726.0,275069349146.0,0.4228
20240531,600030.SH,20240531,117.1101,116.9844,12828449.1358,971574137.0,275958581956.0,0.462
20240603,600030.SH,20240603,116.5446,115.7907,14468075.8025,1079851030.0,273142678058.0,0.5211
20240604,600030.SH,20240604,115.7907,116.6075,12012283.7037,901981204.0,275069349146.0,0.4326
20240605,600030.SH,20240605,116.3562,116.4818,11144252.3457,838900165.0,274772938210.0,0.4014
20240606,600030.SH,20240606,116.7331,116.1677,14625498.2716,1098537259.0,274031910868.0,0.5267
20240607,600030.SH,20240607,116.5446,115.4766,14114653.3333,1052028679.0,272401650717.0,0.5083
20240611,600030.SH,20240611,114.8483,115.2253,11178018.2716,832296170.0,271808828844.0,0.4026
20240612,600030.SH,20240612,115.0368,114.8483,10269411.8519,761921767.0,270919596034.0,0.3699
20240613,600030.SH,20240613,114.974,114.7226,11397429.6296,842708376.0,270623185098.0,0.4105
20240614,600030.SH,20240614,114.597,117.0473,29917382.716,2242525169.0,276106787424.0,1.0775
20240617,600030.SH,20240617,116.2933,117.2357,14726945.9259,1108331617.0,276551403829.0,0.5304
20240618,600030.SH,20240618,117.1729,117.5499,14190855.8025,1077622166.0,277292431171.0,0.5111
20240619,600030.SH,20240619,117.7384,116.419,11443182.963,861542371.0,274624732741.0,0.4121
20240620,600030.SH,20240620,116.419,115.4766,10448744.9383,780553079.0,272401650717.0,0.3763
20240621,600030.SH,20240621,115.6022,115.8535,14917783.2099,1111691879.0,273290883527.0,0.5373
20240624,600030.SH,20240624,115.6651,115.7279,12833741.7284,960506542.0,272994472590.0,0.4622
20240625,600030.SH,20240625,115.7907,113.8431,18497756.7901,1362945574.0,268548308541.0,0.6662
20240626,600030.SH,20240626,113.6546,115.6022,12596865.679,933106619.0,272698061654.0,0.4537
20240627,600030.SH,20240627,115.3509,115.6022,13370683.4568,996013882.0,272698061654.0,0.4815
20240628,600030.SH,20240628,115.3509,114.5342,17466322.963,1300681101.0,270178568693.0,0.6291
20240701,600030.SH,20240701,114.2829,114.3457,11511355.0617,845784492.0,269733952288.0,0.4146
20240702,600030.SH,20240702,114.0315,114.2829,9881651.6049,730763530.0,269585746820.0,0.3559
20240703,600030.SH,20240703,114.2829,115.4766,10724534.0741,794590716.0,272401650717.0,0.3862
20240704,600030.SH,20240704,115.2881,113.3404,12843072.3457,946439321.0,267362664795.0,0.4625
20240705,600030.SH,20240705,113.7174,111.8954,19426764.9383,1401453947.0,263953939024.0,0.6997
20240708,600030.SH,20240708,111.2043,109.9478,14868457.7778,1058986203.0,259359569508.0,0.5355
20240709,600030.SH,20240709,109.7593,112.2096,15837323.7037,1131167617.0,264694966366.0,0.5704
20240710,600030.SH,20240710,111.8954,114.1572,22654016.0494,1669558470.0,269289335883.0,0.8159
20240711,600030.SH,20240711,114.7226,115.0996,13783662.4691,1023550001.0,271512417907.0,0.4964
20240712,600030.SH,20240712,115.1624,115.3509,8942760.4938,664064595.0,272105239780.0,0.3221
20240715,600030.SH,20240715,115.3509,115.9792,13195096.0494,986784181.0,273587294463.0,0.4752
20240716,600030.SH,20240716,116.1677,117.6755,20973130.6173,1588630417.0,277588842107.0,0.7554
20240717,600030.SH,20240717,117.4871,118.4295,20685724.1975,1578637964.0,279367307727.0,0.745
20240718,600030.SH,20240718,118.4923,119.1834,21829724.4444,1668453861.0,281145773346.0,0.7862
20240719,600030.SH,20240719,119.1206,121.8221,39286326.9136,3066945339.0,287370403014.0,1.4149
20240722,600030.SH,20240722,125.5918,126.8483,91469010.3704,7364394033.0,299226840478.0,3.2943
20240723,600030.SH,20240723,124.7122,120.6284,63487147.1605,5022003950.0,284554499117.0,2.2865
20240724,600030.SH,20240724,119.8117,118.6179,41676472.8395,3198694067.0,279811924132.0,1.501
20240725,600030.SH,20240725,118.3666,119.4975,32252018.2716,2490783477.0,281886800688.0,1.1616
20240726,600030.SH,20240726,118.8693,121.0054,28006058.0247,2186433087.0,285443731927.0,1.0086
20240729,600030.SH,20240729,119.686,118.6179,23689642.2222,1821926953.0,279811924132.0,0.8532
20240730,600030.SH,20240730,118.241,118.8693,17285504.1975,1320638610.0,280404746005.0,0.6225
20240731,600030.SH,20240731,118.8693,124.3981,55633985.1852,4428709175.0,293446827214.0,2.0037
20240801,600030.SH,20240801,122.8274,123.0159,31219491.1111,2483167598.0,290186306912.0,1.1244
20240802,600030.SH,20240802,122.3876,120.6912,24124243.7037,1890702077.0,284702704585.0,0.8688
20240805,600030.SH,20240805,120.1258,120.1258,23856052.8395,1859377630.0,283368855370.0,0.8592
20240806,600030.SH,20240806,121.3823,120.063,18533334.5679,1433376713.0,283220649902.0,0.6675
20240807,600030.SH,20240807,120.1258,119.1834,14134585.9259,1088904006.0,281145773346.0,0.5091
20240808,600030.SH,20240808,118.9321,119.8117,15983332.8395,1233211162.0,282627828029.0,0.5756
20240809,600030.SH,20240809,120.2515,118.6808,13332938.7654,1027402387.0,279960129600.0,0.4802
20240812,600030.SH,20240812,118.241,118.5551,11129032.3457,848463355.0,279663718663.0,0.4008
20240813,600030.SH,20240813,118.4295,119.7488,11721591.6049,898005759.0,282479622561.0,0.4222
20240814,600030.SH,20240814,119.309,118.4295,11482055.5556,879791557.0,279367307727.0,0.4135
20240815,600030.SH,20240815,118.3666,120.3143,20620864.1975,1597152698.0,283813471775.0,0.7427
20240816,600030.SH,20240816,120.0001,120.0001,11193118.5185,865184296.0,283072444434.0,0.4031
20240819,600030.SH,20240819,119.8117,119.6232,10692800.4938,826900172.0,282183211624.0,0.3851
20240820,600030.SH,20240820,119.7488,118.9321,10286078.2716,788835154.0,280552951473.0,0.3705
20240821,600030.SH,20240821,118.7436,118.8693,9363989.8765,716968058.0,280404746005.0,0.3372
20240822,600030.SH,20240822,119.3719,117.6755,12405320.4938,944929814.0,277588842107.0,0.4468
20240823,600030.SH,20240823,117.5499,120.0001,16952068.3951,1305618025.0,283072444434.0,0.6105
20240826,600030.SH,20240826,120.0323,118.937,14528710.8642,1089938097.0,273587294463.0,0.5233
20240827,600030.SH,20240827,118.5505,118.937,9928457.7778,739365132.0,273587294463.0,0.3576
20240828,600030.SH,20240828,118.6149,118.7438,8239524.1975,614642147.0,273142678058.0,0.2967
20240829,600030.SH,20240829,119.1948,121.0632,21390718.0247,1629341686.0,278478074917.0,0.7704
20240830,600030.SH,20240830,120.8055,124.2847,35100776.0494,2735400700.0,285888348331.0,1.2642
20240902,600030.SH,20240902,123.6404,121.9008,16147017.284,1243771468.0,280404746005.0,0.5815
20240903,600030.SH,20240903,121.8364,123.1894,12560958.7654,971650931.0,283368855370.0,0.4524
20240904,600030.SH,20240904,122.7384,123.1894,11533562.963,894498620.0,283368855370.0,0.4154
20240905,600030.SH,20240905,122.7384,123.125,12935673.5802,999567984.0,283220649902.0,0.4659
20240906,600030.SH,20240906,125.2511,122.8028,29040201.7284,2270723933.0,282479622561.0,1.0459
20240909,600030.SH,20240909,121.0632,122.2874,18000366.6667,1386724718.0,281293978814.0,0.6483
20240910,600030.SH,20240910,122.674,121.6431,13104546.1728,1001496950.0,279811924132.0,0.472
20240911,600030.SH,20240911,121.4498,122.4162,11368095.3086,874378090.0,281590389751.0,0.3781
20240912,600030.SH,20240912,122.5451,121.6431,8426073.0864,645613092.0,279811924132.0,0.2803
20240913,600030.SH,20240913,121.8364,121.9008,11395059.7531,876310760.0,280404746005.0,0.379
20240918,600030.SH,20240918,121.1276,122.0297,9366075.8025,716767636.0,280701156941.0,0.3115
20240919,600030.SH,20240919,122.8672,124.6068,24429346.1728,1906649056.0,286629375673.0,0.8125
20240920,600030.SH,20240920,124.3491,124.2847,15535728.642,1211200793.0,285888348331.0,0.5167
20240923,600030.SH,20240923,124.478,124.4136,13247182.4691,1037305241.0,286184759268.0,0.4406
20240924,600030.SH,20240924,126.9907,134.1424,70843540.4938,5812378580.0,308563784980.0,2.3563
20240925,600030.SH,20240925,137.1706,136.333,74254771.1111,6440028901.0,313602770902.0,2.4698
20240926,600030.SH,20240926,135.3666,144.8377,76375385.679,6741430788.0,333165892716.0,2.5403
20240927,600030.SH,20240927,150.7653,159.3344,69119683.4568,6591736856.0,366512123081.0,2.299
20240930,600030.SH,20240930,175.2485,175.2485,97510482.2222,10719669520.0,403118873749.0,3.2433
20241008,600030.SH,20241008,192.7734,192.7734,36425022.2222,4413838493.0,443430761124.0,1.2115
20241009,600030.SH,20241009,199.7318,195.5438,333692627.1605,42197359701.0,449803596260.0,11.0988
20241010,600030.SH,20241010,187.4901,178.7921,191276644.9383,22003292806.0,411270174505.0,6.362
20241011,600030.SH,20241011,175.2485,181.4982,119999764.6914,13374058536.0,417494804173.0,3.9913
20241014,600030.SH,20241014,180.2096,176.9237,111214588.1481,12170846100.0,406972215924.0,3.6991
20241015,600030.SH,20241015,173.9599,172.1559,68666877.284,7580601663.0,396005011271.0,2.2839
20241016,600030.SH,20241016,168.2257,170.1586,64071408.642,6871284447.0,391410641754.0,2.1311
20241017,600030.SH,20241017,170.7384,168.5478,50992436.2963,5484875177.0,387705505047.0,1.696
20241018,600030.SH,20241018,168.2901,179.823,141032815.3086,15746269660.0,413641461997.0,4.6908
20241021,600030.SH,20241021,176.7948,176.9237,89727824.4444,10009390464.0,406972215924.0,2.9844
20241022,600030.SH,20241022,177.0525,178.2767,55259771.1111,6179374320.0,410084530758.0,1.838
20241023,600030.SH,20241023,178.3411,177.6324,68979002.4691,7763427776.0,408602476076.0,2.2943
20241024,600030.SH,20241024,176.5371,175.7639,40222778.7654,4461535778.0,404304517495.0,1.3378
20241025,600030.SH,20241025,175.7639,177.1814,41128909.8765,4581169511.0,407565037798.0,1.368
20241028,600030.SH,20241028,177.2458,177.117,33227949.3827,3691356706.0,407416832329.0,1.1052
20241029,600030.SH,20241029,177.3103,175.4418,46146080.4938,5145710569.0,403563490154.0,1.5348
20241030,600030.SH,20241030,175.5707,176.9237,48018596.5432,5331028926.0,406972215924.0,1.5971
20241031,600030.SH,20241031,176.5371,181.176,101116136.2963,11535642433.0,416753776831.0,3.3632
20241101,600030.SH,20241101,181.176,180.0807,67199547.4074,7672169096.0,414234283871.0,2.2351
20241104,600030.SH,20241104,180.4673,187.2324,67725847.9012,7846310564.0,430685090851.0,2.2526
20241105,600030.SH,20241105,188.3277,196.317,105541327.6543,12816061523.0,451582061880.0,3.5104
20241106,600030.SH,20241106,199.7962,200.2472,134591693.8272,17240261829.0,460622595445.0,4.4766
20241107,600030.SH,20241107,196.5103,220.2848,118629758.7654,15537735137.0,506714496084.0,3.9457
20241108,600030.SH,20241108,235.1036,224.7304,184056852.5926,26491205205.0,516940673396.0,6.1219
20241111,600030.SH,20241111,216.1613,224.7304,126742183.4568,17642461682.0,516940673396.0,4.2155
20241112,600030.SH,20241112,224.7949,218.6096,102361736.7901,14166082324.0,502861153908.0,3.4046
20241113,600030.SH,20241113,212.6177,212.1022,90050750.3704,12011916259.0,487892401611.0,2.9951
20241114,600030.SH,20241114,212.1667,210.4915,63072856.0494,8452182996.0,484187264903.0,2.0978
20241115,600030.SH,20241115,210.4915,200.5693,74631360.0,9658174454.0,461363622787.0,2.4823
20241118,600030.SH,20241118,200.0539,197.6056,60500341.4815,7563239700.0,454546171245.0,2.0123
20241119,600030.SH,20241119,197.7989,201.6646,54175459.7531,6795769179.0,463883115748.0,1.8019
20241120,600030.SH,20241120,201.9224,204.4996,53651957.037,6873427378.0,470404156352.0,1.7845
20241121,600030.SH,20241121,203.0821,205.466,47019898.7654,6042276754.0,472627238377.0,1.5639
20241122,600030.SH,20241122,205.466,195.415,56932825.4321,7164401757.0,449507185324.0,1.8936
20241125,600030.SH,20241125,195.415,191.0982,57237064.9383,6880269269.0,439577418948.0,1.9037
20241126,600030.SH,20241126,191.2271,191.4848,33708460.4938,4077617099.0,440466651758.0,1.1212
20241127,600030.SH,20241127,191.2915,195.0928,44025528.3951,5342614122.0,448766157982.0,1.4643
20241128,600030.SH,20241128,195.6083,192.4512,31653516.0494,3858994298.0,442689733782.0,1.0528
20241129,600030.SH,20241129,192.5156,198.121,72417508.8889,9039101215.0,455731814992.0,2.4087
20241202,600030.SH,20241202,197.1546,201.4714,47713095.3086,6024240988.0,463438499343.0,1.587
20241203,600030.SH,20241203,201.4714,200.2472,38081708.642,4787944453.0,460622595445.0,1.2666
20241204,600030.SH,20241204,199.7318,198.4432,29105820.7407,3643248466.0,456472842333.0,0.9681
20241205,600030.SH,20241205,197.7989,199.0875,28615637.284,3584769689.0,457954897016.0,0.9518
20241206,600030.SH,20241206,199.0875,201.2781,50720431.6049,6420319586.0,462993882938.0,1.687
20241209,600030.SH,20241209,200.6982,200.5049,31075844.4444,3912475318.0,461215417318.0,1.0336
20241210,600030.SH,20241210,212.6177,202.8244,75723060.0,9869463926.0,466550814177.0,2.5186
20241211,600030.SH,20241211,202.5022,201.9224,32382219.0123,4119760433.0,464475937621.0,1.0771
20241212,600030.SH,20241212,201.5358,203.9841,41842991.8519,5331870964.0,469218512606.0,1.3917
20241213,600030.SH,20241213,201.9224,195.9948,49709295.0617,6204088515.0,450841034538.0,1.6534
20241216,600030.SH,20241216,195.2217,193.4821,31196378.0247,3801767876.0,445061021275.0,1.0376
20241217,600030.SH,20241217,193.3532,194.7707,29559655.0617,3621328203.0,448025130641.0,0.9832
20241218,600030.SH,20241218,195.866,195.1573,17251715.0617,2116480629.0,448914363450.0,0.5738
20241219,600030.SH,20241219,193.2888,195.415,22752293.0864,2782391123.0,449507185324.0,0.7568
20241220,600030.SH,20241220,195.415,197.0386,24141048.8889,2964895280.0,449655390792.0,0.8029
20241223,600030.SH,20241223,195.4799,194.311,25824421.4815,3149338369.0,443430761124.0,0.8589
20241224,600030.SH,20241224,194.311,196.9087,26716281.9753,3264728040.0,449358979855.0,0.8886
20241225,600030.SH,20241225,197.0386,195.415,23231166.9136,2833858815.0,445950254085.0,0.7727
20241226,600030.SH,20241226,195.415,195.8047,20034863.7037,2447344066.0,446839486894.0,0.6664
20241227,600030.SH,20241227,195.8696,196.2593,44262815.3086,5429064622.0,447876925172.0,1.4722
20241230,600030.SH,20241230,195.4799,198.1426,29794840.7407,3662919134.0,452174883753.0,0.991
20241231,600030.SH,20241231,198.2725,189.4402,48908958.2716,5903231591.0,432315351002.0,1.6267
20250102,600030.SH,20250102,188.206263,178.2699075,69839193.33333333,7898902462.0,406824010456.0,2.3229
20250103,600030.SH,20250103,177.555529,175.1526195,45420890.86419752,4998126763.0,399710147978.0,1.5107
20250106,600030.SH,20250106,174.04858,175.737111,30540175.30864197,3329164147.0,401043997193.0,1.0158
20250107,600030.SH,20250107,175.996885,176.386546,24190717.283950612,2650426338.0,402526051876.0,0.8046
20250108,600030.SH,20250108,176.126772,175.217563,29440395.30864197,3199334778.0,399858353446.0,0.9792
20250109,600030.SH,20250109,174.8928455,174.6330715,15555741.48148148,1699066076.0,398524504232.0,0.5174
20250110,600030.SH,20250110,174.8928455,171.840501,19759253.58024691,2145973115.0,392151669095.0,0.6572
20250113,600030.SH,20250113,169.89219599999998,172.1652185,16312688.641975306,1745282889.0,392892696437.0,0.5426
20250114,600030.SH,20250114,172.879597,179.893495,41141956.29629629,4556431362.0,410529147163.0,1.3684
20250115,600030.SH,20250115,178.52968149999998,177.7503595,21941724.44444444,2439628711.0,405638366710.0,0.7298
20250116,600030.SH,20250116,178.9193425,176.9710375,21841576.29629629,2422135499.0,403859901090.0,0.7265
20250117,600030.SH,20250117,176.0618285,177.36069849999998,16557098.765432095,1835393759.0,404749133900.0,0.5507
20250120,600030.SH,20250120,178.9193425,177.94519,22457482.4691358,2509191200.0,406082983115.0,0.747
20250121,600030.SH,20250121,179.24406000000002,178.075077,18001716.543209873,2001896776.0,406379394051.0,0.5987
20250122,600030.SH,20250122,177.6204725,176.8411505,17300514.07407407,1906375662.0,403563490154.0,0.5754
20250123,600030.SH,20250123,180.672817,178.2699075,40111794.32098765,4530428409.0,406824010456.0,1.3341
20250124,600030.SH,20250124,178.1400205,178.854399,23926844.9382716,2672866999.0,408157859671.0,0.7958
20250127,600030.SH,20250127,179.43889049999999,174.8928455,21882957.037037034,2413270221.0,399117326105.0,0.7278
20250205,600030.SH,20250205,177.1009245,175.0227325,19420466.666666664,2123929188.0,399413737042.0,0.6459
20250206,600030.SH,20250206,174.698015,177.7503595,25798558.518518515,2841760897.0,405638366710.0,0.8581
20250207,600030.SH,20250207,177.6204725,182.751009,53268287.65432098,6040036146.0,417050187768.0,1.7717
20250210,600030.SH,20250210,182.880896,182.81595249999998,26890192.345679007,3061349664.0,417198393236.0,0.8944
20250211,600030.SH,20250211,182.5561785,181.64696949999998,21984995.30864197,2488585227.0,414530694807.0,0.7312
20250212,600030.SH,20250212,181.64696949999998,183.5952745,28637981.728395056,3249412218.0,418976858856.0,0.9525
20250213,600030.SH,20250213,183.5952745,182.621122,36459671.35802469,4172564748.0,416753776831.0,1.2127
20250214,600030.SH,20250214,181.8418,183.400444,24353882.716049377,2779540098.0,418532242451.0,0.81
20250217,600030.SH,20250217,185.088975,183.72516149999998,29843178.765432093,3429274427.0,419273269792.0,0.9926
20250218,600030.SH,20250218,183.0757265,178.854399,27530396.049382713,3107292513.0,408157859671.0,0.9157
20250219,600030.SH,20250219,178.9193425,181.77685649999998,24709097.283950612,2792111250.0,414827105744.0,0.8218
20250220,600030.SH,20250220,181.3871955,181.1274215,17594333.08641975,1988990232.0,413345051061.0,0.5852
20250221,600030.SH,20250221,181.1274215,184.829201,45614921.975308634,5232423977.0,421792762753.0,1.5172
20250224,600030.SH,20250224,184.829201,184.1148225,29578592.839506168,3405197278.0,420162502602.0,0.9838
20250225,600030.SH,20250225,182.49123500000002,180.73776049999998,25644533.58024691,2906055926.0,412455818251.0,0.853
20250226,600030.SH,20250226,181.062478,184.76425749999999,34415475.06172839,3916115612.0,421644557285.0,1.1447
20250227,600030.SH,20250227,183.3355005,183.400444,35674073.08641975,4062952243.0,418532242451.0,1.1865
20250228,600030.SH,20250228,182.880896,177.49058549999998,39382496.79012345,4442533958.0,405045544837.0,1.3099
20250303,600030.SH,20250303,178.1400205,177.685416,26298513.82716049,2931519667.0,405490161241.0,0.8747
20250304,600030.SH,20250304,176.776207,177.685416,15845214.814814812,1755293975.0,405490161241.0,0.527
20250305,600030.SH,20250305,177.685416,177.555529,19305097.777777776,2134914467.0,405193750305.0,0.6421
20250306,600030.SH,20250306,178.6595685,181.8418,38588742.962962955,4359222945.0,414975311212.0,1.2835
20250307,600030.SH,20250307,180.54293,179.114173,23652146.419753082,2653091475.0,408750681544.0,0.7867
20250310,600030.SH,20250310,178.594625,176.906094,22331799.259259254,2465622786.0,403711695622.0,0.7428
20250311,600030.SH,20250311,175.34745,177.295755,19246557.777777776,2112824030.0,404600928432.0,0.6402
20250312,600030.SH,20250312,177.295755,177.295755,24093485.92592592,2674523652.0,404600928432.0,0.8014
20250313,600030.SH,20250313,176.9710375,175.996885,21245151.11111111,2338986157.0,401636819066.0,0.7066
20250314,600030.SH,20250314,176.8411505,182.2964045,64495896.29629628,7293137589.0,416012749490.0,2.1452
20250317,600030.SH,20250317,183.010783,180.932591,25679494.32098765,2908938808.0,412900434656.0,0.8541
20250318,600030.SH,20250318,181.582026,181.5170825,16890673.333333332,1912300538.0,414234283871.0,0.5618
20250319,600030.SH,20250319,181.3871955,181.3871955,16731420.987654319,1893145480.0,413937872934.0,0.5565
20250320,600030.SH,20250320,181.3871955,179.763608,15831878.518518515,1777878916.0,410232736227.0,0.5266
20250321,600030.SH,20250321,179.24406000000002,175.9319415,24123768.888888884,2668760589.0,401488613598.0,0.8024
20250324,600030.SH,20250324,175.9319415,176.5813765,16513334.567901231,1812137629.0,402970668281.0,0.5492
20250325,600030.SH,20250325,176.64632,175.477337,13309893.33333333,1459856180.0,400451175320.0,0.4427
20250326,600030.SH,20250326,175.477337,175.217563,13927926.172839504,1523533196.0,399858353446.0,0.4633
20250327,600030.SH,20250327,174.957789,174.698015,17912896.543209873,1953678394.0,398672709700.0,0.5958
20250328,600030.SH,20250328,175.217563,174.04858,16271004.444444442,1769583853.0,397190655017.0,0.5412
20250331,600030.SH,20250331,173.529032,172.230162,19699720.987654317,2115699502.0,393040901905.0,0.6552
20250401,600030.SH,20250401,172.230162,171.710614,14725869.135802466,1580113214.0,391855258159.0,0.4898
20250402,600030.SH,20250402,171.45084,172.360049,11277004.197530862,1211260842.0,393337312842.0,0.3751
20250403,600030.SH,20250403,170.801405,171.710614,13794508.148148146,1479533337.0,391855258159.0,0.4588
20250407,600030.SH,20250407,162.35875,155.99428699999999,56229625.92592592,5537982335.0,355989534833.0,1.8702
20250408,600030.SH,20250408,156.5787785,159.111575,42443363.20987654,4187725099.0,363103397311.0,1.4117
20250409,600030.SH,20250409,158.721914,161.6443715,35144486.91358024,3510522520.0,368883410574.0,1.1689
20250410,600030.SH,20250410,163.9823375,163.267959,30304078.271604933,3093831094.0,372588547281.0,1.0079
20250411,600030.SH,20250411,163.2030155,164.69671599999998,23019505.185185183,2355030858.0,375849067583.0,0.7656
20250414,600030.SH,20250414,165.216264,163.8524505,15681484.938271603,1608059450.0,373922396496.0,0.5216
20250415,600030.SH,20250415,163.5926765,163.0731285,13889275.308641974,1409537552.0,372143930876.0,0.462
20250416,600030.SH,20250416,162.9432415,163.3329025,16346751.111111108,1651630526.0,372736752749.0,0.5437
20250417,600030.SH,20250417,162.6834675,163.4627895,11893697.037037035,1210732279.0,373033163686.0,0.3956
20250418,600030.SH,20250418,162.74841099999998,163.3329025,11760341.72839506,1196730534.0,372736752749.0,0.3912
20250421,600030.SH,20250421,162.8133545,163.8524505,10898055.061728394,1112592222.0,373922396496.0,0.3625
20250422,600030.SH,20250422,163.65761999999998,162.87829799999997,11345460.246913578,1157699163.0,371699314471.0,0.3774
20250423,600030.SH,20250423,163.8524505,163.2030155,11943797.283950616,1216639786.0,372440341813.0,0.3973
20250424,600030.SH,20250424,163.138072,162.35875,12818784.444444442,1302315279.0,370513670725.0,0.4264
20250425,600030.SH,20250425,163.008185,163.65761999999998,16546005.432098763,1690527144.0,373477780091.0,0.5503
20250428,600030.SH,20250428,163.65761999999998,163.2030155,10880394.320987653,1106437411.0,372440341813.0,0.3619
20250429,600030.SH,20250429,163.267959,162.4236935,11421886.172839504,1158492283.0,370661876193.0,0.3799
20250430,600030.SH,20250430,162.87829799999997,162.87829799999997,12704055.061728394,1293711645.0,371699314471.0,0.4225
20250506,600030.SH,20250506,164.177168,165.6708685,20222952.59259259,2086441329.0,378072149608.0,0.6726
20250507,600030.SH,20250507,170.671518,166.7099645,28968747.16049382,3040010228.0,380443437100.0,0.9635
20250508,600030.SH,20250508,166.515134,167.94389099999998,20660430.617283948,2170080322.0,383259340998.0,0.6872
20250509,600030.SH,20250509,167.55423,165.9306425,11776749.876543207,1223488810.0,378664971481.0,0.3917
20250512,600030.SH,20250512,167.424343,170.801405,32458803.95061728,3436067273.0,389780381603.0,1.0796
20250513,600030.SH,20250513,172.10027499999998,169.4375915,19664843.95061728,2088033654.0,386668066769.0,0.6541
20250514,600030.SH,20250514,169.1778175,175.8020545,67631021.48148146,7367935399.0,401192202661.0,2.2495
20250515,600030.SH,20250515,174.04858,172.619823,24557149.629629627,2657150207.0,393930134715.0,0.8168
20250516,600030.SH,20250516,171.9054445,170.2169135,17649382.22222222,1878231801.0,388446532388.0,0.587
20250519,600030.SH,20250519,170.02208299999998,169.5674785,12166575.555555554,1285903214.0,386964477705.0,0.4047
20250520,600030.SH,20250520,169.89219599999998,169.4375915,12475079.753086418,1320882683.0,386668066769.0,0.4149
20250521,600030.SH,20250521,169.4375915,169.11287399999998,13246722.22222222,1400914012.0,385927039427.0,0.4406
20250522,600030.SH,20250522,168.85309999999998,168.78815649999999,10962829.135802466,1153132884.0,385186012086.0,0.3646
20250523,600030.SH,20250523,168.3984955,166.7099645,16406958.765432095,1720713753.0,380443437100.0,0.5457
20250526,600030.SH,20250526,166.5800775,166.385247,11128369.876543207,1154448356.0,379702409759.0,0.3701
20250527,600030.SH,20250527,166.1904165,165.6708685,10743331.35802469,1110726854.0,378072149608.0,0.3573
20250528,600030.SH,20250528,165.86569899999998,165.086377,8758846.172839506,902758248.0,376738300393.0,0.2913
20250529,600030.SH,20250529,165.0214335,166.90479499999998,13400403.703703701,1392291072.0,380888053505.0,0.4457
20250530,600030.SH,20250530,166.12547299999997,165.73581199999998,13574585.679012343,1402145833.0,378220355076.0,0.4515
20250603,600030.SH,20250603,164.95648999999997,166.1904165,13578923.209876541,1407063923.0,379257793354.0,0.4516
20250604,600030.SH,20250604,166.12547299999997,168.1387215,15781308.888888886,1653640823.0,383703957403.0,0.5249
20250605,600030.SH,20250605,168.333552,170.02208299999998,21038161.72839506,2221904942.0,388001915983.0,0.6997
20250606,600030.SH,20250606,170.02208299999998,168.723213,12445769.135802466,1313321249.0,385037806617.0,0.414
20250609,600030.SH,20250609,169.372648,171.6456705,22438763.95061728,2399507281.0,391707052690.0,0.7463
20250610,600030.SH,20250610,171.6456705,168.5283825,18156634.56790123,1920532860.0,384593190213.0,0.6039
20250611,600030.SH,20250611,169.1778175,171.320953,25497915.555555552,2730197606.0,390966025349.0,0.8481
20250612,600030.SH,20250612,169.9571395,171.710614,18469509.629629627,1978379473.0,391855258159.0,0.6143
20250613,600030.SH,20250613,171.1261225,170.801405,18204080.493827157,1937850752.0,389780381603.0,0.6055
20250616,600030.SH,20250616,170.15196999999998,173.269258,19282993.58024691,2072284895.0,395412189398.0,0.6414
20250617,600030.SH,20250617,173.2043145,173.399145,12715250.370370368,1371101918.0,395708600334.0,0.4229
20250618,600030.SH,20250618,173.399145,171.320953,12914757.777777776,1381128495.0,390966025349.0,0.4296
20250619,600030.SH,20250619,171.1261225,168.2686085,16102387.654320985,1698490899.0,384000368339.0,0.5356
20250620,600030.SH,20250620,168.2686085,168.07377799999998,10368502.71604938,1089208101.0,383555751935.0,0.3449
20250623,600030.SH,20250623,167.424343,170.3468005,13638462.96296296,1439115622.0,388742943325.0,0.4536
20250624,600030.SH,20250624,170.671518,174.7629585,33685176.54320987,3659696310.0,398820915168.0,1.1204
20250625,600030.SH,20250625,174.957789,182.0366305,70527437.53086418,7881370307.0,415419927617.0,2.3458
20250626,600030.SH,20250626,181.711913,179.0492295,41219809.382716045,4633306781.0,408602476076.0,1.371
20250627,600030.SH,20250627,179.56877749999998,179.114173,43866294.32098765,4968291923.0,408750681544.0,1.459
20250630,600030.SH,20250630,179.3090035,179.37394700000002,23916703.45679012,2670400296.0,409343503417.0,0.7955
20250701,600030.SH,20250701,179.43889049999999,177.8802465,17472184.691358022,1940654049.0,405934777646.0,0.5811
20250702,600030.SH,20250702,177.94519,177.165868,14203716.543209875,1573744149.0,404304517495.0,0.4724
20250703,600030.SH,20250703,177.8802465,179.6986645,17925658.518518515,2000459020.0,410084530758.0,0.5962
20250704,600030.SH,20250704,179.24406000000002,179.633721,25219598.024691354,2830151537.0,409936325290.0,0.8388
20250707,600030.SH,20250707,178.7894555,180.4779865,14128981.97530864,1588782683.0,411862996378.0,0.4699
20250708,600030.SH,20250708,180.023382,181.971687,20884030.617283948,2365303710.0,415271722149.0,0.6946
20250709,600030.SH,20250709,181.971687,180.60787349999998,19943261.72839506,2261446228.0,412159407314.0,0.6633
20250710,600030.SH,20250710,180.41304300000002,183.3355005,35110423.7037037,4006903003.0,418384036983.0,1.1678
20250711,600030.SH,20250711,183.98493549999998,186.128071,60864579.75308641,7099768618.0,424756872119.0,2.0244
20250714,600030.SH,20250714,186.8424495,184.5044835,24920919.259259254,2880998854.0,421051735412.0,0.8289
20250715,600030.SH,20250715,184.76425749999999,183.400444,23290577.037037034,2669330265.0,418532242451.0,0.7747
20250716,600030.SH,20250716,183.400444,182.361348,18803051.358024687,2140328874.0,416160954958.0,0.6254
20250717,600030.SH,20250717,182.2964045,183.4653875,15802396.543209873,1801602017.0,418680447919.0,0.5256
20250718,600030.SH,20250718,183.790105,184.049879,16461686.419753084,1886801282.0,420014297134.0,0.5475
20250721,600030.SH,20250721,184.76425749999999,187.686715,32814929.382716045,3827828697.0,428313803358.0,1.0914
20250722,600030.SH,20250722,187.686715,187.8815455,27700602.716049377,3231521991.0,428758419763.0,0.9213
20250723,600030.SH,20250723,188.4010935,193.401743,71304029.13580246,8542345798.0,441355884568.0,2.3716
20250724,600030.SH,20250724,191.972986,195.090274,51798542.22222222,6293474532.0,445209226743.0,1.7229
20250725,600030.SH,20250725,195.41499149999999,192.882195,29973699.753086414,3625225120.0,440170240821.0,0.9969
20250728,600030.SH,20250728,193.0770255,194.570726,31059888.14814814,3779720808.0,444023582997.0,1.0331
20250729,600030.SH,20250729,193.53163,194.50578249999998,30368667.901234563,3656078962.0,443875377529.0,1.0101
20250730,600030.SH,20250730,194.181065,193.401743,31328607.407407403,3797224729.0,441355884568.0,1.042
20250731,600030.SH,20250731,192.1678165,188.466037,34898647.16049382,4146844446.0,430092268978.0,1.1608
20250801,600030.SH,20250801,188.33615,186.7125625,23799772.839506168,2786733536.0,426090721334.0,0.7916
20250804,600030.SH,20250804,186.06312749999998,187.7516585,17622655.802469134,2055044707.0,428462008826.0,0.5861
20250805,600030.SH,20250805,188.076376,189.505133,22557741.2345679,2654420805.0,432463556470.0,0.7503
20250806,600030.SH,20250806,188.98558500000001,189.375246,18252847.901234563,2153758084.0,432167145534.0,0.6071
20250807,600030.SH,20250807,189.6999635,189.05052849999998,21729786.666666664,2566335297.0,431426118192.0,0.7227
20250808,600030.SH,20250808,188.98558500000001,187.556828,16162009.135802466,1894690752.0,428017392422.0,0.5376
20250811,600030.SH,20250811,187.6217715,190.804003,31302098.518518515,3724263635.0,435427665836.0,1.0411
20250812,600030.SH,20250812,191.193664,191.453438,20259570.370370366,2415805698.0,436909720519.0,0.6738
20250813,600030.SH,20250813,192.55747749999998,192.362647,49394534.814814806,5945238503.0,438984597075.0,1.6429
20250814,600030.SH,20250814,192.9471385,192.55747749999998,45972272.34567901,5562185689.0,439429213480.0,1.5291
20250815,600030.SH,20250815,192.55747749999998,201.974285,98964595.06172837,12313562406.0,460919006382.0,3.2916
20250818,600030.SH,20250818,202.5587765,205.870895,88061280.98765431,11284010952.0,469811334479.0,2.929
20250819,600030.SH,20250819,204.572025,201.454737,48606978.27160493,6158371746.0,459733362636.0,1.6167
20250820,600030.SH,20250820,200.675415,202.29900249999997,45882228.395061724,5718792645.0,461660033723.0,1.5261
20250821,600030.SH,20250821,203.5978725,200.545528,34049695.80246913,4284970507.0,457658486080.0,1.1325
20250822,600030.SH,20250822,200.4805845,209.11807000000002,66788143.20987653,8561038378.0,477221607894.0,2.2214
20250825,600030.SH,20250825,212.91789999999997,210.5594248,62086217.77777777,8054612646.0,476332375084.0,2.065
20250826,600030.SH,20250826,209.2491608,207.5458176,34567477.03703703,4459689621.0,469514923543.0,1.1497
20250827,600030.SH,20250827,207.4803044,202.3702748,51726344.44444443,6604013663.0,457806691548.0,1.7205
20250828,600030.SH,20250828,202.43578799999997,206.36658,40481080.98765431,5092858422.0,466847225114.0,1.3464
20250829,600030.SH,20250829,207.676844,206.2355536,61404223.950617276,7870324453.0,466550814177.0,2.0423
20250901,600030.SH,20250901,206.30106679999997,204.2046444,42191186.91358024,5328087689.0,461956444660.0,1.4033
20250902,600030.SH,20250902,204.40118399999997,201.6496296,41996195.30864197,5255366923.0,456176431397.0,1.3968
20250903,600030.SH,20250903,202.8943804,195.1638228,46537304.19753086,5681134739.0,441504090036.0,1.5479
20250904,600030.SH,20250904,194.9672832,193.65701919999998,44834729.13580246,5367895398.0,438095364265.0,1.4912
20250905,600030.SH,20250905,193.72253239999998,195.42587559999998,32931619.753086414,3946998043.0,442096911909.0,1.0953
20250908,600030.SH,20250908,195.229336,192.93637399999997,38301189.382716045,4576095541.0,436465104114.0,1.2739
20250909,600030.SH,20250909,192.93637399999997,193.3949664,29118124.69135802,3481157225.0,437502542392.0,0.9685
20250910,600030.SH,20250910,193.72253239999998,193.1329136,21828356.29629629,2609280738.0,436909720519.0,0.726
20250911,600030.SH,20250911,192.54329479999998,198.70153559999997,46024463.45679012,5582043266.0,449507185324.0,1.5308
20250912,600030.SH,20250912,198.8980752,195.0983096,36539339.259259254,4443482473.0,441355884568.0,1.2153
20250915,600030.SH,20250915,195.62241519999998,193.85355879999997,42581259.75308641,5134931803.0,438539980670.0,1.4163
20250916,600030.SH,20250916,193.919072,191.8226496,51443066.91358024,6137333282.0,433945611153.0,1.711
20250917,600030.SH,20250917,191.88816279999998,189.92276679999998,74670435.06172839,8823722234.0,429647652573.0,2.4836
20250918,600030.SH,20250918,190.0537932,185.729922,92098242.96296294,10712761661.0,420162502602.0,3.0632
20250919,600030.SH,20250919,185.07478999999998,185.46786919999997,41044452.34567901,4717340586.0,419569680729.0,1.3652
20250922,600030.SH,20250922,186.385054,188.5469896,38499609.382716045,4470772780.0,426535337739.0,1.2805
20250923,600030.SH,20250923,187.5642916,186.71262,36971783.703703694,4261899074.0,422385584627.0,1.2297
20250924,600030.SH,20250924,185.729922,187.9573708,38474025.679012336,4449992755.0,425201488524.0,1.2797
20250925,600030.SH,20250925,187.5642916,188.0883972,32791684.44444444,3815540272.0,425497899461.0,1.0907
20250926,600030.SH,20250926,187.8263444,188.15391039999997,31269891.358024687,3641096137.0,425646104929.0,1.0401
20250929,600030.SH,20250929,188.15391039999997,199.22564119999998,146610234.32098764,17972866572.0,450692829070.0,4.8764
20250930,600030.SH,20250930,198.37396959999998,195.88446799999997,72849085.67901233,8855514217.0,443134350187.0,2.423
20251009,600030.SH,20251009,193.919072,194.246638,94024313.08641973,11325172371.0,439429213480.0,3.1273
20251010,600030.SH,20251010,194.1811248,194.44317759999998,66070525.432098754,7995783962.0,439873829885.0,2.1975
20251013,600030.SH,20251013,189.33314799999997,191.298544,52110944.691358015,6135452947.0,432759967407.0,1.7332
20251014,600030.SH,20251014,191.298544,190.1848196,48274679.50617283,5727412730.0,430240474446.0,1.6056
20251015,600030.SH,20251015,190.9054648,194.50869079999998,48514862.22222222,5779800802.0,440022035353.0,1.6136
20251016,600030.SH,20251016,193.919072,194.246638,39439880.98765431,4745901327.0,439429213480.0,1.3118
20251017,600030.SH,20251017,194.3121512,190.57789879999999,42960466.66666666,5124858639.0,431129707256.0,1.4289
20251020,600030.SH,20251020,192.60880799999998,191.4950836,30303872.592592586,3594768008.0,433204583812.0,1.0079
20251021,600030.SH,20251021,192.01918919999997,192.3467552,75769832.09876542,9070647644.0,435131254899.0,2.5202
20251022,600030.SH,20251022,191.4295704,191.2330308,30295018.765432093,3574148771.0,432611761939.0,1.0076
20251023,600030.SH,20251023,191.298544,193.3949664,34656922.22222222,4096658104.0,437502542392.0,1.1527
20251024,600030.SH,20251024,193.59150599999998,195.6879284,73850455.06172839,8892004443.0,442689733782.0,2.4563
20251027,600030.SH,20251027,198.17743,196.47408679999998,113880052.09876542,13902244215.0,444468199402.0,3.7877
20251028,600030.SH,20251028,196.40857359999998,196.53959999999998,55884346.419753075,6798411079.0,444616404870.0,1.8587
20251029,600030.SH,20251029,196.212034,198.504996,77449431.60493825,9477951609.0,449062568919.0,2.576
20251030,600030.SH,20251030,197.7843508,194.44317759999998,60548356.04938271,7339678554.0,439873829885.0,2.0139
20251031,600030.SH,20251031,194.70523039999998,192.4777816,41272402.22222222,4938189521.0,435427665836.0,1.3727
20251103,600030.SH,20251103,192.281242,191.4295704,34407825.43209876,4059197676.0,433056378343.0,1.1444
20251104,600030.SH,20251104,191.1675176,190.5123856,29570109.876543205,3482779128.0,430981501787.0,0.9835
20251105,600030.SH,20251105,189.5296876,190.3813592,23223673.82716049,2735028199.0,430685090851.0,0.7724
20251106,600030.SH,20251106,190.7744384,191.2330308,40138717.77777777,4753244677.0,432611761939.0,1.335
20251107,600030.SH,20251107,190.57789879999999,189.98827999999997,23721514.56790123,2787864865.0,429795858041.0,0.789
20251110,600030.SH,20251110,189.98827999999997,191.953676,40047905.679012336,4737134777.0,434242022090.0,1.332
20251111,600030.SH,20251111,192.2157288,190.3813592,25752972.839506168,3038989818.0,430685090851.0,0.8566
20251112,600030.SH,20251112,190.4468724,189.33314799999997,26822422.716049377,3144600711.0,428313803358.0,0.8921
20251113,600030.SH,20251113,189.20212159999997,190.5123856,29104915.30864197,3418473434.0,430981501787.0,0.968
20251114,600030.SH,20251114,189.66071399999998,187.6298048,29671779.259259254,3463551862.0,424460461183.0,0.9869
20251117,600030.SH,20251117,187.4332652,185.33684279999997,26610099.999999996,3058387828.0,419273269792.0,0.8851
20251118,600030.SH,20251118,185.20581639999997,184.87825039999998,22596392.345679007,2589358392.0,418235831514.0,0.7516
20251119,600030.SH,20251119,184.87825039999998,185.402356,20859573.82716049,2392792474.0,419421475261.0,0.6938
20251120,600030.SH,20251120,189.005582,185.402356,37744267.90123456,4380360233.0,419421475261.0,1.2554
20251121,600030.SH,20251121,183.5024732,178.851036,41852818.76543209,4693752816.0,404600928432.0,1.3921
20251124,600030.SH,20251124,179.50616799999997,179.4406548,22009599.753086418,2441061829.0,405934777646.0,0.7321
20251125,600030.SH,20251125,179.9647604,179.9647604,19808865.43209876,2207852490.0,407120421393.0,0.6589
20251126,600030.SH,20251126,180.29232639999998,180.816432,16831963.45679012,1881110589.0,409047092480.0,0.5598
20251127,600030.SH,20251127,180.3578396,180.68540559999997,16015985.185185183,1794367924.0,408750681544.0,0.5327
20251128,600030.SH,20251128,180.8819452,180.7509188,18434524.197530862,2055903546.0,408898887012.0,0.6131
20251201,600030.SH,20251201,180.16129999999998,181.2750244,17481169.629629627,1956001679.0,410084530758.0,0.5814
20251202,600030.SH,20251202,181.20951119999998,179.3096284,16121519.012345675,1793505908.0,405638366710.0,0.5362
20251203,600030.SH,20251203,179.833734,177.86833799999997,19286552.09876543,2129256756.0,402377846407.0,0.6415
20251204,600030.SH,20251204,177.8028248,178.19590399999998,17095693.08641975,1882466793.0,403118873749.0,0.5686
20251205,600030.SH,20251205,178.19590399999998,182.5197752,40442103.950617276,4536315644.0,412900434656.0,1.3451
20251208,600030.SH,20251208,185.92646159999998,188.02288399999998,77684362.96296296,9057705852.0,425349693992.0,2.5838
20251209,600030.SH,20251209,186.84364639999998,186.9091596,32130499.012345675,3717964325.0,422830201031.0,1.0687
20251210,600030.SH,20251210,186.1885144,186.84364639999998,24515972.09876543,2815735192.0,422681995563.0,0.8154
20251211,600030.SH,20251211,187.040186,185.33684279999997,18327166.172839504,2103229398.0,419273269792.0,0.6096
20251212,600030.SH,20251212,185.1403032,186.12300119999998,26359749.135802466,3023765536.0,421051735412.0,0.8767
20251215,600030.SH,20251215,185.1403032,187.040186,29462746.419753082,3418024767.0,423126611968.0,0.98
20251216,600030.SH,20251216,186.3195408,186.5815936,24731259.753086414,2851192434.0,422089173690.0,0.8226
20251217,600030.SH,20251217,186.5815936,189.79174039999998,39926857.28395061,4662507508.0,429351241636.0,1.328
20251218,600030.SH,20251218,189.33314799999997,186.9091596,28047858.765432093,3248014078.0,422830201031.0,0.9329
20251219,600030.SH,20251219,187.23672559999997,187.89185759999998,24283494.56790123,2821714142.0,425053283056.0,0.8077
20251222,600030.SH,20251222,187.4987784,187.695318,18600323.45679012,2160286841.0,424608666651.0,0.6187
20251223,600030.SH,20251223,187.89185759999998,187.5642916,23225841.234567896,2702038440.0,424312255714.0,0.7725
20251224,600030.SH,20251224,187.4332652,188.28493679999997,19494301.72839506,2266348143.0,425942515865.0,0.6484
20251225,600030.SH,20251225,188.35045,189.72622719999998,25801184.19753086,3020073434.0,429203036168.0,0.8582
20251226,600030.SH,20251226,189.72622719999998,190.64341199999998,34901870.370370366,4122805470.0,431277912724.0,1.1609
20251229,600030.SH,20251229,190.1848196,189.5952008,22387925.185185183,2628004106.0,428906625231.0,0.7446
20251230,600030.SH,20251230,189.07109519999997,188.87455559999998,21095010.617283948,2463949229.0,427276365080.0,0.7016
20251231,600030.SH,20251231,188.67801599999999,188.0883972,21144383.45679012,2470416840.0,425497899461.0,0.7033
20260105,600030.SH,20260105,188.8746,192.1502,45722719.2593,5402908222.0,434686638495.0,1.5208
20260106,600030.SH,20260106,192.3468,197.7844,82700197.284,10055094452.0,447432308768.0,2.7507
20260107,600030.SH,20260107,197.9154,193.2639,56667190.6173,6829635012.0,437206131456.0,1.8848
20260108,600030.SH,20260108,191.8882,186.9747,77784500.0,9039903881.0,422978406500.0,2.5872
20260109,600030.SH,20260109,186.9747,187.1712,57451150.8642,6628564036.0,423423022905.0,1.9109
20260112,600030.SH,20260112,187.1712,188.547,53656372.8395,6227140485.0,426535337739.0,1.7846
20260113,600030.SH,20260113,189.0056,187.0402,53325705.9259,6226326714.0,423126611968.0,1.7736
20260114,600030.SH,20260114,186.6471,184.9438,79477121.2346,9209655922.0,418384036983.0,2.6435
20260115,600030.SH,20260115,185.9265,185.2713,51312133.8272,5904891817.0,419125064324.0,1.7067
20260116,600030.SH,20260116,186.7126,183.9611,51748463.9506,5914162078.0,416160954958.0,1.7212
20260119,600030.SH,20260119,181.7336,182.8473,39366361.4815,4437182144.0,413641461997.0,1.3094
20260120,600030.SH,20260120,182.9784,183.7645,34200823.7037,3884362839.0,415716338553.0,1.1375
20260121,600030.SH,20260121,183.6335,183.0439,34827191.6049,3943890400.0,414086078402.0,1.1584
20260122,600030.SH,20260122,182.7818,182.9129,42615425.679,4825498273.0,413789667466.0,1.4174
20260123,600030.SH,20260123,183.437,181.9302,46445959.2593,5240083934.0,411566585441.0,1.5448
20260126,600030.SH,20260126,181.9302,183.8956,65123744.1975,7423210356.0,416012749490.0,2.1661
20260127,600030.SH,20260127,184.02657879999998,182.5197752,34944151.111111104,3957139689.0,412900434656.0,1.1623
20260128,600030.SH,20260128,182.7163148,183.0438808,42439353.33333333,4805814919.0,414086078402.0,1.4116
20260129,600030.SH,20260129,182.781828,187.10569919999998,73526216.54320987,8387338386.0,423274817436.0,2.4455
20260130,600030.SH,20260130,186.71262,183.96106559999998,47088772.59259258,5390994670.0,416160954958.0,1.5662
20260202,600030.SH,20260202,184.02657879999998,182.5197752,44897186.66666666,5128515409.0,412900434656.0,1.4933
20260203,600030.SH,20260203,183.89555239999999,183.24042039999998,32664629.382716045,3686657439.0,414530694807.0,1.0864
20260204,600030.SH,20260204,182.454262,185.92646159999998,38819568.6419753,4440800888.0,420607119007.0,1.2912
20260205,600030.SH,20260205,185.33684279999997,185.33684279999997,28563992.345679007,3276268367.0,419273269792.0,0.9501
20260206,600030.SH,20260206,184.747224,184.4851712,26519173.58024691,3027616780.0,417346598705.0,0.882
20260209,600030.SH,20260209,185.4119149,185.7428894,23963811.11111111,2718596599.0,415864544022.0,0.7971
20260210,600030.SH,20260210,185.7428894,185.9414741,18674026.913580243,2124582776.0,416309160427.0,0.6211
20260211,600030.SH,20260211,186.0738639,185.6104996,20658266.666666664,2346138810.0,415568133085.0,0.6871
20260212,600030.SH,20260212,185.5443047,184.4851863,23650719.753086414,2671181327.0,413048640124.0,0.7866
20260213,600030.SH,20260213,184.4851863,182.8303138,26925065.67901234,3032551539.0,409343503417.0,0.8955
20260225,600030.SH,20260225,182.9627036,183.6246526,25092103.95061728,2823641661.0,411121969036.0,0.8346
20260226,600030.SH,20260226,183.6908475,181.2416362,32747864.69135802,3647542589.0,405786572178.0,1.0892
20260227,600030.SH,20260227,181.1092464,181.17544130000002,21668829.135802466,2400314701.0,405638366710.0,0.7207
20260302,600030.SH,20260302,179.45437389999998,179.1895943,32338116.04938271,3544085955.0,401192202661.0,1.0756
20260303,600030.SH,20260303,179.12339939999998,177.402332,39684233.33333333,4345572179.0,397190655017.0,1.3199
20260304,600030.SH,20260304,176.07843400000002,173.0334686,37056816.29629629,3949873435.0,387409094110.0,1.2325
20260306,600030.SH,20260306,173.2982482,174.9531207,19178601.481481478,2046673145.0,391707052690.0,0.6379
20260309,600030.SH,20260309,172.1729349,171.31240119999998,31344821.234567896,3279905456.0,383555751935.0,1.0425
20260310,600030.SH,20260310,172.768689,172.9672737,22429074.56790123,2371463279.0,387260888642.0,0.746
20260311,600030.SH,20260311,173.0334686,172.768689,21827801.975308638,2304795581.0,386816272237.0,0.726
20260312,600030.SH,20260312,172.10674,171.6433757,22681913.58024691,2381053286.0,384296779276.0,0.7544
20260313,600030.SH,20260313,170.3194777,170.4518675,19913023.20987654,2080610907.0,381629080847.0,0.6623
20260316,600030.SH,20260316,169.8561134,168.796995,28560445.18518518,2943468144.0,377923944140.0,0.9499
20260317,600030.SH,20260317,168.796995,171.5109859,54610316.543209866,5770156338.0,384000368339.0,1.8164
20260318,600030.SH,20260318,171.44479099999998,171.90815529999998,21226136.29629629,2224720654.0,384889601149.0,0.706
20260319,600030.SH,20260319,170.4518675,169.5251389,26459120.246913575,2749163310.0,379554204291.0,0.88
20260320,600030.SH,20260320,169.5913338,167.473097,24912656.049382713,2571973337.0,374959834774.0,0.8286
20260323,600030.SH,20260323,165.48725,160.78741209999998,49201390.86419752,4887377310.0,359991082476.0,1.6365
20260324,600030.SH,20260324,162.177505,161.2507764,31582743.95061728,3112452255.0,361028520754.0,1.0505
20260325,600030.SH,20260325,161.51555599999998,163.23662339999998,28019062.222222216,2792003965.0,365474684803.0,0.9319
20260326,600030.SH,20260326,162.7070642,159.7282937,28108376.29629629,2763937440.0,357619794984.0,0.9349
20260327,600030.SH,20260327,159.1987345,160.5888274,23400497.530864194,2297623177.0,359546466072.0,0.7783
20260330,600030.SH,20260330,158.80156509999998,159.529709,22456621.975308638,2185349332.0,357175178579.0,0.7469
20260331,600030.SH,20260331,159.529709,159.1325396,25246555.555555552,2478632393.0,356285945769.0,0.8397
20260401,600030.SH,20260401,161.7141407,162.2436999,28924923.209876537,2865740077.0,363251602779.0,0.9621
20260402,600030.SH,20260402,161.9789203,159.7282937,19474955.555555552,1911165159.0,357619794984.0,0.6477
20260403,600030.SH,20260403,160.3240478,158.7353702,17536631.60493827,1710796826.0,355396712959.0,0.5833
20260407,600030.SH,20260407,158.80156509999998,158.3382008,17640391.358024687,1708575461.0,354507480150.0,0.5867
20260408,600030.SH,20260408,161.8465305,163.50140299999998,37715056.29629629,3749420200.0,366067506676.0,1.2544
20260409,600030.SH,20260409,162.0451152,159.8606835,24380444.197530862,2393489061.0,357916205920.0,0.8109
20260410,600030.SH,20260410,165.55344490000002,171.44479099999998,105168612.83950615,11036902941.0,383852162871.0,3.498
20260413,600030.SH,20260413,169.5913338,172.7024941,53126880.98765431,5591240528.0,386668066769.0,1.767
20260414,600030.SH,20260414,174.092587,173.36444310000002,35888002.71604937,3792758895.0,388150121452.0,1.1937
20260415,600030.SH,20260415,174.29117169999998,172.1729349,27346624.69135802,2892097782.0,385482423022.0,0.9096
20260416,600030.SH,20260416,172.9010788,174.15878189999998,35309521.72839505,3758618753.0,389928587071.0,1.1744
20260417,600030.SH,20260417,173.430638,173.8278074,26181597.777777772,2777157579.0,389187559730.0,0.8708
20260420,600030.SH,20260420,173.62922269999999,174.092587,23864720.246913575,2539846660.0,389780381603.0,0.7938
20260421,600030.SH,20260421,173.76161249999998,174.092587,20095821.975308638,2136782191.0,389780381603.0,0.6684
20260422,600030.SH,20260422,173.1658584,176.8065779,47247341.48148147,5104261296.0,395856805803.0,1.5715
20260423,600030.SH,20260423,175.9460442,175.2840952,29773292.592592586,3199251615.0,392448080032.0,0.9903
20260424,600030.SH,20260424,174.5559513,173.62922269999999,25737192.839506168,2725660518.0,388742943325.0,0.856
20260427,600030.SH,20260427,174.75453599999997,177.2037473,38171957.28395061,4142580850.0,396746038612.0,1.2696
20260428,600030.SH,20260428,177.7333065,180.712077,64392722.22222221,7136087373.0,404600928432.0,2.1417
20260429,600030.SH,20260429,179.71915349999998,180.8444668,36682974.56790123,4043461098.0,404897339368.0,1.2201
20260430,600030.SH,20260430,180.2487127,180.1825178,42716497.03703703,4730728021.0,403415284685.0,1.4208
20260506,600030.SH,20260506,180.6458821,181.96978009999998,44132941.48148148,4921934073.0,407416832329.0,1.4679
20260507,600030.SH,20260507,182.8965087,180.2487127,39348947.65432098,4335427172.0,403563490154.0,1.3088
20260508,600030.SH,20260508,179.388179,178.3952555,32114192.592592586,3507949844.0,399413737042.0,1.0681
20260511,600030.SH,20260511,177.6009167,180.9106617,48429899.01234567,5325456058.0,405045544837.0,1.6108
20260512,600030.SH,20260512,181.04305150000002,180.1825178,31647812.098765425,3496454846.0,403415284685.0,1.0526
20260513,600030.SH,20260513,179.71915349999998,179.71915349999998,30176227.16049382,3311273599.0,402377846407.0,1.0037
20260514,600030.SH,20260514,180.050128,176.4756034,36236754.56790123,3965396758.0,395115778461.0,1.2053
20260515,600030.SH,20260515,177.1375524,174.4235615,32649818.765432093,3503094086.0,390521408944.0,1.086
20260518,600030.SH,20260518,173.49683290000002,173.1658584,25151478.024691354,2665343627.0,387705505047.0,0.8366
20260519,600030.SH,20260519,172.9010788,173.89400229999998,23759233.58024691,2511758379.0,389335765198.0,0.7902
20260520,600030.SH,20260520,173.2982482,172.6362992,23685703.20987654,2507438048.0,386519861300.0,0.7878
20260521,600030.SH,20260521,173.9601972,173.5630278,56737315.555555545,6134095756.0,388594737856.0,1.8871
20260522,600030.SH,20260522,174.6221462,171.2462063,34836270.61728395,3664845680.0,383407546466.0,1.1587
20260525,600030.SH,20260525,172.4377145,173.36444310000002,31797381.975308638,3365988148.0,388150121452.0,1.0576
20260526,600030.SH,20260526,173.2982482,173.49683290000002,47697924.19753086,5073749496.0,388446532388.0,1.5865
20260527,600030.SH,20260527,173.2982482,170.5842573,43298863.20987654,4543590565.0,381925491783.0,1.4401
20260528,600030.SH,20260528,171.31240119999998,167.8040715,34432205.67901234,3548082136.0,375700862115.0,1.1452
20260529,600030.SH,20260529,168.9955797,172.4377145,81052131.1111111,8616487026.0,386075244895.0,2.6958
20260601,600030.SH,20260601,172.1729349,169.9223083,54669140.74074073,5715779763.0,380443437100.0,1.8183
20260602,600030.SH,20260602,169.458944,169.32655419999998,43977273.33333333,4532467327.0,379109587886.0,1.4627
20260603,600030.SH,20260603,168.796995,169.458944,45243969.62962962,4695437239.0,379405998822.0,1.5048
20260604,600030.SH,20260604,168.26743580000002,169.3927491,31944438.765432093,3310998447.0,379257793354.0,1.0625
20260605,600030.SH,20260605,169.8561134,169.9223083,39036093.58024691,4072685493.0,380443437100.0,1.2984
20260608,600030.SH,20260608,168.2012409,168.3336307,44057311.111111104,4557027285.0,376886505861.0,1.4654
20260609,600030.SH,20260609,168.3998256,168.92938479999998,25848779.506172836,2657722624.0,378220355076.0,0.8597
20260610,600030.SH,20260610,168.5929042,172.6294462,43127239.01234567,4438405526.0,380295231632.0,1.4344
20260611,600030.SH,20260611,172.225792,171.6203107,35945965.92592592,3719902086.0,378072149608.0,1.1956
20260612,600030.SH,20260612,171.9566892,176.8678153,66514698.271604925,7027638104.0,389632176134.0,2.2123
20260615,600030.SH,20260615,177.94422649999998,180.70253019999998,76658180.98765431,8358048750.0,398079887827.0,2.5497
20260616,600030.SH,20260616,179.5588433,183.3262825,54419787.65432098,5969042188.0,403859901090.0,1.81
20260617,600030.SH,20260617,183.52810960000002,184.1335909,44388670.370370366,4915372668.0,405638366710.0,1.4764
20260618,600030.SH,20260618,183.9990395,178.68425919999999,47745364.19753086,5183913753.0,393633723778.0,1.588
20260622,600030.SH,20260622,177.94422649999998,192.6776048,130144484.93827158,14693428354.0,424460461183.0,4.3287
20260623,600030.SH,20260623,193.081259,190.5247824,96080613.5802469,11177510036.0,419717886197.0,3.1957
20260624,600030.SH,20260624,189.5829226,187.6319273,68216041.2345679,7747666977.0,413345051061.0,2.2689
20260625,600030.SH,20260625,187.5646516,194.9649786,93470396.0493827,10826965213.0,429499447104.0,3.1089
20260626,600030.SH,20260626,193.754016,186.6227918,71485599.25925925,8204892662.0,411121969036.0,2.3777
20260629,600030.SH,20260629,188.37196,191.6684693,62587322.962962955,7202426008.0,422237379158.0,2.0817
20260630,600030.SH,20260630,190.5920581,193.2830861,54403318.02469135,6310883111.0,425794310397.0,1.8095
20260701,600030.SH,20260701,192.8121562,198.2614879,105739531.85185184,12572442638.0,436761515051.0,3.517
20260702,600030.SH,20260702,197.5887309,192.54305340000002,70501790.12345678,8229007620.0,424164050246.0,2.3449
20260703,600030.SH,20260703,194.2922216,194.7631515,56939967.16049382,6628384446.0,429054830700.0,1.8939
20260706,600030.SH,20260706,198.5978664,196.6468711,55272690.12345678,6534266216.0,433204583812.0,1.8384
20260707,600030.SH,20260707,196.04138980000002,191.39936649999999,46847097.77777777,5421569064.0,421644557285.0,1.5582
20260708,600030.SH,20260708,190.3229553,188.37196,33448166.1728395,3823541520.0,414975311212.0,1.1125
20260709,600030.SH,20260709,188.4392357,192.9467076,47008115.80246913,5375263001.0,425053283056.0,1.5635
20260710,600030.SH,20260710,192.408502,191.062988,41353677.28395061,4762803819.0,420903529944.0,1.3755
20260713,600030.SH,20260713,190.9284366,189.1792684,39268748.395061724,4482410728.0,416753776831.0,1.3061
20260714,600030.SH,20260714,188.37196,188.37196,43623816.543209866,4904300719.0,414975311212.0,1.451
20260715,600030.SH,20260715,187.90103009999999,192.408502,46178117.28395061,5304478301.0,423867639309.0,1.5359
20260716,600030.SH,20260716,190.6593338,189.04471700000002,34195728.88888888,3898053451.0,416457365895.0,1.1374
20240102,600900.SH,20240102,82.1094198,83.3055296,44065059.65518344,1627813605.0,579407395515.0,0.2925
20240103,600900.SH,20240103,83.27034990000001,83.5869672,38865439.657102644,1439625327.0,581364852932.0,0.258
20240104,600900.SH,20240104,83.727686,83.727686,39242769.4079263,1458263732.0,582343581641.0,0.2605
20240105,600900.SH,20240105,83.6573266,83.51660779999999,45141618.5266929,1680566823.0,580875488578.0,0.2997
20240108,600900.SH,20240108,83.51660779999999,83.02409200000001,41863802.578127496,1546139934.0,577449938098.0,0.2779
20240109,600900.SH,20240109,83.02409200000001,82.8130138,51274991.523526214,1884034535.0,575981845035.0,0.3404
20240110,600900.SH,20240110,82.7074747,82.1094198,43017649.61775901,1569818929.0,571088201491.0,0.2856
20240111,600900.SH,20240111,82.2501386,81.5465446,38972511.91504334,1415166913.0,567173286657.0,0.2587
20240112,600900.SH,20240112,81.2299273,82.7778341,39667095.92809391,1452655348.0,575737162857.0,0.2633
20240115,600900.SH,20240115,82.6019356,82.672295,26221195.662604354,964175881.0,575003116326.0,0.1741
20240116,600900.SH,20240116,82.3908574,82.84819350000001,36998531.81076672,1355366874.0,576226527212.0,0.2456
20240117,600900.SH,20240117,82.84819350000001,82.0390604,42548143.812174134,1559265044.0,570598837137.0,0.2825
20240118,600900.SH,20240118,81.96870100000001,82.0390604,78520245.01807249,2841916740.0,570598837137.0,0.5213
20240119,600900.SH,20240119,81.96870100000001,82.672295,60451491.539519556,2208441097.0,575003116326.0,0.4013
20240122,600900.SH,20240122,81.4761852,81.7224431,70876528.80401753,2581327056.0,568396697543.0,0.4705
20240123,600900.SH,20240123,81.4761852,81.79280250000001,54573396.66698653,1971733022.0,568886061897.0,0.3623
20240124,600900.SH,20240124,82.0038807,83.90358450000001,69506472.18756998,2566320795.0,583566992527.0,0.4614
20240125,600900.SH,20240125,83.9387642,84.22020180000001,53028363.240891784,1978742267.0,585769132121.0,0.352
20240126,600900.SH,20240126,83.90358450000001,84.8886161,45658013.62633145,1712379231.0,590418093487.0,0.3031
20240129,600900.SH,20240129,84.7478973,85.3811319,44408381.15344017,1691010353.0,593843643967.0,0.2948
20240130,600900.SH,20240130,85.34595220000001,84.783077,51040781.75479001,1927743954.0,589684046956.0,0.3388
20240131,600900.SH,20240131,84.71271759999999,85.83846799999999,56648531.49089979,2155156152.0,597024512270.0,0.3761
20240201,600900.SH,20240201,85.486671,84.9589755,42269844.86453635,1601356833.0,590907457841.0,0.2806
20240202,600900.SH,20240202,85.2052334,85.4163116,65136109.77833221,2482060135.0,594088326144.0,0.4324
20240205,600900.SH,20240205,85.6625695,87.10493720000001,73529176.34264146,2832953858.0,605833070648.0,0.4881
20240206,600900.SH,20240206,86.89385899999999,86.9642184,80992252.8228257,3150676353.0,604854341940.0,0.5377
20240207,600900.SH,20240207,87.2104763,86.89385899999999,86774933.94747785,3325417287.0,604364977585.0,0.5761
20240208,600900.SH,20240208,86.5772417,86.6827808,55974933.307743974,2150797174.0,602896884522.0,0.3716
20240219,600900.SH,20240219,86.4717026,88.652844,55814019.128042735,2183694504.0,616599086443.0,0.3705
20240220,600900.SH,20240220,88.5824846,89.8489538,43891103.22106004,1750801469.0,624918280467.0,0.2858
20240221,600900.SH,20240221,89.7785944,89.3212583,51100401.11313693,2040015337.0,621248047809.0,0.3327
20240222,600900.SH,20240222,89.708235,89.8841335,42663349.646547034,1701564035.0,625162962644.0,0.2778
20240223,600900.SH,20240223,89.7082,90.3766,39043328.5353,1558028569.0,628588513124.0,0.2542
20240226,600900.SH,20240226,89.6731,87.7734,51555161.6927,2031771860.0,610482032014.0,0.3357
20240227,600900.SH,20240227,87.6326,87.703,34964718.0373,1361112175.0,609992667660.0,0.2277
20240228,600900.SH,20240228,87.316,89.0046,76910922.8161,3011572334.0,619045908215.0,0.5008
20240229,600900.SH,20240229,88.6528,88.1251,48766087.7075,1914111616.0,612928853786.0,0.3175
20240301,600900.SH,20240301,88.1251,87.9493,36537065.5407,1427971157.0,611705442900.0,0.2379
20240304,600900.SH,20240304,87.8437,89.5323,55228157.8863,2180343415.0,622716140872.0,0.3596
20240305,600900.SH,20240305,89.1805,91.2561,63234070.9465,2550840673.0,634705567553.0,0.4117
20240306,600900.SH,20240306,91.1154,90.9747,56152896.3951,2284641773.0,632748110136.0,0.3656
20240307,600900.SH,20240307,90.9395,91.1154,49063714.2949,1987481632.0,633726838844.0,0.3195
20240308,600900.SH,20240308,91.1858,90.8692,39310944.5671,1589578909.0,632014063604.0,0.256
20240311,600900.SH,20240311,90.6581,90.6229,49187351.8216,1980534434.0,630301288364.0,0.3203
20240312,600900.SH,20240312,90.4118,87.3512,101764188.9774,3993859961.0,607545845888.0,0.6626
20240313,600900.SH,20240313,87.3512,87.5623,82783713.0154,3201049100.0,609013938951.0,0.539
20240314,600900.SH,20240314,87.1049,86.8587,63917854.3326,2471465580.0,604120295408.0,0.4162
20240315,600900.SH,20240315,86.8587,86.929,47306394.7798,1831479869.0,604609659762.0,0.308
20240318,600900.SH,20240318,86.8587,86.7883,51184048.2359,1976509115.0,603630931054.0,0.3333
20240319,600900.SH,20240319,86.7883,86.9642,50622466.8138,1963356129.0,604854341940.0,0.3296
20240320,600900.SH,20240320,86.9642,87.9493,66939124.2043,2615165511.0,611705442900.0,0.4359
20240321,600900.SH,20240321,88.1251,87.7382,42741399.098,1670493182.0,610237349837.0,0.2783
20240322,600900.SH,20240322,87.703,87.9844,49520962.1597,1932584782.0,611950125077.0,0.3224
20240325,600900.SH,20240325,88.2659,87.8789,43159315.4848,1687444454.0,611216078546.0,0.281
20240326,600900.SH,20240326,87.9493,87.3864,49155684.995,1909598643.0,607790528065.0,0.3201
20240327,600900.SH,20240327,87.2105,87.3512,46464856.2198,1809850537.0,607545845888.0,0.3025
20240328,600900.SH,20240328,87.4567,87.4216,52198343.729,2025213172.0,608035210243.0,0.3399
20240329,600900.SH,20240329,87.3512,87.703,37954857.8191,1477764574.0,609992667660.0,0.2471
20240401,600900.SH,20240401,87.7734,86.9994,56188819.3711,2177047530.0,605099024117.0,0.3659
20240402,600900.SH,20240402,86.9642,86.6828,59402155.9031,2291658203.0,602896884522.0,0.3868
20240403,600900.SH,20240403,86.5421,85.9792,73766513.7703,2811178604.0,598003240979.0,0.4803
20240408,600900.SH,20240408,85.8736,89.2157,114921667.1465,4495191837.0,620514001278.0,0.7483
20240409,600900.SH,20240409,88.6528,88.4769,66751971.9797,2623607287.0,615375675557.0,0.4346
20240410,600900.SH,20240410,88.4769,90.1656,71906029.4917,2870415143.0,627120420061.0,0.4682
20240411,600900.SH,20240411,89.9897,90.0952,44088254.4861,1760367866.0,626631055707.0,0.2871
20240412,600900.SH,20240412,89.8841,89.4268,40167985.7979,1599125049.0,621982094341.0,0.2615
20240415,600900.SH,20240415,89.462,91.0802,50241351.7577,2026912644.0,633482156667.0,0.3271
20240416,600900.SH,20240416,90.7988,91.221,53379774.1739,2163792039.0,634460885376.0,0.3476
20240417,600900.SH,20240417,90.9395,91.3969,52313555.9607,2111578177.0,635684296262.0,0.3406
20240418,600900.SH,20240418,91.1858,91.2913,54312177.3342,2205476997.0,634950249730.0,0.3536
20240419,600900.SH,20240419,91.1154,91.4672,49570013.7543,2007554174.0,636173660616.0,0.3228
20240422,600900.SH,20240422,91.221,90.9747,41023057.2882,1664599639.0,632748110136.0,0.2671
20240423,600900.SH,20240423,90.9043,90.6581,36816918.4019,1485631129.0,630545970541.0,0.2397
20240424,600900.SH,20240424,91.1154,90.6581,36022894.156,1450080312.0,630545970541.0,0.2346
20240425,600900.SH,20240425,90.5877,90.3415,27410691.2324,1098347571.0,628343830947.0,0.1785
20240426,600900.SH,20240426,90.0952,89.9545,44160082.5257,1770684733.0,625652326998.0,0.2875
20240429,600900.SH,20240429,89.9545,89.6379,49677254.2622,1978050453.0,623450187404.0,0.3235
20240430,600900.SH,20240430,89.3564,90.7284,56472029.5557,2280869807.0,631035334896.0,0.3677
20240506,600900.SH,20240506,90.7284,89.6027,70747520.7114,2821688353.0,623205505227.0,0.4606
20240507,600900.SH,20240507,89.6027,89.1805,40612072.4179,1609969168.0,620269319101.0,0.2644
20240508,600900.SH,20240508,89.1805,89.0398,38785298.2759,1538925484.0,619290590392.0,0.2525
20240509,600900.SH,20240509,89.1805,89.2157,43937913.1881,1736820747.0,620514001278.0,0.2861
20240510,600900.SH,20240510,89.2157,89.6379,51056388.0626,2029155628.0,623450187404.0,0.3324
20240513,600900.SH,20240513,89.7082,90.1304,59269649.7457,2368887118.0,626875737884.0,0.3859
20240514,600900.SH,20240514,90.1304,89.9897,38707848.2551,1543748111.0,625897009175.0,0.252
20240515,600900.SH,20240515,89.8841,89.6379,28394045.9969,1133848524.0,623450187404.0,0.1849
20240516,600900.SH,20240516,89.6731,89.4268,37003102.7093,1471765904.0,621982094341.0,0.2409
20240517,600900.SH,20240517,89.5323,90.6933,60743191.6323,2438122010.0,630790652718.0,0.3955
20240520,600900.SH,20240520,90.5525,91.432,58225220.2284,2362152895.0,635928978439.0,0.3791
20240521,600900.SH,20240521,91.6431,91.819,41539523.3983,1693481735.0,638620482388.0,0.2705
20240522,600900.SH,20240522,92.0301,91.3969,36432991.0757,1482943442.0,635684296262.0,0.2372
20240523,600900.SH,20240523,91.6431,91.9949,49459486.9334,2023279728.0,639843893273.0,0.322
20240524,600900.SH,20240524,92.206,92.5226,49717003.4865,2051397915.0,643514125931.0,0.3237
20240527,600900.SH,20240527,92.5578,93.2614,49899814.4772,2069505133.0,648652451651.0,0.3249
20240528,600900.SH,20240528,93.2966,93.965,43028024.8217,1793773705.0,653546095194.0,0.2802
20240529,600900.SH,20240529,93.9298,93.8946,39696756.5493,1651090911.0,653056730840.0,0.2585
20240530,600900.SH,20240530,93.7891,93.9298,34533163.8039,1444639486.0,653301413017.0,0.2249
20240531,600900.SH,20240531,94.1409,93.6132,45305268.8482,1894832555.0,651099273423.0,0.295
20240603,600900.SH,20240603,94.5982,96.4979,73490279.8836,3129895699.0,671163211950.0,0.4785
20240604,600900.SH,20240604,96.4979,96.6738,50715654.2878,2178484628.0,672386622836.0,0.3302
20240605,600900.SH,20240605,96.8849,98.3624,56758566.3564,2474874593.0,684131367339.0,0.3696
20240606,600900.SH,20240606,98.1514,98.6087,67888764.9938,2979916128.0,685844142579.0,0.442
20240607,600900.SH,20240607,98.5032,99.5937,55536345.8401,2447258985.0,692695243540.0,0.3616
20240611,600900.SH,20240611,99.6289,99.1364,55870387.3589,2460615260.0,689514375237.0,0.3638
20240612,600900.SH,20240612,98.7846,99.84,48379380.0979,2141399388.0,694408018780.0,0.315
20240613,600900.SH,20240613,99.8752,100.9657,57117180.6928,2555029901.0,702237848449.0,0.3719
20240614,600900.SH,20240614,100.7898,98.1514,155226952.6277,6814644667.0,682663274276.0,1.0107
20240617,600900.SH,20240617,97.6237,98.1162,68278984.7423,2976152808.0,682418592099.0,0.4446
20240618,600900.SH,20240618,98.1162,97.7996,42154353.7089,1828330861.0,680216452505.0,0.2745
20240619,600900.SH,20240619,97.7292,98.6439,34327527.1087,1497817306.0,686088824757.0,0.2235
20240620,600900.SH,20240620,98.7494,99.6993,41946658.3501,1851949138.0,693429290071.0,0.2731
20240621,600900.SH,20240621,99.6993,99.6641,47529988.1649,2104127430.0,693184607894.0,0.3095
20240624,600900.SH,20240624,99.9103,101.6342,68406513.7703,3075272500.0,706886809815.0,0.4454
20240625,600900.SH,20240625,101.5638,100.7898,56310071.3303,2521524043.0,701014437563.0,0.3666
20240626,600900.SH,20240626,100.9306,100.7898,32897754.5341,1469826193.0,701014437563.0,0.2142
20240627,600900.SH,20240627,100.6139,101.3879,42574871.8933,1917338401.0,705174034575.0,0.2772
20240628,600900.SH,20240628,101.3879,101.7397,46295610.1462,2089609595.0,707620856347.0,0.3014
20240701,600900.SH,20240701,101.7397,103.7098,46285967.4375,2123942477.0,721323058268.0,0.3014
20240702,600900.SH,20240702,103.6746,103.7098,37289478.9368,1714526664.0,721323058268.0,0.2428
20240703,600900.SH,20240703,103.4635,103.0765,46861777.1807,2136621632.0,716918779079.0,0.3051
20240704,600900.SH,20240704,102.7951,103.3931,42345934.8111,1945477857.0,719120918673.0,0.2757
20240705,600900.SH,20240705,104.0264,103.1469,64461594.8565,2934921575.0,717408143433.0,0.4197
20240708,600900.SH,20240708,102.7951,105.2577,64547275.0536,3002371354.0,732089074063.0,0.4203
20240709,600900.SH,20240709,105.2225,106.6297,54840907.1426,2582804863.0,741631678972.0,0.3571
20240710,600900.SH,20240710,106.5241,105.8909,49001573.1056,2303742130.0,736493353252.0,0.3191
20240711,600900.SH,20240711,105.9964,106.2075,47797073.2175,2236982847.0,738695492846.0,0.3112
20240712,600900.SH,20240712,106.102,105.1169,43574020.4075,2040744551.0,731110345354.0,0.2837
20240715,600900.SH,20240715,104.8003,107.0518,50408152.7684,2382355824.0,744567865098.0,0.3282
20240716,600900.SH,20240716,107.2981,108.3535,44093566.1965,2109134626.0,753621105653.0,0.2871
20240717,600900.SH,20240717,108.1776,108.3535,47376679.1415,2281313173.0,753621105653.0,0.3085
20240718,600900.SH,20240718,108.1776,110.3235,63970587.5956,3111871551.0,767323307574.0,0.4165
20240719,600900.SH,20240719,110.1791,110.4681,71917295.8449,3424215894.0,748238097755.0,0.4683
20240722,600900.SH,20240722,110.4681,109.7456,62327767.0089,2935254009.0,743344454212.0,0.4058
20240723,600900.SH,20240723,109.8179,110.7932,57668673.5118,2759644839.0,750440237350.0,0.3755
20240724,600900.SH,20240724,110.7932,112.1298,56476406.6148,2734065269.0,759493477905.0,0.3677
20240725,600900.SH,20240725,112.2382,111.3712,62525584.8767,3005729069.0,754355152184.0,0.4071
20240726,600900.SH,20240726,110.9377,108.9148,73540781.7548,3451737426.0,737716764137.0,0.4788
20240729,600900.SH,20240729,108.2284,109.0954,48083837.7635,2258829166.0,738940175023.0,0.3131
20240730,600900.SH,20240730,108.987,108.7703,38820525.2215,1828272498.0,736738035429.0,0.2528
20240731,600900.SH,20240731,108.5535,107.8672,60412106.9635,2812743116.0,730620981000.0,0.3934
20240801,600900.SH,20240801,107.1085,108.8064,43812730.0643,2057753552.0,736982717606.0,0.2853
20240802,600900.SH,20240802,108.3729,109.2399,36960655.0875,1740593156.0,739918903732.0,0.2407
20240805,600900.SH,20240805,108.698,108.0117,40369171.8645,1894210458.0,731599709708.0,0.2628
20240806,600900.SH,20240806,108.0117,106.4222,59915788.6319,2766826003.0,720833693913.0,0.3901
20240807,600900.SH,20240807,106.0971,107.4698,43272288.6479,2018243318.0,727929477051.0,0.2818
20240808,600900.SH,20240808,107.4698,107.5782,29914258.3885,1394043160.0,728663523582.0,0.1948
20240809,600900.SH,20240809,107.3253,106.7112,38185755.0459,1763288971.0,722791151331.0,0.2486
20240812,600900.SH,20240812,106.7834,105.4107,32683441.1285,1500108927.0,713982592953.0,0.2128
20240813,600900.SH,20240813,105.772,105.6997,29532052.5861,1349026967.0,715940050370.0,0.1923
20240814,600900.SH,20240814,105.8081,106.7473,43414026.8048,2004395676.0,723035833508.0,0.2827
20240815,600900.SH,20240815,106.7112,107.6504,38313397.3067,1783081179.0,729152887937.0,0.2495
20240816,600900.SH,20240816,107.7227,107.0002,32594396.571,1509091295.0,724748608748.0,0.2122
20240819,600900.SH,20240819,106.8918,107.3975,27379488.8526,1272877014.0,727440112697.0,0.1783
20240820,600900.SH,20240820,107.5059,107.1085,29511180.6289,1364741834.0,725482655279.0,0.1922
20240821,600900.SH,20240821,107.1447,107.4698,30189677.2543,1395813811.0,727929477051.0,0.1966
20240822,600900.SH,20240822,107.2892,109.2399,49859591.8498,2341186875.0,739918903732.0,0.3246
20240823,600900.SH,20240823,109.3483,108.0478,34936626.6833,1639163833.0,731844391886.0,0.2275
20240826,600900.SH,20240826,108.0478,107.7227,31756121.2935,1474548432.0,729642252291.0,0.2068
20240827,600900.SH,20240827,107.5059,107.6504,22429386.1754,1043728923.0,729152887937.0,0.146
20240828,600900.SH,20240828,107.6143,107.7227,31788513.5784,1485759125.0,729642252291.0,0.207
20240829,600900.SH,20240829,107.7949,106.0609,43248297.988,1991001428.0,718386872142.0,0.2816
20240830,600900.SH,20240830,105.6636,106.1332,57479663.5,2626216879.0,718876236496.0,0.3743
20240902,600900.SH,20240902,104.8688,107.3253,46911432.684,2171845328.0,726950748342.0,0.3054
20240903,600900.SH,20240903,107.1085,105.1578,42677150.6253,1952057304.0,712269817713.0,0.2779
20240904,600900.SH,20240904,105.1578,105.3023,25687551.4186,1170959318.0,713248546421.0,0.1673
20240905,600900.SH,20240905,105.3385,105.194,23981964.6227,1088725236.0,712514499890.0,0.1562
20240906,600900.SH,20240906,105.1217,105.1217,25623748.8405,1173648850.0,712025135536.0,0.1668
20240909,600900.SH,20240909,105.5913,106.0248,40542005.5657,1856318800.0,718142189965.0,0.264
20240910,600900.SH,20240910,105.8803,105.3023,37107735.662,1692616092.0,713248546421.0,0.2416
20240911,600900.SH,20240911,105.3023,100.4256,92089522.4387,4047995050.0,680216452505.0,0.5996
20240912,600900.SH,20240912,100.0643,100.6423,42362626.1075,1843149366.0,681684545568.0,0.2758
20240913,600900.SH,20240913,100.6423,102.2318,51801305.0571,2289211168.0,692450561363.0,0.3373
20240918,600900.SH,20240918,102.0511,102.304,33665114.0326,1500353768.0,692939925717.0,0.2192
20240919,600900.SH,20240919,102.4846,102.3401,44653235.4541,1964300124.0,693184607894.0,0.2907
20240920,600900.SH,20240920,101.7983,101.6899,52647012.7627,2309733075.0,688780328705.0,0.3428
20240923,600900.SH,20240923,101.6899,101.8705,30646419.7294,1353258731.0,690003739591.0,0.1995
20240924,600900.SH,20240924,102.7014,103.8935,68117999.5522,3033603594.0,703705941512.0,0.4435
20240925,600900.SH,20240925,104.4715,104.5076,75601344.7206,3447719854.0,707865538524.0,0.4923
20240926,600900.SH,20240926,104.905,105.2301,73132036.5928,3305503263.0,712759182067.0,0.4762
20240927,600900.SH,20240927,105.5913,104.7243,120720126.6673,5391564516.0,709333631587.0,0.786
20240930,600900.SH,20240930,104.1464,108.5535,253384828.0715,11687901897.0,735269942366.0,1.6498
20241008,600900.SH,20241008,115.6339,105.5552,295785138.9822,13932515165.0,714961321662.0,1.9259
20241009,600900.SH,20241009,104.6882,103.1349,170761228.9288,7713072332.0,698567615792.0,1.1119
20241010,600900.SH,20241010,103.3155,105.4107,167884338.0354,7695861718.0,713982592953.0,1.0931
20241011,600900.SH,20241011,105.483,105.5191,91219417.8422,4191339711.0,714716639484.0,0.5939
20241014,600900.SH,20241014,105.5552,106.0248,92570409.7495,4245091617.0,718142189965.0,0.6027
20241015,600900.SH,20241015,105.8442,104.327,74921051.0827,3411757960.0,706642127638.0,0.4878
20241016,600900.SH,20241016,104.038,103.7129,81393350.6061,3677022600.0,702482530626.0,0.53
20241017,600900.SH,20241017,103.7851,102.2318,71710212.7115,3190851474.0,692450561363.0,0.4669
20241018,600900.SH,20241018,102.304,102.7014,95436526.2451,4224020290.0,695631429666.0,0.6214
20241021,600900.SH,20241021,102.4485,101.0035,89325027.6685,3905210023.0,684131367339.0,0.5816
20241022,600900.SH,20241022,101.0035,101.437,66572769.7278,2922214929.0,687067553465.0,0.4335
20241023,600900.SH,20241023,101.437,101.3648,57755216.0701,2538199816.0,686578189111.0,0.3761
20241024,600900.SH,20241024,101.3648,101.148,50146301.3786,2189138483.0,685110096048.0,0.3265
20241025,600900.SH,20241025,101.148,99.4863,96419707.0019,4162517848.0,673854715899.0,0.6278
20241028,600900.SH,20241028,99.4863,99.4863,75350993.1868,3221776479.0,673854715899.0,0.4906
20241029,600900.SH,20241029,99.4863,100.1004,83925639.2541,3635175151.0,678014312910.0,0.5465
20241030,600900.SH,20241030,100.1366,100.1004,64779382.6568,2800095149.0,678014312910.0,0.4218
20241031,600900.SH,20241031,101.0758,99.6308,77985565.0449,3369699700.0,674833444607.0,0.5078
20241101,600900.SH,20241101,99.3779,101.0758,77638595.7842,3377377151.0,684620731694.0,0.5055
20241104,600900.SH,20241104,101.0758,100.7868,57960504.1103,2514532409.0,682663274276.0,0.3774
20241105,600900.SH,20241105,100.4617,100.6423,83765957.2018,3643039779.0,681684545568.0,0.5454
20241106,600900.SH,20241106,100.5339,99.3418,88340044.1416,3816254671.0,672875987190.0,0.5752
20241107,600900.SH,20241107,98.9806,100.5339,85105957.2018,3687552721.0,680950499036.0,0.5541
20241108,600900.SH,20241108,100.5701,99.7753,76143353.485,3295504902.0,675812173316.0,0.4958
20241111,600900.SH,20241111,99.1973,99.2696,60132554.1375,2579507983.0,672386622836.0,0.3915
20241112,600900.SH,20241112,99.2696,97.4272,129064178.7416,5479470999.0,659907831801.0,0.8404
20241113,600900.SH,20241113,97.1021,98.9445,99279161.9486,4230284151.0,670184483241.0,0.6464
20241114,600900.SH,20241114,98.8,99.0528,63107581.4861,2714473179.0,670918529773.0,0.4109
20241115,600900.SH,20241115,98.8722,97.8969,59866866.9034,2550153940.0,663088700104.0,0.3898
20241118,600900.SH,20241118,98.1136,99.0528,76161462.4316,3261120178.0,670918529773.0,0.4959
20241119,600900.SH,20241119,98.9806,98.8722,61209915.875,2615794240.0,669695118887.0,0.3985
20241120,600900.SH,20241120,98.8722,99.7753,63848599.9424,2747324911.0,675812173316.0,0.4157
20241121,600900.SH,20241121,99.5586,99.9559,43404977.7692,1875901033.0,677035584202.0,0.2826
20241122,600900.SH,20241122,99.9559,98.4748,62136778.94,2668597372.0,667003614938.0,0.4046
20241125,600900.SH,20241125,98.9445,98.0052,64874625.5958,2767754675.0,663822746635.0,0.4224
20241126,600900.SH,20241126,97.8969,97.5356,56492582.2858,2387017997.0,660641878332.0,0.3678
20241127,600900.SH,20241127,97.4634,98.9445,65553090.8742,2795306804.0,670184483241.0,0.4268
20241128,600900.SH,20241128,98.8722,99.089,44244397.5306,1892727089.0,671163211950.0,0.2881
20241129,600900.SH,20241129,99.1251,98.6916,69747893.6762,2998565910.0,668471708001.0,0.4541
20241202,600900.SH,20241202,98.9445,99.7392,56699545.789,2442141195.0,675567491139.0,0.3692
20241203,600900.SH,20241203,99.7753,100.9674,85946683.9395,3742682857.0,683886685162.0,0.5596
20241204,600900.SH,20241204,100.9674,102.7736,87787903.912,3874772096.0,696120794020.0,0.5716
20241205,600900.SH,20241205,102.593,102.2318,62716587.0198,2785865462.0,692450561363.0,0.4084
20241206,600900.SH,20241206,102.304,101.7983,58174463.1033,2571289497.0,689514375237.0,0.3788
20241209,600900.SH,20241209,101.6177,102.6291,51362500.08,2273588991.0,695142065312.0,0.3344
20241210,600900.SH,20241210,102.593,101.2203,107403477.5933,4740338733.0,685599460402.0,0.6993
20241211,600900.SH,20241211,101.5093,101.7622,40698861.9134,1788397138.0,689269693060.0,0.265
20241212,600900.SH,20241212,101.6899,102.593,49819247.0332,2210068869.0,694897383134.0,0.3244
20241213,600900.SH,20241213,102.7375,103.749,98701832.8375,4421516826.0,702727212804.0,0.6427
20241216,600900.SH,20241216,103.9657,105.772,91778328.3754,4191213538.0,716429414724.0,0.5976
20241217,600900.SH,20241217,105.9526,105.7358,68966129.9299,3166685527.0,716184732547.0,0.449
20241218,600900.SH,20241218,106.1332,106.2777,62947610.9139,2902181336.0,719854965205.0,0.4099
20241219,600900.SH,20241219,105.6997,105.6997,58255188.5616,2682851059.0,715940050370.0,0.3793
20241220,600900.SH,20241220,105.5191,105.483,50363159.0059,2300287601.0,714471957307.0,0.3279
20241223,600900.SH,20241223,105.4468,106.8196,69496613.8886,3214208944.0,723525197862.0,0.4525
20241224,600900.SH,20241224,106.4583,107.6865,59326072.3539,2753108462.0,729397570114.0,0.3863
20241225,600900.SH,20241225,107.7227,107.6143,43832039.1517,2043557883.0,728908205760.0,0.2854
20241226,600900.SH,20241226,107.6143,105.9164,57502196.2064,2645228041.0,717408143433.0,0.3744
20241227,600900.SH,20241227,105.8442,106.9641,54648440.009,2508819673.0,724503926571.0,0.3558
20241230,600900.SH,20241230,106.9641,106.2416,49787711.9918,2298925152.0,719610283028.0,0.3242
20241231,600900.SH,20241231,106.2054,106.7473,61758012.9866,2859607977.0,723035833508.0,0.4021
20250102,600900.SH,20250102,106.6028093,105.48295599999999,66610375.20391517,3057996060.0,714471957307.0,0.4337
20250103,600900.SH,20250103,105.5190803,104.76047,60539478.61689537,2753136714.0,709578313764.0,0.3942
20250106,600900.SH,20250106,105.121713,104.3631027,50838004.030323386,2286573074.0,706886809815.0,0.331
20250107,600900.SH,20250107,104.32697839999999,103.67674099999999,41900028.78802418,1879633128.0,702237848449.0,0.2728
20250108,600900.SH,20250108,103.5683681,104.76047,57979675.01519368,2624410315.0,709578313764.0,0.3775
20250109,600900.SH,20250109,104.5437242,104.0018597,37217834.500847645,1676501567.0,704439988044.0,0.2423
20250110,600900.SH,20250110,104.0018597,104.2908541,44455735.534017846,2005099923.0,706397445461.0,0.2895
20250113,600900.SH,20250113,104.037984,104.07410829999999,57977677.12631545,2602917132.0,704929352398.0,0.3775
20250114,600900.SH,20250114,104.037984,104.1824812,52449006.813165724,2362763164.0,705663398929.0,0.3415
20250115,600900.SH,20250115,103.7851139,104.037984,46239502.287048586,2086198307.0,704684670221.0,0.3011
20250116,600900.SH,20250116,103.7851139,104.1824812,46099376.25947606,2076090814.0,705663398929.0,0.3002
20250117,600900.SH,20250117,104.2908541,104.7965943,38151955.98630969,1726533811.0,709822995941.0,0.2484
20250120,600900.SH,20250120,104.9410915,104.65209709999999,42569412.404439755,1927427722.0,708844267233.0,0.2772
20250121,600900.SH,20250121,104.6159728,105.3384588,50501441.320410706,2299694593.0,713493228599.0,0.3288
20250122,600900.SH,20250122,105.3384588,103.6406167,68688430.4129482,3102296596.0,701993166272.0,0.4472
20250123,600900.SH,20250123,103.74898959999999,102.95425499999999,66192217.63746282,2953937702.0,697344204906.0,0.431
20250124,600900.SH,20250124,103.28163119999999,102.62656799999999,53738014.266065314,2388148361.0,690003739591.0,0.3499
20250127,600900.SH,20250127,102.8813148,105.174036,63669160.989028566,2863650427.0,707131491992.0,0.4146
20250205,600900.SH,20250205,105.0284664,103.172454,57759084.540831015,2568658666.0,693673972249.0,0.3761
20250206,600900.SH,20250206,103.2088464,102.8813148,43252236.829478934,1908311707.0,691716514831.0,0.2816
20250207,600900.SH,20250207,102.62656799999999,102.3718212,69825385.27972363,3059789716.0,688290964351.0,0.4546
20250210,600900.SH,20250210,102.08068200000001,101.5711884,61990260.69155231,2709703559.0,682907956454.0,0.4036
20250211,600900.SH,20250211,101.8259352,101.534796,57664734.67037712,2507433419.0,682663274276.0,0.3755
20250212,600900.SH,20250212,101.352834,101.8623276,45721825.16073313,1996133152.0,684865413871.0,0.2977
20250213,600900.SH,20250213,101.60758080000001,102.5173908,60136144.32396123,2643911849.0,689269693060.0,0.3916
20250214,600900.SH,20250214,102.5173908,102.6629604,59416164.155711226,2628490803.0,690248421768.0,0.3869
20250217,600900.SH,20250217,102.11707439999999,102.5173908,70102497.52103125,3060604828.0,689269693060.0,0.4564
20250218,600900.SH,20250218,102.08068200000001,103.2088464,69328390.74944822,3074479598.0,693918654426.0,0.4514
20250219,600900.SH,20250219,102.8449224,102.1534668,53253428.65368007,2344764606.0,686822871288.0,0.3467
20250220,600900.SH,20250220,101.89872,102.0442896,44539023.766113296,1949177936.0,686088824757.0,0.29
20250221,600900.SH,20250221,102.0442896,101.170872,79767239.22848095,3470960409.0,680216452505.0,0.5194
20250224,600900.SH,20250224,101.170872,100.26106200000001,82783596.58382113,3578403310.0,674099398076.0,0.539
20250225,600900.SH,20250225,100.3702392,99.4604292,62260731.21581422,2669049554.0,668716390178.0,0.4054
20250226,600900.SH,20250226,99.351252,100.5522012,56883192.27201484,2451236807.0,676056855493.0,0.3704
20250227,600900.SH,20250227,100.5885936,100.1518848,63446847.07161821,2727061265.0,673365351544.0,0.4131
20250228,600900.SH,20250228,100.0063152,99.64239119999999,75169865.33602022,3236479356.0,669939801064.0,0.4894
20250303,600900.SH,20250303,99.64239119999999,98.5870116,72138590.66628282,3060769037.0,662844017926.0,0.4697
20250304,600900.SH,20250304,98.5870116,98.80536599999999,41406895.69139238,1755054866.0,664312110989.0,0.2696
20250305,600900.SH,20250305,98.76897360000001,100.0063152,60557557.49608163,2594982596.0,672386622836.0,0.3943
20250306,600900.SH,20250306,99.7515684,99.0601128,62742489.8442248,2671549581.0,666024886230.0,0.4085
20250307,600900.SH,20250307,99.0237204,99.2056824,43747057.54406167,1864258519.0,667003614938.0,0.2848
20250310,600900.SH,20250310,99.2420748,98.62340400000001,56502798.83568435,2392990833.0,663088700104.0,0.3679
20250311,600900.SH,20250311,98.4050496,98.95093560000001,58241571.18638646,2468093094.0,665290839698.0,0.3792
20250312,600900.SH,20250312,98.8417584,98.6961888,50234324.92083293,2126412560.0,663578064458.0,0.3271
20250313,600900.SH,20250313,98.62340400000001,99.16929,55918920.12922624,2380546787.0,666758932761.0,0.3641
20250314,600900.SH,20250314,99.31485959999999,99.897138,71275303.07392125,3056432801.0,671652576304.0,0.4641
20250317,600900.SH,20250317,100.11549240000001,99.60599880000001,48845083.96507053,2099106675.0,669695118887.0,0.318
20250318,600900.SH,20250318,99.60599880000001,98.987328,49719674.375459805,2116224352.0,665535521875.0,0.3237
20250319,600900.SH,20250319,99.13289759999999,100.5522012,84355264.689889,3633878031.0,676056855493.0,0.5493
20250320,600900.SH,20250320,100.80694799999999,100.5885936,38508237.85305313,1663702537.0,676301537670.0,0.2507
20250321,600900.SH,20250321,100.6977708,99.715176,47460365.92777404,2042970840.0,670429165418.0,0.309
20250324,600900.SH,20250324,99.78796080000001,100.80694799999999,63437595.88011387,2745637503.0,677769630733.0,0.4131
20250325,600900.SH,20250325,100.8433404,101.6439732,49423268.40034545,2152626393.0,683397320808.0,0.3218
20250326,600900.SH,20250326,101.6439732,101.2800492,44198152.44858139,1917234896.0,680950499036.0,0.2878
20250327,600900.SH,20250327,100.98891,101.0616948,36656185.266928956,1588239086.0,679482405973.0,0.2387
20250328,600900.SH,20250328,101.0253024,101.352834,36607065.22086812,1590738628.0,681439863391.0,0.2384
20250331,600900.SH,20250331,101.60758080000001,101.2072644,57885743.53069123,2528379570.0,680461134682.0,0.3769
20250401,600900.SH,20250401,101.352834,101.534796,37097295.84492851,1614469478.0,682663274276.0,0.2415
20250402,600900.SH,20250402,101.534796,101.2800492,35411205.57847935,1539467924.0,680950499036.0,0.2306
20250403,600900.SH,20250403,100.8433404,103.354416,91992597.63938202,4054692590.0,694897383134.0,0.599
20250407,600900.SH,20250407,102.0442896,103.0996692,208471501.7752615,9247372446.0,693184607894.0,1.3574
20250408,600900.SH,20250408,102.8449224,105.719922,149773884.78392988,6700167019.0,710801724650.0,0.9752
20250409,600900.SH,20250409,105.719922,107.6123268,140614658.22217956,6447093992.0,723525197862.0,0.9156
20250410,600900.SH,20250410,107.2120104,106.1566308,88643115.50395036,4027976355.0,713737910776.0,0.5772
20250411,600900.SH,20250411,106.55694720000001,106.26580799999999,55869303.00994786,2542617678.0,714471957307.0,0.3638
20250414,600900.SH,20250414,105.57435240000001,106.083846,52866028.212263696,2399272788.0,713248546421.0,0.3442
20250415,600900.SH,20250415,105.8290992,106.5205548,50096261.395259574,2283991241.0,716184732547.0,0.3262
20250416,600900.SH,20250416,106.44777,106.993656,64459716.59789527,2945909908.0,719365600850.0,0.4197
20250417,600900.SH,20250417,106.629732,106.3022004,53792238.10894667,2448925444.0,714716639484.0,0.3502
20250418,600900.SH,20250418,105.90188400000001,107.64871919999999,56371677.702075936,2592643254.0,723769880039.0,0.367
20250421,600900.SH,20250421,107.35758,106.6661244,36198538.20810543,1666610558.0,717163461256.0,0.2357
20250422,600900.SH,20250422,106.7025168,106.7389092,49192243.86655151,2269549948.0,717652825610.0,0.3203
20250423,600900.SH,20250423,106.55694720000001,106.26580799999999,39414445.830534495,1800663508.0,714471957307.0,0.2566
20250424,600900.SH,20250424,106.26580799999999,107.2120104,36418337.9714039,1675349936.0,720833693913.0,0.2371
20250425,600900.SH,20250425,107.2847952,107.43036479999999,34838130.05789591,1604922452.0,722301786976.0,0.2268
20250428,600900.SH,20250428,107.43036479999999,108.1582128,46282880.72161981,2153224045.0,727195430520.0,0.3014
20250429,600900.SH,20250429,108.1582128,107.2120104,46256547.996033646,2130508757.0,720833693913.0,0.3012
20250430,600900.SH,20250430,107.539542,107.35758,35409831.430125065,1630308197.0,721812422622.0,0.2306
20250506,600900.SH,20250506,107.903466,106.1930232,53161244.9221124,2427460661.0,713982592953.0,0.3461
20250507,600900.SH,20250507,106.55694720000001,106.811694,51747426.67050507,2365688066.0,718142189965.0,0.3369
20250508,600900.SH,20250508,106.55694720000001,106.6661244,30064964.974570576,1380550567.0,717163461256.0,0.1958
20250509,600900.SH,20250509,106.629732,107.539542,46887857.85113393,2165675400.0,723035833508.0,0.3053
20250512,600900.SH,20250512,107.2120104,107.5031496,36615486.67754214,1690208659.0,722791151331.0,0.2384
20250513,600900.SH,20250513,107.06644080000001,108.2309976,39470688.033777945,1827173098.0,727684794874.0,0.257
20250514,600900.SH,20250514,108.1946052,109.46833919999999,47846058.91948949,2238358173.0,736003988897.0,0.3115
20250515,600900.SH,20250515,109.3955544,110.450934,45768662.63634328,2161488738.0,742610407681.0,0.298
20250516,600900.SH,20250516,110.268972,109.54112400000001,40786864.34443271,1920478840.0,736493353252.0,0.2656
20250519,600900.SH,20250519,109.54112400000001,110.8876428,35949356.10785913,1709383591.0,745546593807.0,0.2341
20250520,600900.SH,20250520,110.9240352,111.6518832,38759950.10075808,1863321473.0,750684919527.0,0.2524
20250521,600900.SH,20250521,111.8702376,112.088592,34257652.1766945,1650446696.0,753621105653.0,0.2231
20250522,600900.SH,20250522,112.088592,112.9256172,34370580.55848767,1657926805.0,759248795727.0,0.2238
20250523,600900.SH,20250523,112.78004759999999,110.96042759999999,54649120.68579471,2613433482.0,746035958161.0,0.3558
20250526,600900.SH,20250526,110.632896,110.4145416,40080118.35076608,1899418062.0,742365725503.0,0.261
20250527,600900.SH,20250527,110.268972,110.1234024,36335640.853404984,1726016759.0,740408268086.0,0.2366
20250528,600900.SH,20250528,110.1597948,111.1059972,34405468.445126824,1636711126.0,747014686869.0,0.224
20250529,600900.SH,20250529,110.9240352,110.2325796,42821785.49723315,2025718727.0,741142314618.0,0.2788
20250530,600900.SH,20250530,110.3417568,109.905048,41249398.97002847,1954519954.0,738940175023.0,0.2686
20250603,600900.SH,20250603,110.19618720000001,109.723086,50105397.43466718,2350698980.0,737716764137.0,0.3262
20250604,600900.SH,20250604,109.6866936,108.7768836,38101396.53903976,1785117391.0,731355027531.0,0.2481
20250605,600900.SH,20250605,108.7768836,108.449352,35271751.27147107,1641525833.0,729152887937.0,0.2297
20250606,600900.SH,20250606,108.449352,109.1408076,34989382.9766817,1638392602.0,733801849303.0,0.2278
20250609,600900.SH,20250609,108.9224532,109.1044152,43539876.53136295,2040230084.0,733557167126.0,0.2835
20250610,600900.SH,20250610,109.1044152,109.2863772,42445600.87003806,1998903728.0,734780578011.0,0.2764
20250611,600900.SH,20250611,109.1772,109.8322632,36890648.37027796,1739533416.0,738450810669.0,0.2402
20250612,600900.SH,20250612,109.7594784,109.86865560000001,40420863.00099158,1906275622.0,738695492846.0,0.2632
20250613,600900.SH,20250613,109.86865560000001,111.4335288,66803202.50775677,3184688177.0,749216826464.0,0.435
20250616,600900.SH,20250616,111.178782,110.8512504,33045703.227457378,1573740481.0,745301911629.0,0.2152
20250617,600900.SH,20250617,110.814858,111.6154908,50474085.02063142,2399315252.0,750440237350.0,0.3286
20250618,600900.SH,20250618,111.36074400000001,111.7610604,39773582.82954291,1912522039.0,751418966058.0,0.259
20250619,600900.SH,20250619,112.088592,111.7974528,35780682.59604005,1716728361.0,751663648236.0,0.233
20250620,600900.SH,20250620,111.7974528,110.632896,35927671.68857755,1716057582.0,743833818566.0,0.2339
20250623,600900.SH,20250623,110.5601112,111.542706,37616940.79263026,1794276498.0,749950872995.0,0.2449
20250624,600900.SH,20250624,111.3971364,111.28795919999999,50436619.646227166,2415321534.0,748238097755.0,0.3284
20250625,600900.SH,20250625,110.9240352,112.3797312,50136369.51028372,2407314283.0,755578563070.0,0.3264
20250626,600900.SH,20250626,112.3797312,113.2167564,45142728.46495858,2189373110.0,761206253145.0,0.2939
20250627,600900.SH,20250627,113.3987184,109.9778328,94330684.19537473,4499854721.0,739429539378.0,0.6142
20250630,600900.SH,20250630,110.0142252,109.6866936,48311714.166906565,2282994819.0,737472081960.0,0.3146
20250701,600900.SH,20250701,109.905048,110.5237188,38048987.6211496,1806986262.0,743099772035.0,0.2477
20250702,600900.SH,20250702,110.632896,110.08701,36582218.59706362,1734049631.0,740163585909.0,0.2382
20250703,600900.SH,20250703,110.1234024,109.5047316,59930987.42922944,2811204131.0,736248671074.0,0.3902
20250704,600900.SH,20250704,109.3955544,109.7594784,43452518.952115916,2048728031.0,737961446315.0,0.2829
20250707,600900.SH,20250707,110.0506176,110.1234024,32516295.94088859,1534745747.0,740408268086.0,0.2117
20250708,600900.SH,20250708,110.1597948,108.88606080000001,68661741.35559607,3219638664.0,732089074063.0,0.4471
20250709,600900.SH,20250709,108.995238,109.1044152,42886684.57921504,2011578386.0,733557167126.0,0.2792
20250710,600900.SH,20250710,109.1772,108.813276,60623935.64277261,2835522287.0,731599709708.0,0.3947
20250711,600900.SH,20250711,108.88606080000001,110.632896,105054204.01113136,4984368453.0,743833818566.0,0.684
20250714,600900.SH,20250714,110.70568080000001,111.3971364,49358485.74992803,2363137312.0,748972144287.0,0.3214
20250715,600900.SH,20250715,111.3971364,110.9240352,35982571.73016025,1714077283.0,745791275984.0,0.2343
20250716,600900.SH,20250716,111.36074400000001,110.4145416,24707383.16860186,1174692478.0,742365725503.0,0.1609
20250717,600900.SH,20250717,110.3417568,109.7594784,39321592.93733807,1855170425.0,737961446315.0,0.256
20250718,600900.SH,20250718,110.1809506,110.031755,38492908.55004318,1774601208.0,721812422622.0,0.2506
20250721,600900.SH,20250721,110.777733,110.06905390000001,49788986.34168186,2301161415.0,722057104799.0,0.3242
20250722,600900.SH,20250722,109.8825594,109.5095704,60387069.05927134,2772595624.0,718386872142.0,0.3932
20250723,600900.SH,20250723,109.69606490000001,108.8381902,68678594.50468604,3142732507.0,713982592953.0,0.4472
20250724,600900.SH,20250724,108.87548910000001,107.9430166,106760559.12740299,4823718576.0,708110220701.0,0.6951
20250725,600900.SH,20250725,107.6446254,107.23433750000001,64535770.71938074,2910198554.0,703461259335.0,0.4202
20250728,600900.SH,20250728,107.23433750000001,106.82404960000001,54022365.096120015,2421911286.0,700769755386.0,0.3517
20250729,600900.SH,20250729,106.7121529,106.7867507,45914987.68512299,2057394625.0,700525073209.0,0.299
20250730,600900.SH,20250730,106.82404960000001,107.047843,62583911.97261939,2814742121.0,702237848449.0,0.4075
20250731,600900.SH,20250731,106.00347380000001,103.8401376,165032036.5927774,7209401327.0,681195181213.0,1.0745
20250801,600900.SH,20250801,103.6536431,104.3996211,62788987.6211496,2738151406.0,684865413871.0,0.4088
20250804,600900.SH,20250804,104.063931,104.9591046,52663130.217829384,2311780582.0,688535646528.0,0.3429
20250805,600900.SH,20250805,104.9591046,104.809909,50356824.3610658,2209870180.0,687556917820.0,0.3279
20250806,600900.SH,20250806,104.77261010000001,104.3250233,73245356.49169946,3198859437.0,684376049517.0,0.4769
20250807,600900.SH,20250807,104.21312660000001,104.6607134,67297236.9894124,2948188366.0,686578189111.0,0.4382
20250808,600900.SH,20250808,104.6607134,103.9147354,52776259.47605796,2304820604.0,681684545568.0,0.3436
20250811,600900.SH,20250811,103.9147354,103.2806541,79554141.31721205,3436843944.0,677524948556.0,0.518
20250812,600900.SH,20250812,103.2806541,103.54174640000001,47543991.299619354,2065281068.0,679237723796.0,0.3096
20250813,600900.SH,20250813,103.5790453,103.0568607,59767576.36823081,2589154700.0,676056855493.0,0.3892
20250814,600900.SH,20250814,103.0195618,103.1687574,65098548.44384736,2824224358.0,676790902025.0,0.4239
20250815,600900.SH,20250815,103.35525190000001,103.0568607,68598812.01420209,2967736757.0,676056855493.0,0.4467
20250818,600900.SH,20250818,103.09415960000001,103.09415960000001,73400630.77759652,3169229161.0,676301537670.0,0.4779
20250819,600900.SH,20250819,103.1314585,103.0568607,73315035.6651633,3172704270.0,676056855493.0,0.4774
20250820,600900.SH,20250820,102.94496400000001,103.2806541,65397394.3639446,2820524963.0,677524948556.0,0.4258
20250821,600900.SH,20250821,103.2806541,103.87743650000002,75446856.66762626,3284359052.0,681439863391.0,0.4912
20250822,600900.SH,20250822,103.9893332,103.95203430000001,66027188.68950517,2866065221.0,681929227745.0,0.4299
20250825,600900.SH,20250825,104.5861156,105.74238150000001,139824459.5848127,6194362996.0,693673972249.0,0.9104
20250826,600900.SH,20250826,105.74238150000001,105.5931859,72329109.8103189,3198022514.0,692695243540.0,0.4709
20250827,600900.SH,20250827,105.3693925,104.2877244,81586804.84918274,3586735277.0,684131367339.0,0.5312
20250828,600900.SH,20250828,104.2504255,103.95203430000001,69920511.1473627,3043101973.0,681929227745.0,0.4553
20250829,600900.SH,20250829,104.063931,104.77261010000001,68278697.50183924,2996376746.0,687312235642.0,0.4446
20250901,600900.SH,20250901,104.809909,103.6536431,79716384.86389662,3468108875.0,679971770328.0,0.519
20250902,600900.SH,20250902,103.317953,105.2201969,112045933.53165083,4918052711.0,690248421768.0,0.7295
20250903,600900.SH,20250903,105.3693925,104.2877244,81331358.47487445,3563092890.0,684131367339.0,0.5296
20250904,600900.SH,20250904,104.21312660000001,105.29479470000001,112495983.75075968,4929530683.0,690737786123.0,0.7325
20250905,600900.SH,20250905,105.03370240000001,104.6980123,68420374.24431436,3006365138.0,686822871288.0,0.4455
20250908,600900.SH,20250908,104.51151780000001,104.9964035,57623413.619934104,2532976861.0,688780328705.0,0.3752
20250909,600900.SH,20250909,105.03370240000001,104.47421890000001,48703983.62281291,2134208194.0,685354778225.0,0.3171
20250910,600900.SH,20250910,104.47421890000001,104.47421890000001,38295418.226017974,1675916918.0,685354778225.0,0.2493
20250911,600900.SH,20250911,104.43692,104.43692,67425810.70274766,2946879049.0,685110096048.0,0.439
20250912,600900.SH,20250912,104.43692,104.1758277,59477856.89153312,2603224928.0,683397320808.0,0.3873
20250915,600900.SH,20250915,104.063931,103.690942,46422734.222563416,2016875299.0,680216452505.0,0.3023
20250916,600900.SH,20250916,103.6536431,103.4298497,36792934.77913188,1594342991.0,678503677265.0,0.2396
20250917,600900.SH,20250917,103.3925508,103.317953,39338946.99804881,1704493488.0,677769630733.0,0.2561
20250918,600900.SH,20250918,103.2806541,101.8632959,92661163.03617695,3975030224.0,668227025824.0,0.6033
20250919,600900.SH,20250919,101.90059480000001,101.453008,46999342.35358091,1999478366.0,665535521875.0,0.306
20250922,600900.SH,20250922,101.08001900000001,101.15461680000001,44578635.44765378,1890783496.0,663578064458.0,0.2903
20250923,600900.SH,20250923,101.15461680000001,101.90059480000001,55815068.931324564,2375221478.0,668471708001.0,0.3634
20250924,600900.SH,20250924,101.75139920000001,101.6395025,55939160.669161625,2391918904.0,666758932761.0,0.3642
20250925,600900.SH,20250925,101.49030690000001,101.7886981,40577844.73658958,1726865388.0,667737661470.0,0.2642
20250926,600900.SH,20250926,101.825997,102.4600783,50800438.85743531,2177282260.0,672141940659.0,0.3308
20250929,600900.SH,20250929,102.31088270000001,101.825997,59305312.98979624,2532328827.0,667982343647.0,0.3861
20250930,600900.SH,20250930,102.01249150000001,101.6395025,39588506.541278824,1686097117.0,666758932761.0,0.2578
20251009,600900.SH,20251009,101.49030690000001,103.2433552,72449802.64210089,3112861218.0,677280266379.0,0.4717
20251010,600900.SH,20251010,103.1314585,103.4298497,45587756.773182355,1973210960.0,678503677265.0,0.2968
20251013,600900.SH,20251013,103.317953,103.6536431,75167591.08210984,3255599090.0,679971770328.0,0.4894
20251014,600900.SH,20251014,103.4671486,104.3996211,87432366.69545469,3807496908.0,684865413871.0,0.5693
20251015,600900.SH,20251015,104.36232220000001,104.1758277,59260038.38403224,2588206846.0,683397320808.0,0.3859
20251016,600900.SH,20251016,103.87743650000002,105.03370240000001,60118027.06074273,2639404753.0,689025010883.0,0.3914
20251017,600900.SH,20251017,104.92180570000001,104.8472079,73378852.95716982,3235603482.0,687801599997.0,0.4778
20251020,600900.SH,20251020,104.88450680000001,104.62341450000001,58486438.281674825,2555513223.0,686333506934.0,0.3808
20251021,600900.SH,20251021,104.43692,104.1012299,51283353.48495026,2239195693.0,682907956454.0,0.3339
20251022,600900.SH,20251022,104.0266321,104.5861156,39611661.0689953,1734320789.0,686088824757.0,0.2579
20251023,600900.SH,20251023,104.5861156,105.29479470000001,50256730.959920675,2215031621.0,690737786123.0,0.3272
20251024,600900.SH,20251024,105.2201969,105.14559910000001,49297895.91529924,2172735273.0,689759057414.0,0.321
20251027,600900.SH,20251027,104.9591046,105.55588700000001,79866062.11815885,3534388258.0,692450561363.0,0.52
20251028,600900.SH,20251028,105.40669140000001,106.15266940000001,46869184.01944791,2082899503.0,696365476197.0,0.3052
20251029,600900.SH,20251029,106.15266940000001,105.5185881,47375045.90090522,2097455018.0,692205879186.0,0.3085
20251030,600900.SH,20251030,105.5185881,106.1899683,55476042.60627579,2465019759.0,696610158375.0,0.3612
20251031,600900.SH,20251031,106.15266940000001,104.809909,75789418.16204458,3332582343.0,687556917820.0,0.4935
20251103,600900.SH,20251103,104.8472079,105.5931859,39265791.51073153,1735602286.0,692695243540.0,0.2557
20251104,600900.SH,20251104,105.5931859,106.67485400000001,67135520.5834373,2995456129.0,699791026678.0,0.4371
20251105,600900.SH,20251105,106.7867507,106.00347380000001,43872382.68880146,1954741549.0,695386747489.0,0.2857
20251106,600900.SH,20251106,105.8915771,106.301865,43113477.27345424,1920939279.0,697344204906.0,0.2807
20251107,600900.SH,20251107,106.33916390000002,106.3764628,35276066.91616288,1572837493.0,697833569260.0,0.2297
20251110,600900.SH,20251110,106.3764628,106.41376170000001,31560924.415443175,1406140642.0,698078251437.0,0.2055
20251111,600900.SH,20251111,106.41376170000001,106.7494518,39994612.161340885,1788389426.0,700280391032.0,0.2604
20251112,600900.SH,20251112,107.047843,106.7121529,40284359.78632889,1810844126.0,700035708855.0,0.2623
20251113,600900.SH,20251113,106.7494518,106.07807160000002,64762053.54572497,2874569006.0,695876111843.0,0.4217
20251114,600900.SH,20251114,106.07807160000002,105.7050826,47828115.024149954,2134920337.0,693429290071.0,0.3114
20251117,600900.SH,20251117,105.81697930000001,105.03370240000001,46418861.27371014,2041952507.0,689025010883.0,0.3022
20251118,600900.SH,20251118,105.03370240000001,104.9964035,37753061.44643828,1664566130.0,688780328705.0,0.2458
20251119,600900.SH,20251119,104.9964035,105.29479470000001,30809430.316988133,1359794725.0,690737786123.0,0.2006
20251120,600900.SH,20251120,105.1083002,104.9591046,36855858.36292102,1624414752.0,688535646528.0,0.24
20251121,600900.SH,20251121,105.0710013,105.03370240000001,58851773.662156545,2591450861.0,689025010883.0,0.3832
20251124,600900.SH,20251124,105.1083002,105.14559910000001,62169061.830278605,2725992366.0,689759057414.0,0.4048
20251125,600900.SH,20251125,105.14559910000001,104.5488167,59485922.01644116,2602515319.0,685844142579.0,0.3873
20251126,600900.SH,20251126,104.5488167,104.21312660000001,42397260.65956562,1854668140.0,683642002985.0,0.2761
20251127,600900.SH,20251127,104.1758277,104.77261010000001,49175885.87147746,2152113661.0,687312235642.0,0.3202
20251128,600900.SH,20251128,104.47421890000001,104.36232220000001,37755856.44371941,1651765723.0,684620731694.0,0.2458
20251201,600900.SH,20251201,104.62341450000001,104.6980123,37266029.491731435,1634524009.0,686822871288.0,0.2426
20251202,600900.SH,20251202,104.5488167,105.40669140000001,47901968.46112017,2111131853.0,691471832654.0,0.3119
20251203,600900.SH,20251203,105.3693925,105.4439903,28506519.527876403,1260442579.0,691716514831.0,0.1856
20251204,600900.SH,20251204,105.55588700000001,105.3320936,24307779.8036017,1072988579.0,690982468300.0,0.1583
20251205,600900.SH,20251205,105.3320936,104.6980123,34863928.60570003,1531066285.0,686822871288.0,0.227
20251208,600900.SH,20251208,104.6980123,103.95203430000001,48252890.6374948,2109155093.0,681929227745.0,0.3142
20251209,600900.SH,20251209,104.1758277,104.3250233,32773698.621373508,1432281938.0,684376049517.0,0.2134
20251210,600900.SH,20251210,104.1758277,104.0266321,37449351.62972204,1634914947.0,682418592099.0,0.2438
20251211,600900.SH,20251211,104.13852880000002,103.9147354,44502206.442120075,1936057504.0,681684545568.0,0.2898
20251212,600900.SH,20251212,103.87743650000002,104.5861156,57493415.219268784,2509907080.0,686088824757.0,0.3743
20251215,600900.SH,20251215,104.3996211,104.5861156,34511475.54617279,1514955530.0,686088824757.0,0.2247
20251216,600900.SH,20251216,104.6607134,104.3250233,43442885.1997569,1896170505.0,684376049517.0,0.2829
20251217,600900.SH,20251217,104.1758277,104.13852880000002,37900145.85932252,1653641726.0,683152638631.0,0.2468
20251218,600900.SH,20251218,104.13852880000002,104.7353112,29696314.49317084,1300956749.0,687067553465.0,0.1934
20251219,600900.SH,20251219,104.5488167,103.87743650000002,51178270.79934747,2233930352.0,681439863391.0,0.3332
20251222,600900.SH,20251222,103.8401376,102.72117060000001,100056547.99603365,4316199315.0,673854715899.0,0.6515
20251223,600900.SH,20251223,102.57197500000001,103.3925508,45385991.10769919,1962122211.0,678258995088.0,0.2955
20251224,600900.SH,20251224,103.35525190000001,103.09415960000001,31983034.257748775,1381469831.0,676301537670.0,0.2082
20251225,600900.SH,20251225,103.0568607,103.09415960000001,19243563.31765985,831149451.0,676301537670.0,0.1253
20251226,600900.SH,20251226,102.9822629,103.09415960000001,30873133.736365672,1332687115.0,676301537670.0,0.201
20251229,600900.SH,20251229,103.09415960000001,102.6465728,44079797.844096854,1897569339.0,673365351544.0,0.287
20251230,600900.SH,20251230,102.57197500000001,101.90059480000001,46332533.66599494,1982353612.0,668471708001.0,0.3017
20251231,600900.SH,20251231,102.01249150000001,101.41570910000002,47527763.81025493,2021839640.0,665290839698.0,0.3095
20260105,600900.SH,20260105,101.453,101.7514,48983866.5515,2084118017.0,667492979292.0,0.3189
20260106,600900.SH,20260106,101.826,102.3482,47240303.8736,2020307561.0,671407894127.0,0.3076
20260107,600900.SH,20260107,102.3482,101.5649,46169718.1972,1970227485.0,666269568407.0,0.3006
20260108,600900.SH,20260108,101.5649,101.6768,30104132.6808,1282365975.0,667003614938.0,0.196
20260109,600900.SH,20260109,101.7141,101.7887,40241469.4687,1713592955.0,667737661470.0,0.262
20260112,600900.SH,20260112,101.7887,102.199,50177880.5617,2145881938.0,670429165418.0,0.3267
20260113,600900.SH,20260113,102.3855,102.0498,50243733.4869,2154672433.0,669450436710.0,0.3271
20260114,600900.SH,20260114,102.3855,99.9984,187282146.9469,7941387446.0,655992916966.0,1.2194
20260115,600900.SH,20260115,100.6324,100.0356,80560053.0979,3382187545.0,656237599143.0,0.5245
20260116,600900.SH,20260116,100.2594,98.9167,152803396.9869,6368509096.0,648897133828.0,0.9949
20260119,600900.SH,20260119,99.2524,99.9611,66994090.7782,2803299152.0,655748234789.0,0.4362
20260120,600900.SH,20260120,99.9611,100.2594,67174216.8058,2822226858.0,657705692206.0,0.4374
20260121,600900.SH,20260121,100.2967,99.1405,74419065.3488,3105540544.0,650365226891.0,0.4846
20260122,600900.SH,20260122,99.1405,98.1334,115654266.0653,4779737327.0,643758808108.0,0.753
20260123,600900.SH,20260123,98.3199,96.9771,134786497.1372,5502988264.0,636173660616.0,0.8776
20260126,600900.SH,20260126,97.1636,96.9025,129782679.8452,5283656766.0,635684296262.0,0.845
20260127,600900.SH,20260127,96.9025422,96.7160477,84049184.65918177,3416663130.0,634460885376.0,0.5473
20260128,600900.SH,20260128,96.7160477,95.6716785,148833931.48450243,5985858969.0,627609784415.0,0.9691
20260129,600900.SH,20260129,95.6716785,97.08903670000001,167369114.92818987,6732321039.0,636907707147.0,1.0898
20260130,600900.SH,20260130,97.1263356,98.31990040000001,143203940.1209097,5906700028.0,644982218994.0,0.9324
20260202,600900.SH,20260202,98.8047861,97.49932460000001,79471365.51194702,3267262732.0,639599211096.0,0.5175
20260203,600900.SH,20260203,97.723118,96.97714,56644477.497361094,2302972625.0,636173660616.0,0.3619
20260204,600900.SH,20260204,96.8652433,98.3944982,61225845.88811054,2512165683.0,645471583348.0,0.3911
20260205,600900.SH,20260205,98.54369380000001,99.21507400000002,66049163.547964044,2739767940.0,650854591246.0,0.422
20260206,600900.SH,20260206,99.21507400000002,98.9166828,46420804.145475484,1922388504.0,648897133828.0,0.2966
20260209,600900.SH,20260209,98.95398170000001,98.69288940000001,43392588.68310782,1792121462.0,647429040765.0,0.2772
20260210,600900.SH,20260210,98.69288940000001,99.1031773,35773982.663212106,1483185481.0,650120544714.0,0.2285
20260211,600900.SH,20260211,99.1404762,98.7674872,34154269.26398618,1412807447.0,647918405120.0,0.2182
20260212,600900.SH,20260212,98.76758170000001,98.2036252,47170288.839842625,1925902011.0,639109846742.0,0.3013
20260213,600900.SH,20260213,98.2412223,97.75246,45775560.88667114,1863613082.0,636173660616.0,0.2924
20260225,600900.SH,20260225,98.0532368,97.6396687,61171963.02338227,2492461852.0,635439614085.0,0.3908
20260226,600900.SH,20260226,97.6772658,97.9028484,39648894.22000448,1611605301.0,637152389325.0,0.2533
20260227,600900.SH,20260227,97.94044550000001,97.9028484,58793962.19172824,2396913236.0,637152389325.0,0.3756
20260302,600900.SH,20260302,98.2036252,99.8954947,116286273.23033617,4815661932.0,650120544714.0,0.7429
20260303,600900.SH,20260303,99.8954947,101.3993787,137257878.64248472,5763725302.0,659907831801.0,0.8769
20260304,600900.SH,20260304,100.76022800000001,101.8505439,112423915.17128874,4731660303.0,662844017926.0,0.7182
20260306,600900.SH,20260306,101.7377526,102.0385294,56192255.381761186,2377351285.0,664067428812.0,0.359
20260309,600900.SH,20260309,102.1137236,102.264112,132746568.78738445,5674816795.0,665535521875.0,0.8481
20260310,600900.SH,20260310,101.54976710000001,102.0761265,76311112.17733423,3217091405.0,664312110989.0,0.4875
20260311,600900.SH,20260311,102.0761265,102.640083,57412625.787672326,2439249557.0,667982343647.0,0.3668
20260312,600900.SH,20260312,102.7152772,103.392025,69024859.41848192,2951508824.0,672875987190.0,0.441
20260313,600900.SH,20260313,103.392025,103.09124820000001,60312592.52151105,2590387280.0,670918529773.0,0.3853
20260316,600900.SH,20260316,103.09124820000001,102.8656656,55787216.19806161,2388063540.0,669450436710.0,0.3564
20260317,600900.SH,20260317,102.7152772,103.35442789999999,54395864.12052586,2338113044.0,672631305013.0,0.3475
20260318,600900.SH,20260318,103.3168308,102.6024859,51197256.821162395,2191462951.0,667737661470.0,0.3271
20260319,600900.SH,20260319,102.5272917,102.4896946,64949480.855963916,2777309817.0,667003614938.0,0.4149
20260320,600900.SH,20260320,102.4896946,102.1889178,54093023.06240604,2299198422.0,665046157521.0,0.3456
20260323,600900.SH,20260323,101.7753497,100.5346454,112418597.06362154,4727621378.0,654280141726.0,0.7182
20260324,600900.SH,20260324,101.13619899999999,101.888141,58264861.33768352,2455035706.0,663088700104.0,0.3722
20260325,600900.SH,20260325,102.0761265,102.30170910000001,55051981.57566452,2335396506.0,665780204052.0,0.3517
20260326,600900.SH,20260326,102.22651490000001,102.6776801,54058388.51037968,2305295042.0,668227025824.0,0.3454
20260327,600900.SH,20260327,102.5648888,102.45209750000001,43854858.4588811,1869448582.0,666758932761.0,0.2802
20260330,600900.SH,20260330,102.45209750000001,102.0385294,44319521.47906471,1880990759.0,664067428812.0,0.2831
20260331,600900.SH,20260331,102.0385294,101.6625584,51344326.52016761,2181329248.0,661620607041.0,0.328
20260401,600900.SH,20260401,101.9633352,101.06100479999999,57965115.95176406,2440214452.0,657705692206.0,0.3703
20260402,600900.SH,20260402,101.13619899999999,101.54976710000001,47330641.97293925,1988851813.0,660886560509.0,0.3024
20260403,600900.SH,20260403,101.51217,100.384257,41984249.75210313,1757122436.0,653301413017.0,0.2682
20260407,600900.SH,20260407,100.4218541,99.5571208,46462066.340402395,1926064162.0,647918405120.0,0.2968
20260408,600900.SH,20260408,99.7075092,99.9330918,51575329.942743815,2138241990.0,650365226891.0,0.3295
20260409,600900.SH,20260409,99.9330918,99.2187469,44223813.4536033,1824031017.0,645716265525.0,0.2825
20260410,600900.SH,20260410,99.5195237,99.256344,42579985.28612097,1756489575.0,645960947702.0,0.272
20260413,600900.SH,20260413,99.2187469,99.33153820000001,40064224.16274829,1648289578.0,646450312057.0,0.2559
20260414,600900.SH,20260414,99.33153820000001,99.33153820000001,44855961.99980808,1848972432.0,646450312057.0,0.2866
20260415,600900.SH,20260415,99.2939411,99.8203005,62090385.4396571,2576891492.0,649631180360.0,0.3967
20260416,600900.SH,20260416,99.8578976,99.8203005,46034350.51018776,1912488030.0,649631180360.0,0.2941
20260417,600900.SH,20260417,99.8203005,99.1811498,53486019.25598951,2214978373.0,645471583348.0,0.3417
20260420,600900.SH,20260420,99.2939411,100.91061640000001,60801457.953491345,2538195456.0,656726963497.0,0.3884
20260421,600900.SH,20260421,100.98581060000001,102.0009323,57859609.76233887,2446267987.0,663822746635.0,0.3696
20260422,600900.SH,20260422,102.0009323,100.98581060000001,47443254.96593417,1997674385.0,657216327852.0,0.3031
20260423,600900.SH,20260423,100.98581060000001,101.3241845,54115599.910437256,2270225989.0,659418467446.0,0.3457
20260424,600900.SH,20260424,101.1737961,100.7978251,36110699.54898762,1514495496.0,655992916966.0,0.2307
20260427,600900.SH,20260427,100.76022800000001,100.23386860000001,35991343.12126155,1504214891.0,652322684309.0,0.2299
20260428,600900.SH,20260428,100.3090628,100.4970483,44820252.055145055,1869479612.0,654035459549.0,0.2863
20260429,600900.SH,20260429,100.4218541,100.6474367,54758736.52560534,2284682165.0,655014188257.0,0.3498
20260430,600900.SH,20260430,101.8505439,102.7152772,122485837.57157022,5218424711.0,668471708001.0,0.7825
20260506,600900.SH,20260506,102.7904714,102.264112,79183030.41934554,3359761259.0,665535521875.0,0.5059
20260507,600900.SH,20260507,102.1889178,101.70015550000001,62264214.56674024,2633218235.0,661865289218.0,0.3978
20260508,600900.SH,20260508,101.7377526,101.51217,51461670.34513642,2173718079.0,660641878332.0,0.3288
20260511,600900.SH,20260511,101.70015550000001,101.54976710000001,65953539.3276397,2787957982.0,660886560509.0,0.4213
20260512,600900.SH,20260512,101.54976710000001,101.6625584,64725863.16092505,2738732723.0,661620607041.0,0.4135
20260513,600900.SH,20260513,101.81294679999999,101.51217,89365666.12289287,3785965443.0,660641878332.0,0.5709
20260514,600900.SH,20260514,101.4369758,101.2865874,70558955.954323,2971318672.0,659173785269.0,0.4508
20260515,600900.SH,20260515,101.13619899999999,101.62496130000001,75971908.0062694,3202012497.0,661375924863.0,0.4853
20260518,600900.SH,20260518,101.6625584,101.0986019,58593077.43978505,2465321894.0,657950374383.0,0.3743
20260519,600900.SH,20260519,101.0986019,102.45209750000001,110395409.90947765,4692289634.0,666758932761.0,0.7053
20260520,600900.SH,20260520,102.45209750000001,101.13619899999999,82163858.87470812,3473080686.0,658195056560.0,0.5249
20260521,600900.SH,20260521,100.98581060000001,100.23386860000001,74599390.33362122,3127663670.0,652322684309.0,0.4766
20260522,600900.SH,20260522,100.4970483,99.8578976,58592467.133672394,2436330692.0,649875862537.0,0.3743
20260525,600900.SH,20260525,100.00828600000001,100.27146570000001,53836415.571122415,2245695731.0,652567366486.0,0.3439
20260526,600900.SH,20260526,100.23386860000001,102.0385294,104054621.11761507,4397744505.0,664067428812.0,0.6648
20260527,600900.SH,20260527,101.7377526,102.4145004,71184172.98403864,3026248640.0,666514250584.0,0.4548
20260528,600900.SH,20260528,102.45209750000001,102.3393062,73350169.84934267,3124821006.0,666024886230.0,0.4686
20260529,600900.SH,20260529,102.264112,104.3319525,136542914.62751496,5888377325.0,678993041619.0,0.8723
20260601,600900.SH,20260601,104.2943554,104.4071467,89100896.26715286,3861503134.0,679482405973.0,0.5692
20260602,600900.SH,20260602,104.59513220000001,105.12149160000001,80451297.70015673,3513868172.0,684131367339.0,0.514
20260603,600900.SH,20260603,104.7079235,104.8583119,73121957.58564436,3168757471.0,682418592099.0,0.4671
20260604,600900.SH,20260604,104.6327293,104.2191612,55974940.984550424,2430916403.0,678258995088.0,0.3576
20260605,600900.SH,20260605,104.2191612,103.8055931,69995562.16613889,3042122314.0,675567491139.0,0.4472
20260608,600900.SH,20260608,103.392025,103.4296221,75530478.20106836,3238081015.0,673120669367.0,0.4825
20260609,600900.SH,20260609,103.4296221,103.8807873,56458815.21287145,2433424842.0,676056855493.0,0.3607
20260610,600900.SH,20260610,103.76799600000001,104.1063699,56776388.06256597,2457850309.0,677524948556.0,0.3627
20260611,600900.SH,20260611,104.1063699,104.8583119,63413626.33144612,2759358768.0,682418592099.0,0.4051
20260612,600900.SH,20260612,104.4071467,106.3245988,95591928.47775325,4191923900.0,691961197008.0,0.6107
20260615,600900.SH,20260615,106.17421039999999,103.6552047,132847876.40341617,5743667948.0,674588762430.0,0.8487
20260616,600900.SH,20260616,103.05365110000001,102.22651490000001,77151456.35415667,3287063796.0,665290839698.0,0.4929
20260617,600900.SH,20260617,102.3393062,101.51217,66176726.48178358,2794894312.0,660641878332.0,0.4228
20260618,600900.SH,20260618,101.2489903,100.23386860000001,82905989.82823145,3466900701.0,652322684309.0,0.5296
20260622,600900.SH,20260622,100.23386860000001,101.2865874,95789186.57838339,4009564149.0,659173785269.0,0.6119
20260623,600900.SH,20260623,101.2489903,101.0234077,75850347.05562486,3206812850.0,657461010029.0,0.4846
20260624,600900.SH,20260624,101.0234077,100.00828600000001,72581692.09608802,3026880697.0,650854591246.0,0.4637
20260625,600900.SH,20260625,99.632315,98.5795962,84564868.3747561,3482768792.0,641556668514.0,0.5402
20260626,600900.SH,20260626,98.69238750000001,100.1962715,82055585.19655824,3395741671.0,652078002131.0,0.5242
20260629,600900.SH,20260629,99.8203005,100.91061640000001,78852257.30096279,3286300313.0,656726963497.0,0.5037
20260630,600900.SH,20260630,100.4218541,99.5195237,65430478.84080222,2712032641.0,647673722943.0,0.418
20260701,600900.SH,20260701,99.40673240000001,100.15867440000001,58177242.10728337,2417436712.0,651833319954.0,0.3717
20260702,600900.SH,20260702,100.7226309,101.3241845,89598121.7413556,3761292696.0,659418467446.0,0.5724
20260703,600900.SH,20260703,101.3617816,101.70015550000001,65780204.714838624,2779267352.0,661865289218.0,0.4202
20260706,600900.SH,20260706,101.1737961,102.22651490000001,59148342.129674055,2502075780.0,665290839698.0,0.3779
20260707,600900.SH,20260707,102.22651490000001,103.05365110000001,81132348.14317244,3460604485.0,670673847596.0,0.5183
20260708,600900.SH,20260708,102.9408598,104.6327293,105456299.13955794,4582942182.0,680950499036.0,0.6737
20260709,600900.SH,20260709,104.143967,104.4071467,74234677.41419569,3214016729.0,679482405973.0,0.4742
20260710,600900.SH,20260710,104.3319525,105.38467130000001,94088408.02226274,4103252830.0,685844142579.0,0.6011
20260713,600900.SH,20260713,105.0087003,106.85095820000001,128464455.74640949,5671275769.0,695386747489.0,0.8207
20260714,600900.SH,20260714,106.775764,107.33972050000001,101871866.42356779,4530406161.0,698567615792.0,0.6508
20260715,600900.SH,20260715,106.775764,107.8284828,76359199.69292773,3415566785.0,701748484095.0,0.4878
20260716,600900.SH,20260716,107.71569149999999,106.17421039999999,93473731.88753478,4139610581.0,690982468300.0,0.5972
20240102,601166.SH,20240102,75.818964,75.361611,38232884.81481481,1531209521.0,308082723488.0,0.4969
20240103,601166.SH,20240103,74.955075,74.599356,28347602.962962963,1121674839.0,304966604769.0,0.3684
20240104,601166.SH,20240104,74.497722,74.29445399999999,23378927.777777776,920725273.0,303720147256.0,0.3039
20240105,601166.SH,20240105,74.091186,75.25997699999999,38273791.48148148,1529703912.0,307667262713.0,0.4974
20240108,601166.SH,20240108,74.853441,74.70098999999999,26127858.888888888,1039081741.0,305382090607.0,0.3396
20240109,601166.SH,20240109,74.650173,74.599356,17921325.925925925,709084182.0,304966604769.0,0.2329
20240110,601166.SH,20240110,74.497722,74.24363699999999,12111379.25925926,478703796.0,303512404338.0,0.1574
20240111,601166.SH,20240111,74.19282,74.497722,15336648.148148147,606261166.0,304551118931.0,0.1993
20240112,601166.SH,20240112,74.24363699999999,74.650173,12789091.481481481,507242874.0,305174347688.0,0.1662
20240115,601166.SH,20240115,74.39608799999999,74.853441,13258746.666666666,527160351.0,306005319363.0,0.1723
20240116,601166.SH,20240116,74.751807,75.86978099999999,26107168.51851852,1044859855.0,310160177739.0,0.3393
20240117,601166.SH,20240117,75.71732999999999,75.25997699999999,32284937.407407407,1303277271.0,307667262713.0,0.4196
20240118,601166.SH,20240118,75.107526,76.682853,40810723.33333333,1632187994.0,313484064439.0,0.5304
20240119,601166.SH,20240119,76.27631699999999,76.98775499999999,27156865.185185183,1106222394.0,314730521952.0,0.353
20240122,601166.SH,20240122,76.936938,77.24184,45012660.370370366,1856429204.0,315769236546.0,0.585
20240123,601166.SH,20240123,76.784487,76.73366999999999,22690628.148148146,924752932.0,313691807358.0,0.2949
20240124,601166.SH,20240124,77.24184,77.75001,22792892.59259259,935500519.0,317846665733.0,0.2962
20240125,601166.SH,20240125,78.00409499999999,78.613899,25512314.07407407,1062050858.0,321378295353.0,0.3316
20240126,601166.SH,20240126,78.613899,79.477788,33823675.55555555,1422533468.0,324909924972.0,0.4396
20240129,601166.SH,20240129,79.579422,79.88432399999999,27300407.037037037,1158690207.0,326571868322.0,0.3548
20240130,601166.SH,20240130,79.63023899999999,79.528605,25834717.407407407,1097050489.0,325117667891.0,0.3358
20240131,601166.SH,20240131,79.37615399999999,79.935141,25731407.777777776,1091088491.0,326779611241.0,0.3344
20240201,601166.SH,20240201,79.681056,79.833507,24968823.333333332,1056715002.0,326364125403.0,0.3245
20240202,601166.SH,20240202,80.03677499999999,79.833507,32507920.74074074,1375887234.0,326364125403.0,0.4225
20240205,601166.SH,20240205,79.833507,80.49412799999999,42078118.518518515,1788532466.0,329064783348.0,0.5469
20240206,601166.SH,20240206,80.49412799999999,80.90066399999999,36767426.29629629,1573462659.0,330726726698.0,0.4779
20240207,601166.SH,20240207,81.154749,81.154749,48687070.0,2082308605.0,331765441292.0,0.6328
20240208,601166.SH,20240208,80.849847,81.561285,32944683.333333332,1418512812.0,333427384642.0,0.4282
20240219,601166.SH,20240219,81.76455299999999,82.22190599999999,25567420.74074074,1111668885.0,336128042586.0,0.3323
20240220,601166.SH,20240220,82.120272,82.32354,22769245.925925925,995065043.0,336543528424.0,0.2959
20240221,601166.SH,20240221,82.32354,84.711939,48770733.7037037,2187425790.0,346307445606.0,0.6339
20240222,601166.SH,20240222,84.61030499999998,85.37256,26384611.11111111,1192386568.0,349008103550.0,0.3429
20240223,601166.SH,20240223,85.3217,85.6775,22574126.2963,1029934870.0,350254561063.0,0.2934
20240226,601166.SH,20240226,85.5758,83.7464,30755095.1852,1377716806.0,342360330149.0,0.3997
20240227,601166.SH,20240227,83.3907,84.1021,17387084.0741,775387286.0,343814530581.0,0.226
20240228,601166.SH,20240228,84.1021,84.0005,27721545.1852,1238250887.0,343399044743.0,0.3603
20240229,601166.SH,20240229,83.7464,84.6103,24452261.1111,1097385683.0,345891959769.0,0.3178
20240301,601166.SH,20240301,84.4579,84.2546,18022336.2963,806409194.0,344437759337.0,0.2342
20240304,601166.SH,20240304,83.9497,83.3907,20249349.2593,898879531.0,340906129718.0,0.2632
20240305,601166.SH,20240305,83.1366,84.407,26179492.5926,1169988932.0,345060988094.0,0.3403
20240306,601166.SH,20240306,84.407,83.848,17458042.2222,782540795.0,342775815987.0,0.2269
20240307,601166.SH,20240307,83.848,83.8989,15523045.1852,692828864.0,342983558906.0,0.2018
20240308,601166.SH,20240308,83.7972,83.7464,12759930.0,567763417.0,342360330149.0,0.1658
20240311,601166.SH,20240311,83.6956,83.848,15470186.2963,687747909.0,342775815987.0,0.2011
20240312,601166.SH,20240312,83.7464,83.7972,20547955.5556,917102705.0,342568073068.0,0.2671
20240313,601166.SH,20240313,83.7464,82.8825,19729883.3333,871129913.0,338828700530.0,0.2564
20240314,601166.SH,20240314,82.7301,82.7809,11464559.6296,505216549.0,338413214693.0,0.149
20240315,601166.SH,20240315,82.9842,83.2891,17068697.037,753946838.0,340490643880.0,0.2218
20240318,601166.SH,20240318,83.035,83.1874,11243330.7407,496928565.0,340075158043.0,0.1461
20240319,601166.SH,20240319,83.0858,82.2727,15149159.2593,665251988.0,336335785505.0,0.1969
20240320,601166.SH,20240320,82.2219,82.7301,10925385.9259,478904463.0,338205471774.0,0.142
20240321,601166.SH,20240321,82.6284,82.9842,13350948.8889,589404375.0,339244186368.0,0.1735
20240322,601166.SH,20240322,82.9333,82.6793,14982351.1111,657209406.0,337997728855.0,0.1947
20240325,601166.SH,20240325,82.5776,82.7809,13447133.3333,592057459.0,338413214693.0,0.1748
20240326,601166.SH,20240326,82.9842,83.6448,18455637.4074,817632036.0,341944844312.0,0.2399
20240327,601166.SH,20240327,83.7464,84.3054,20723337.037,927670325.0,344645502256.0,0.2693
20240328,601166.SH,20240328,84.1021,82.5776,30857022.963,1361216366.0,337582243018.0,0.401
20240329,601166.SH,20240329,79.8843,80.1892,42965468.5185,1827805865.0,327818325835.0,0.5584
20240401,601166.SH,20240401,80.2909,80.4433,34308968.8889,1475593666.0,328857040429.0,0.4459
20240402,601166.SH,20240402,80.3925,79.2237,42924346.6667,1813352671.0,323871210378.0,0.5579
20240403,601166.SH,20240403,78.9696,78.309,31121898.5185,1297308590.0,320131932088.0,0.4045
20240408,601166.SH,20240408,78.1565,78.6647,24906880.3704,1039260091.0,321586132947.0,0.3237
20240409,601166.SH,20240409,78.6647,78.5631,20333151.4815,850765779.0,321170646987.0,0.2643
20240410,601166.SH,20240410,78.6139,79.8843,34219375.5556,1449679163.0,326571964466.0,0.4447
20240411,601166.SH,20240411,79.5794,79.5286,18021527.7778,759961021.0,325117763606.0,0.2342
20240412,601166.SH,20240412,79.3253,78.7155,22807971.4815,960877560.0,321793875927.0,0.2964
20240415,601166.SH,20240415,78.7663,80.1384,26300525.1852,1116502928.0,327610679365.0,0.3418
20240416,601166.SH,20240416,79.8335,80.9515,34247475.5556,1468990593.0,330934567044.0,0.4451
20240417,601166.SH,20240417,80.8498,82.2219,33701334.4444,1454346980.0,336128141543.0,0.438
20240418,601166.SH,20240418,81.9678,82.8317,33038999.6296,1456591819.0,338621057302.0,0.4294
20240419,601166.SH,20240419,82.5776,82.2219,19471221.1111,853968808.0,336128141543.0,0.2531
20240422,601166.SH,20240422,82.476,81.9678,20029997.7778,875640308.0,335089426643.0,0.2603
20240423,601166.SH,20240423,82.2727,81.3072,20211535.5556,878090658.0,332388767904.0,0.2627
20240424,601166.SH,20240424,81.6121,80.8498,15709085.1852,675628196.0,330519081085.0,0.2042
20240425,601166.SH,20240425,80.799,82.1711,20296469.2593,880060483.0,335920398563.0,0.2638
20240426,601166.SH,20240426,82.1711,83.4923,46981299.2593,2081038687.0,341321716041.0,0.6106
20240429,601166.SH,20240429,83.4923,85.0677,40780907.037,1840493578.0,347761748420.0,0.53
20240430,601166.SH,20240430,85.0677,85.6266,28553529.2593,1297231161.0,350046921199.0,0.3711
20240506,601166.SH,20240506,86.3889,85.4742,29848829.2593,1365442097.0,349423692259.0,0.3879
20240507,601166.SH,20240507,85.525,85.4742,22469619.2593,1015797233.0,349423692259.0,0.292
20240508,601166.SH,20240508,85.2201,85.2709,16349747.7778,741927576.0,348592720339.0,0.2125
20240509,601166.SH,20240509,85.1185,85.6775,14942471.8519,680501977.0,350254664179.0,0.1942
20240510,601166.SH,20240510,85.7283,86.7446,26952690.0,1238433388.0,354617266758.0,0.3503
20240513,601166.SH,20240513,86.643,87.202,18593405.1852,858081817.0,356486953577.0,0.2417
20240514,601166.SH,20240514,87.3544,86.9987,16087999.6296,744158672.0,355655981657.0,0.2091
20240515,601166.SH,20240515,86.9987,86.4397,16767056.6667,770796746.0,353370808878.0,0.2179
20240516,601166.SH,20240516,86.5922,88.3199,34398086.2963,1608263383.0,361057299136.0,0.4471
20240517,601166.SH,20240517,88.5232,89.9461,32421985.5556,1534187821.0,367705074494.0,0.4214
20240520,601166.SH,20240520,89.9969,90.7592,36142443.7037,1751096246.0,371028962173.0,0.4697
20240521,601166.SH,20240521,90.5559,91.6231,25375564.8148,1232272992.0,374560592832.0,0.3298
20240522,601166.SH,20240522,91.6231,92.3853,28669083.3333,1408261082.0,377676737531.0,0.3726
20240523,601166.SH,20240523,92.182,92.0296,23227692.5926,1135837029.0,376222536671.0,0.3019
20240524,601166.SH,20240524,91.7755,90.9116,23207815.1852,1128934015.0,371652191113.0,0.3016
20240527,601166.SH,20240527,91.2165,92.6394,28826623.3333,1413720872.0,378715452431.0,0.3747
20240528,601166.SH,20240528,92.6902,93.0967,23470645.5556,1158762077.0,380585139250.0,0.305
20240529,601166.SH,20240529,92.9951,91.8263,27318819.6296,1340396630.0,375391564752.0,0.3551
20240530,601166.SH,20240530,91.5214,91.1657,25216481.1111,1224699989.0,372690906012.0,0.3277
20240531,601166.SH,20240531,91.3181,90.9116,24957865.5556,1208476636.0,371652191113.0,0.3244
20240603,601166.SH,20240603,90.9116,90.4543,21813321.1111,1047157637.0,369782504293.0,0.2835
20240604,601166.SH,20240604,90.3018,90.2002,18245322.963,877685395.0,368743789394.0,0.2371
20240605,601166.SH,20240605,90.3526,89.1838,20341579.2593,966295316.0,364588929795.0,0.2644
20240606,601166.SH,20240606,89.3363,89.2855,16119931.8519,766405052.0,365004415755.0,0.2095
20240607,601166.SH,20240607,89.5904,89.0822,17132632.2222,812751902.0,364173443835.0,0.2227
20240611,601166.SH,20240611,88.7773,88.4724,19701718.8889,927094075.0,361680528076.0,0.2561
20240612,601166.SH,20240612,88.7265,87.8118,16773471.1111,782383273.0,358979869336.0,0.218
20240613,601166.SH,20240613,88.0659,87.2528,12008199.6296,558948158.0,356694696557.0,0.1561
20240614,601166.SH,20240614,87.3036,88.7265,24426577.4074,1146278334.0,362719242975.0,0.3175
20240617,601166.SH,20240617,88.5232,88.2183,15967882.2222,748090527.0,360641813176.0,0.2075
20240618,601166.SH,20240618,88.2691,88.3708,13289379.2593,624725109.0,361265042116.0,0.1727
20240619,601166.SH,20240619,88.574,89.5396,18758902.5926,889955996.0,366043130654.0,0.2438
20240620,601166.SH,20240620,89.5904,87.9134,13578371.8519,637518360.0,359395355296.0,0.1765
20240621,601166.SH,20240621,87.8626,88.1675,18051481.1111,841993988.0,360434070196.0,0.2346
20240624,601166.SH,20240624,88.1167,88.5232,17440072.5926,817232721.0,361888271055.0,0.2267
20240625,601166.SH,20240625,88.4216,88.015,17766315.5556,833153284.0,359810841256.0,0.2309
20240626,601166.SH,20240626,87.9134,88.0659,13083396.2963,612133583.0,360018584236.0,0.17
20240627,601166.SH,20240627,88.0659,88.6757,18464779.6296,867284131.0,362511499995.0,0.24
20240628,601166.SH,20240628,88.9298,89.5396,22970437.4074,1092763998.0,366043130654.0,0.2985
20240701,601166.SH,20240701,89.5904,90.2002,16088598.8889,771876604.0,368743789394.0,0.2091
20240702,601166.SH,20240702,89.9461,91.0641,18418329.2593,889668345.0,372275461304.0,0.2394
20240703,601166.SH,20240703,91.0641,89.9461,15766177.4074,755992046.0,367705115239.0,0.2049
20240704,601166.SH,20240704,89.9461,89.5396,16432860.3704,783546250.0,366043171216.0,0.2136
20240705,601166.SH,20240705,89.8445,87.3544,32728733.3333,1525780380.0,357110222088.0,0.4254
20240708,601166.SH,20240708,87.3036,87.8118,25754875.1852,1201323000.0,358979909115.0,0.3347
20240709,601166.SH,20240709,88.0821,88.8391,29772371.4815,1312625849.0,341321753863.0,0.3869
20240710,601166.SH,20240710,88.7851,89.8124,17451126.6667,782631035.0,345061127917.0,0.2268
20240711,601166.SH,20240711,90.1909,89.1095,18489030.7407,824208646.0,342360468878.0,0.2403
20240712,601166.SH,20240712,89.1636,91.2724,22055006.6667,1000399227.0,350670188996.0,0.2866
20240715,601166.SH,20240715,91.0561,92.0834,17234312.963,791436968.0,353786334041.0,0.224
20240716,601166.SH,20240716,92.2456,91.9212,15402357.037,706728877.0,353163105032.0,0.2002
20240717,601166.SH,20240717,91.9753,93.0026,23960795.1852,1111145753.0,357317965091.0,0.3114
20240718,601166.SH,20240718,93.3271,92.4619,20289593.3333,938632652.0,355240535062.0,0.2637
20240719,601166.SH,20240719,92.4619,92.6241,28278667.7778,1300673726.0,355863764070.0,0.3675
20240722,601166.SH,20240722,92.6241,90.7316,22704699.6296,1030211546.0,348592758967.0,0.2951
20240723,601166.SH,20240723,90.7857,91.5968,22870985.9259,1050712551.0,351916647014.0,0.2973
20240724,601166.SH,20240724,91.4886,91.002,17204881.4815,782387489.0,349631473982.0,0.2236
20240725,601166.SH,20240725,91.3264,90.3531,19338211.8519,872658713.0,347138557946.0,0.2513
20240726,601166.SH,20240726,90.4072,89.1636,18014995.9259,803412417.0,342568211881.0,0.2341
20240729,601166.SH,20240729,89.3799,90.4072,14884543.7037,670230381.0,347346300949.0,0.1935
20240730,601166.SH,20240730,90.4072,90.245,16157030.0,728499233.0,346723071940.0,0.21
20240731,601166.SH,20240731,90.1909,90.5694,16585865.9259,750483958.0,347969529958.0,0.2156
20240801,601166.SH,20240801,90.4072,89.9746,15341502.5926,691208548.0,345684356925.0,0.1994
20240802,601166.SH,20240802,89.7584,89.3258,12893545.5556,576136708.0,343191440890.0,0.1676
20240805,601166.SH,20240805,89.2176,88.5688,18075117.037,803772491.0,340283038848.0,0.2349
20240806,601166.SH,20240806,88.9473,87.6496,17562463.7037,770943872.0,336751407798.0,0.2283
20240807,601166.SH,20240807,87.6496,88.2444,13277754.4444,586381567.0,339036580831.0,0.1726
20240808,601166.SH,20240808,88.3525,88.8932,8622852.5926,381850528.0,341529496866.0,0.1121
20240809,601166.SH,20240809,88.9473,88.5147,10567039.6296,468732282.0,340075295846.0,0.1373
20240812,601166.SH,20240812,88.3525,88.0281,7825494.0741,344703361.0,338205608819.0,0.1017
20240813,601166.SH,20240813,88.0821,88.2444,8434087.037,371531150.0,339036580831.0,0.1096
20240814,601166.SH,20240814,88.2444,88.0281,8581363.7037,378249117.0,338205608819.0,0.1115
20240815,601166.SH,20240815,88.0281,89.7043,17911873.7037,798057186.0,344645641911.0,0.2328
20240816,601166.SH,20240816,89.9206,90.4072,13312007.037,600122183.0,347346300949.0,0.173
20240819,601166.SH,20240819,90.5694,91.6509,14565132.2222,663910695.0,352124390017.0,0.1893
20240820,601166.SH,20240820,91.8131,91.0561,14318684.4444,651857332.0,349839216985.0,0.1861
20240821,601166.SH,20240821,90.8398,90.6776,15712434.8148,709857715.0,348385015964.0,0.2042
20240822,601166.SH,20240822,90.7857,90.9479,16323000.7407,741642613.0,349423730979.0,0.2121
20240823,601166.SH,20240823,91.4346,93.6515,40974694.0741,1897573157.0,359810881127.0,0.5325
20240826,601166.SH,20240826,93.7056,94.5166,24792608.1481,1165413800.0,363134769174.0,0.3222
20240827,601166.SH,20240827,94.5166,93.7056,14686348.8889,690609753.0,360018624130.0,0.1909
20240828,601166.SH,20240828,94.03,93.0567,17802919.6296,828119882.0,357525708094.0,0.2314
20240829,601166.SH,20240829,93.273,90.245,26792220.7407,1218072375.0,346723071940.0,0.3482
20240830,601166.SH,20240830,90.245,89.2717,31065089.2593,1399845902.0,342983697887.0,0.4037
20240902,601166.SH,20240902,89.3799,89.2176,19866624.0741,889182346.0,342775954884.0,0.2582
20240903,601166.SH,20240903,89.2176,88.4606,21479995.5556,944222039.0,339867552843.0,0.2792
20240904,601166.SH,20240904,88.2984,87.8118,16394514.8148,721817887.0,337374636807.0,0.2131
20240905,601166.SH,20240905,87.8659,88.1362,15444967.4074,677519268.0,338621094825.0,0.2007
20240906,601166.SH,20240906,88.1903,88.6229,14986937.4074,667442013.0,340490781851.0,0.1948
20240909,601166.SH,20240909,88.6229,86.3519,24191209.6296,1053913071.0,331765575727.0,0.3144
20240910,601166.SH,20240910,86.5141,86.8926,15024883.7037,647381624.0,333843005757.0,0.1953
20240911,601166.SH,20240911,86.6763,85.4327,18445941.4815,788264750.0,328233944677.0,0.2397
20240912,601166.SH,20240912,85.5949,86.6763,14159620.0,610272857.0,333012033745.0,0.184
20240913,601166.SH,20240913,86.9467,86.3519,10461030.7407,453748615.0,331765575727.0,0.136
20240918,601166.SH,20240918,86.3519,86.8926,10941243.7037,472924034.0,333843005757.0,0.1422
20240919,601166.SH,20240919,87.0548,86.7844,13559760.0,586746100.0,333427519751.0,0.1762
20240920,601166.SH,20240920,86.8926,87.8659,21410990.0,935535705.0,337582379810.0,0.2783
20240923,601166.SH,20240923,87.7036,89.5421,15824154.8148,703072336.0,344022412902.0,0.2057
20240924,601166.SH,20240924,90.1369,92.8945,39568888.5185,1810059407.0,356902479085.0,0.5143
20240925,601166.SH,20240925,94.4085,95.1655,47186307.7778,2241514400.0,365627685210.0,0.6133
20240926,601166.SH,20240926,95.1655,99.7615,62197649.2593,3035615414.0,383285840461.0,0.8084
20240927,601166.SH,20240927,101.654,99.1668,31794470.7407,1580453458.0,381000667429.0,0.4132
20240930,601166.SH,20240930,102.1948,104.1954,89425073.3333,4580033744.0,400320766704.0,1.1622
20241008,601166.SH,20241008,113.5497,108.1967,90605799.2593,4937408994.0,415693748923.0,1.1776
20241009,601166.SH,20241009,107.656,100.6267,62163888.5185,3238293977.0,386609755028.0,0.8079
20241010,601166.SH,20241010,102.2488,104.8983,58148276.2963,3039399683.0,403021453387.0,0.7557
20241011,601166.SH,20241011,104.4117,102.7355,37070546.2963,1929354615.0,394711732699.0,0.4818
20241014,601166.SH,20241014,104.1954,106.3042,53156117.4074,2824227676.0,408422771835.0,0.6909
20241015,601166.SH,20241015,106.142,104.628,33020386.2963,1755933651.0,401982738301.0,0.4292
20241016,601166.SH,20241016,103.8169,107.9263,49262895.9259,2637796170.0,414655062351.0,0.6403
20241017,601166.SH,20241017,107.9263,105.8175,30989853.7037,1658860163.0,406553084680.0,0.4028
20241018,601166.SH,20241018,106.0879,105.9797,35136912.5926,1848841829.0,407176313732.0,0.4567
20241021,601166.SH,20241021,105.8175,103.9791,42671052.2222,2205819432.0,399489822095.0,0.5546
20241022,601166.SH,20241022,103.4384,103.4925,21247094.0741,1100885151.0,397620134940.0,0.2761
20241023,601166.SH,20241023,103.4384,103.6006,19683160.0,1018325827.0,398035620974.0,0.2558
20241024,601166.SH,20241024,103.2762,103.6547,13778447.037,713420095.0,398243363992.0,0.1791
20241025,601166.SH,20241025,103.9791,103.4925,17571357.037,907853416.0,397620134940.0,0.2284
20241028,601166.SH,20241028,103.114,102.8436,23723104.8148,1211045476.0,395127218733.0,0.3083
20241029,601166.SH,20241029,102.8977,102.7895,22357682.5926,1151369819.0,394919475716.0,0.2906
20241030,601166.SH,20241030,102.2488,101.4918,21504914.8148,1093679490.0,389933643303.0,0.2795
20241031,601166.SH,20241031,100.0319,98.8423,51426191.8519,2531356490.0,379754235460.0,0.6684
20241101,601166.SH,20241101,98.4638,98.8964,29392377.7778,1458761489.0,379961978477.0,0.382
20241104,601166.SH,20241104,99.1127,99.0046,21674594.4444,1064209911.0,380377464512.0,0.2817
20241105,601166.SH,20241105,98.8964,99.4912,32015331.4815,1582687287.0,382247151666.0,0.4161
20241106,601166.SH,20241106,99.4371,99.1127,33545594.8148,1662295812.0,380792950546.0,0.436
20241107,601166.SH,20241107,99.383,102.2488,35339890.3704,1780805388.0,392842045544.0,0.4593
20241108,601166.SH,20241108,102.411,101.1133,31859187.4074,1617922761.0,388479442183.0,0.4141
20241111,601166.SH,20241111,100.0319,99.383,30347797.4074,1503980594.0,381831665632.0,0.3944
20241112,601166.SH,20241112,99.2208,98.0313,30040742.963,1484547091.0,376638090202.0,0.3904
20241113,601166.SH,20241113,97.9772,98.1394,21608119.2593,1059457764.0,377053576236.0,0.2808
20241114,601166.SH,20241114,97.9231,98.3557,25091662.5926,1237263313.0,377884548305.0,0.3261
20241115,601166.SH,20241115,98.2476,97.5987,26431830.7407,1297804346.0,374976146064.0,0.3435
20241118,601166.SH,20241118,98.4098,100.086,62293351.4815,3137214797.0,384532324856.0,0.8096
20241119,601166.SH,20241119,100.086,99.1127,36470099.2593,1813886974.0,380792950546.0,0.474
20241120,601166.SH,20241120,99.2208,98.5179,23709314.0741,1168660688.0,378507777357.0,0.3081
20241121,601166.SH,20241121,98.4638,98.6261,16293105.9259,800507808.0,378923263391.0,0.2118
20241122,601166.SH,20241122,98.6801,96.2469,31423753.7037,1528594115.0,369782570634.0,0.4084
20241125,601166.SH,20241125,96.8417,96.0306,23898528.5185,1152007049.0,368951598565.0,0.3106
20241126,601166.SH,20241126,95.9766,97.1121,23135269.2593,1117604825.0,373106458909.0,0.3007
20241127,601166.SH,20241127,97.058,97.9231,17745488.8889,861930830.0,376222604167.0,0.2306
20241128,601166.SH,20241128,97.9231,97.4906,17666235.9259,860265921.0,374560660030.0,0.2296
20241129,601166.SH,20241129,97.6528,97.5987,26230434.4444,1283874387.0,374976146064.0,0.3409
20241202,601166.SH,20241202,97.5987,98.3557,21521017.037,1054504292.0,377884548305.0,0.2797
20241203,601166.SH,20241203,98.3016,99.7615,27592128.8889,1366282520.0,383285866752.0,0.3586
20241204,601166.SH,20241204,99.7075,99.5993,24902579.6296,1236105440.0,382662637701.0,0.3237
20241205,601166.SH,20241205,99.2749,98.7342,16204885.5556,801362236.0,379338749425.0,0.2106
20241206,601166.SH,20241206,98.8964,99.9778,26026081.8519,1299008438.0,384116838821.0,0.3383
20241209,601166.SH,20241209,99.9778,100.2482,21633113.7037,1083046249.0,385155553907.0,0.2812
20241210,601166.SH,20241210,102.0866,101.0052,34771325.1852,1765951572.0,388063956148.0,0.4519
20241211,601166.SH,20241211,101.2755,100.3023,23212838.1481,1167835259.0,385363296925.0,0.3017
20241212,601166.SH,20241212,100.3563,101.3837,25636460.0,1295469381.0,389518157269.0,0.3332
20241213,601166.SH,20241213,101.0052,98.1394,41924688.8889,2077707803.0,377053576236.0,0.5449
20241216,601166.SH,20241216,98.3016,98.5179,20154681.8519,994405812.0,378507777357.0,0.2619
20241217,601166.SH,20241217,98.4098,99.2749,21127221.4815,1045432811.0,381416179598.0,0.2746
20241218,601166.SH,20241218,99.5453,100.5726,25643634.4444,1287280649.0,386402012011.0,0.3333
20241219,601166.SH,20241219,100.086,100.2482,20306463.7037,1017992068.0,385155553907.0,0.2639
20241220,601166.SH,20241220,100.1941,100.14,24194070.7407,1212612448.0,384740067873.0,0.3144
20241223,601166.SH,20241223,100.14,101.7622,35982798.1481,1826675952.0,390972358389.0,0.4677
20241224,601166.SH,20241224,101.8163,102.6273,30637442.2222,1567185949.0,394296246665.0,0.3982
20241225,601166.SH,20241225,102.7895,103.7628,27602732.2222,1428014497.0,398658850026.0,0.3587
20241226,601166.SH,20241226,103.6006,103.925,21406887.7778,1107808095.0,399282079078.0,0.2782
20241227,601166.SH,20241227,103.9791,104.628,26252760.3704,1362339588.0,401982738301.0,0.3412
20241230,601166.SH,20241230,104.682,105.7094,26824088.5185,1413955420.0,406137598646.0,0.3486
20241231,601166.SH,20241231,105.385,103.6006,30124666.6667,1576099345.0,398035620974.0,0.3915
20250102,601166.SH,20250102,103.87096730000002,102.30289960000002,35232488.88888889,1813631030.0,393049788561.0,0.4579
20250103,601166.SH,20250103,102.35697090000001,102.30289960000002,27293081.48148148,1396707839.0,393049909366.0,0.3547
20250106,601166.SH,20250106,102.78954130000001,103.87096730000002,31269278.518518515,1607370452.0,399074458716.0,0.4064
20250107,601166.SH,20250107,103.5465395,105.0605359,25726438.148148146,1345436696.0,403644806500.0,0.3344
20250108,601166.SH,20250108,105.0605359,106.19603320000002,31275654.07407407,1657569915.0,408007411202.0,0.4065
20250109,601166.SH,20250109,106.4123184,106.0338193,23746825.185185183,1256237827.0,407384181959.0,0.3086
20250110,601166.SH,20250110,106.30417580000001,105.87160539999999,24080645.925925925,1276377685.0,406760952715.0,0.313
20250113,601166.SH,20250113,105.11460720000001,104.3035377,23655727.407407407,1233913738.0,400736403365.0,0.3074
20250114,601166.SH,20250114,104.5198229,106.0338193,28799737.407407407,1520370698.0,407384181959.0,0.3743
20250115,601166.SH,20250115,106.1419619,107.06117400000001,29026417.037037034,1558636309.0,411331300499.0,0.3773
20250116,601166.SH,20250116,108.14260000000002,108.0885287,26047523.333333332,1402327987.0,415278419039.0,0.3385
20250117,601166.SH,20250117,108.03445740000001,107.601887,18986204.074074075,1021581920.0,413408731309.0,0.2468
20250120,601166.SH,20250120,108.3588852,107.4937444,20799378.148148146,1123410009.0,412993245147.0,0.2703
20250121,601166.SH,20250121,107.87224350000001,107.92631480000001,21244945.555555556,1148553367.0,414655189796.0,0.2761
20250122,601166.SH,20250122,108.0885287,105.49310630000002,26038139.259259257,1382211998.0,405306751148.0,0.3384
20250123,601166.SH,20250123,106.30417580000001,108.89959820000001,36819858.14814815,1990190420.0,418394565255.0,0.4785
20250124,601166.SH,20250124,108.5751704,109.3862399,26720287.037037037,1456724896.0,420264252984.0,0.3473
20250127,601166.SH,20250127,109.87288160000001,109.8188103,24809278.51851852,1362916304.0,421926197633.0,0.3224
20250205,601166.SH,20250205,110.7380224,108.84552690000001,21089398.148148146,1149678062.0,418186822174.0,0.2741
20250206,601166.SH,20250206,108.62924170000001,109.4403112,19626851.48148148,1069537147.0,420471996065.0,0.2551
20250207,601166.SH,20250207,109.1158834,108.79145560000002,22970255.555555556,1249717763.0,417979079093.0,0.2985
20250210,601166.SH,20250210,108.79145560000002,110.03509550000001,28572499.259259257,1573384870.0,422757169957.0,0.3714
20250211,601166.SH,20250211,110.0891668,110.03509550000001,16107467.777777776,886753997.0,422757169957.0,0.2093
20250212,601166.SH,20250212,110.305452,112.46830400000002,26904448.51851852,1495854752.0,432105608605.0,0.3497
20250213,601166.SH,20250213,112.25201880000002,112.0357336,16933883.7037037,950467992.0,430443663956.0,0.2201
20250214,601166.SH,20250214,112.19794750000001,114.41487080000002,30037321.48148148,1701541632.0,439584359523.0,0.3904
20250217,601166.SH,20250217,114.09044300000002,113.2793735,24959790.74074074,1408227607.0,435221754821.0,0.3244
20250218,601166.SH,20250218,112.73866050000002,113.82008650000002,21869610.74074074,1243839849.0,437299185631.0,0.2842
20250219,601166.SH,20250219,113.4956587,113.54973000000001,16021901.11111111,909263682.0,436260470226.0,0.2082
20250220,601166.SH,20250220,113.60380130000001,112.6845892,14998291.85185185,845067828.0,432936580929.0,0.1949
20250221,601166.SH,20250221,113.11715960000002,111.76537710000002,22505401.85185185,1255601268.0,429404948551.0,0.2925
20250224,601166.SH,20250224,111.22466410000001,110.7920937,18747644.814814813,1039684309.0,425665573092.0,0.2437
20250225,601166.SH,20250225,110.46766590000001,110.3595233,17969745.925925925,990369434.0,424003628443.0,0.2335
20250226,601166.SH,20250226,110.7920937,110.52173720000002,18967598.888888888,1054417105.0,424626857687.0,0.2465
20250227,601166.SH,20250227,110.57580850000001,113.11715960000002,23851194.814814813,1332813270.0,434598525578.0,0.31
20250228,601166.SH,20250228,112.79273180000001,112.19794750000001,23680446.666666664,1335631048.0,431066893200.0,0.3078
20250303,601166.SH,20250303,113.0630883,112.19794750000001,17076979.259259257,956749254.0,431066893200.0,0.2219
20250304,601166.SH,20250304,111.927591,112.57644660000001,14785156.666666666,833343194.0,432521094767.0,0.1922
20250305,601166.SH,20250305,112.6305179,114.09044300000002,23442194.074074075,1333120795.0,438337901037.0,0.3047
20250306,601166.SH,20250306,114.14451430000001,114.2526569,20759799.629629627,1181458701.0,438961130280.0,0.2698
20250307,601166.SH,20250307,114.46894210000002,115.49629680000001,23810376.666666664,1370963871.0,443739221144.0,0.3095
20250310,601166.SH,20250310,115.17186900000002,113.54973000000001,22427463.7037037,1274813240.0,436260470226.0,0.2915
20250311,601166.SH,20250311,113.22530220000002,115.17186900000002,20743558.51851852,1184923575.0,442492762658.0,0.2696
20250312,601166.SH,20250312,115.06372640000002,114.7392986,14958076.296296295,860715138.0,440830818009.0,0.1944
20250313,601166.SH,20250313,114.90151250000001,115.44222550000002,21941442.59259259,1268063873.0,443531478063.0,0.2852
20250314,601166.SH,20250314,115.712582,117.65914880000001,36703630.370370366,2150244480.0,452048944387.0,0.477
20250317,601166.SH,20250317,118.14579050000002,118.416147,20140377.037037037,1190285414.0,454957347521.0,0.2618
20250318,601166.SH,20250318,118.3080044,118.0376479,12004084.074074073,708718568.0,453503145954.0,0.156
20250319,601166.SH,20250319,118.0376479,121.0115694,29975581.48148148,1796548259.0,464929015412.0,0.3896
20250320,601166.SH,20250320,121.17378330000001,120.57899900000001,22922648.51851852,1380250074.0,463267070764.0,0.2979
20250321,601166.SH,20250321,120.038286,116.9562219,29901189.629629627,1764288398.0,449348284333.0,0.3886
20250324,601166.SH,20250324,116.9562219,118.0376479,15924955.925925925,936798557.0,453503145954.0,0.207
20250325,601166.SH,20250325,118.09171920000001,117.76729140000002,11718365.185185185,689961725.0,452464430549.0,0.1523
20250326,601166.SH,20250326,117.38879230000002,116.14515240000001,22385086.666666664,1301908274.0,446232138117.0,0.2909
20250327,601166.SH,20250327,116.1992237,116.25329500000001,14209482.222222222,827879603.0,446647624279.0,0.1847
20250328,601166.SH,20250328,116.52365150000001,116.41550890000002,14300568.518518517,830766560.0,447270853522.0,0.1859
20250331,601166.SH,20250331,116.5777228,116.79400800000002,20825114.814814813,1212863700.0,448725055090.0,0.2707
20250401,601166.SH,20250401,116.6858654,114.95558380000001,22703741.85185185,1305557996.0,441661790334.0,0.2951
20250402,601166.SH,20250402,114.631156,114.90151250000001,14245417.777777776,819669634.0,441454114424.0,0.1851
20250403,601166.SH,20250403,113.7660152,114.52301340000001,14667808.888888888,838599996.0,439999912635.0,0.1906
20250407,601166.SH,20250407,109.764739,108.84552690000001,64496240.74074074,3514105810.0,418186885805.0,0.8382
20250408,601166.SH,20250408,108.84552690000001,112.52237530000001,57917587.4074074,3205975028.0,432313417466.0,0.7527
20250409,601166.SH,20250409,111.927591,110.25138070000001,34874300.0,1932747018.0,423588206734.0,0.4533
20250410,601166.SH,20250410,110.9543076,112.25201880000002,25308223.333333332,1417511525.0,431274701903.0,0.3289
20250411,601166.SH,20250411,112.0898049,112.19794750000001,16819273.333333332,940343862.0,431066958790.0,0.2186
20250414,601166.SH,20250414,112.46830400000002,112.46830400000002,17100446.296296295,963247515.0,432105674354.0,0.2223
20250415,601166.SH,20250415,112.6845892,114.14451430000001,18303097.407407407,1040744219.0,438545710846.0,0.2379
20250416,601166.SH,20250416,113.71194390000001,114.2526569,23919237.777777776,1357277212.0,438961197072.0,0.3109
20250417,601166.SH,20250417,113.82008650000002,113.71194390000001,17895948.51851852,1015091278.0,436883765945.0,0.2326
20250418,601166.SH,20250418,113.71194390000001,115.65851070000001,19119587.037037037,1097987120.0,444362518001.0,0.2485
20250421,601166.SH,20250421,115.44222550000002,113.9823004,17503725.185185183,1004446071.0,437922481508.0,0.2275
20250422,601166.SH,20250422,113.9823004,113.71194390000001,13001242.222222222,740087711.0,436883765945.0,0.169
20250423,601166.SH,20250423,114.09044300000002,113.2793735,13353626.296296295,756092529.0,435221821044.0,0.1736
20250424,601166.SH,20250424,113.009017,114.3607995,13961383.333333332,796196135.0,439376683297.0,0.1815
20250425,601166.SH,20250425,114.46894210000002,113.22530220000002,13643242.592592591,775126587.0,435014077931.0,0.1773
20250428,601166.SH,20250428,113.60380130000001,114.0363717,14102615.925925925,802954185.0,438130224621.0,0.1833
20250429,601166.SH,20250429,113.92822910000001,113.6578726,12395741.85185185,705114564.0,436676022832.0,0.1611
20250430,601166.SH,20250430,113.17123090000001,112.84680310000002,21287293.7037037,1193061701.0,433559876142.0,0.2767
20250506,601166.SH,20250506,113.82008650000002,112.0898049,17409980.0,980278016.0,430651472565.0,0.2263
20250507,601166.SH,20250507,113.009017,113.7660152,19530414.814814813,1106233643.0,437091509058.0,0.2538
20250508,601166.SH,20250508,114.09044300000002,116.41550890000002,26809601.48148148,1552810848.0,447270921579.0,0.3484
20250509,601166.SH,20250509,116.3614376,119.49757300000002,30430530.74074074,1806257208.0,459112279001.0,0.3955
20250512,601166.SH,20250512,119.49757300000002,120.47085640000002,31938635.555555552,1926441116.0,462851655029.0,0.4151
20250513,601166.SH,20250513,120.7412129,121.93078150000001,28097629.629629627,1696702181.0,468460719071.0,0.3652
20250514,601166.SH,20250514,121.44413980000002,123.9854909,33370026.666666664,2055203657.0,476354957352.0,0.4337
20250515,601166.SH,20250515,124.3099187,123.76920570000001,22051990.74074074,1365535664.0,475523984902.0,0.2866
20250516,601166.SH,20250516,123.71513440000001,122.74185100000001,17843798.51851852,1093803969.0,471576865761.0,0.2319
20250519,601166.SH,20250519,123.55292050000001,122.8499936,16819821.48148148,1034717789.0,471992351986.0,0.2186
20250520,601166.SH,20250520,123.2284927,121.76856760000001,18472867.037037037,1127551219.0,467837489733.0,0.2401
20250521,601166.SH,20250521,122.4714945,122.79592230000002,16641167.037037035,1021858639.0,471784608874.0,0.2163
20250522,601166.SH,20250522,122.74185100000001,123.823277,14359765.555555554,885841455.0,475731728014.0,0.1866
20250523,601166.SH,20250523,123.71513440000001,123.3366353,15157481.85185185,935467315.0,473862040000.0,0.197
20250526,601166.SH,20250526,123.3366353,122.30928060000002,14551607.407407407,891722939.0,469914920860.0,0.1891
20250527,601166.SH,20250527,123.2284927,123.06627880000002,15026640.0,925337814.0,472823324437.0,0.1953
20250528,601166.SH,20250528,123.2284927,121.8767102,13795958.888888888,841688653.0,468252975958.0,0.1793
20250529,601166.SH,20250529,122.20113800000001,122.4714945,17779509.629629627,1088790409.0,470538150198.0,0.2311
20250530,601166.SH,20250530,122.79592230000002,122.41742320000002,18507033.7037037,1134277475.0,470330407085.0,0.2405
20250603,601166.SH,20250603,124.63434650000002,128.20305230000002,56566345.18518518,3596385127.0,492558920141.0,0.7352
20250604,601166.SH,20250604,128.4193375,127.71641060000002,18633786.666666664,1190002656.0,490689232127.0,0.2422
20250605,601166.SH,20250605,127.71641060000002,127.1756976,16894863.333333332,1074101875.0,488611801000.0,0.2196
20250606,601166.SH,20250606,127.71641060000002,127.39198280000001,17036364.444444444,1086652583.0,489442773451.0,0.2214
20250609,601166.SH,20250609,127.9326958,128.689694,21108459.259259257,1353564828.0,494428608155.0,0.2743
20250610,601166.SH,20250610,129.230407,128.7437653,29069910.0,1884783396.0,494636351267.0,0.3778
20250611,601166.SH,20250611,129.1222644,129.66297740000002,21282102.22222222,1383522166.0,498167984183.0,0.2766
20250612,601166.SH,20250612,129.77112,129.0141218,26349572.962962963,1701213578.0,495675066831.0,0.3425
20250613,601166.SH,20250613,129.0681931,127.06755500000001,67303562.59259258,4286333512.0,488196314775.0,0.8747
20250616,601166.SH,20250616,127.60826800000002,129.5548348,26949315.555555552,1738311744.0,507061458602.0,0.3438
20250617,601166.SH,20250617,129.77112,128.7437653,18353047.777777776,1184646050.0,503887033777.0,0.2342
20250618,601166.SH,20250618,128.7437653,129.28447830000002,19880545.555555556,1279994387.0,506003316993.0,0.2536
20250619,601166.SH,20250619,129.3926209,128.689694,19439102.22222222,1251586439.0,503675405456.0,0.248
20250620,601166.SH,20250620,129.878181,131.0666088,29260944.07407407,1825598592.0,490131192872.0,0.3733
20250623,601166.SH,20250623,131.0666088,134.405525,28932662.22222222,1833164183.0,502617263848.0,0.3691
20250624,601166.SH,20250624,133.8961988,134.97144300000002,28878970.37037037,1861459498.0,504733547064.0,0.3684
20250625,601166.SH,20250625,134.97144300000002,136.1598708,22388310.74074074,1440150977.0,509177741818.0,0.2856
20250626,601166.SH,20250626,135.87691180000002,136.8389724,24355702.59259259,1583708584.0,511717281677.0,0.3107
20250627,601166.SH,20250627,136.8389724,133.3302808,32985917.037037034,2118395114.0,498596325737.0,0.4208
20250630,601166.SH,20250630,132.53799560000002,132.0852612,19774070.0,1245905412.0,493940502661.0,0.2523
20250701,601166.SH,20250701,133.1605054,133.27368900000002,18020707.407407407,1147244956.0,498384697415.0,0.2299
20250702,601166.SH,20250702,133.839607,135.254402,22170084.814814813,1425191396.0,505791688672.0,0.2829
20250703,601166.SH,20250703,135.254402,136.2164626,18303215.925925925,1183006993.0,509389465336.0,0.2335
20250704,601166.SH,20250704,136.2164626,140.5174394,37384810.74074074,2486887997.0,525473220785.0,0.477
20250707,601166.SH,20250707,140.5174394,142.1586016,22659304.444444444,1527411563.0,531610443259.0,0.2891
20250708,601166.SH,20250708,141.81905079999999,142.2717852,19509397.777777776,1321047642.0,532033699981.0,0.2489
20250709,601166.SH,20250709,142.045418,141.9322344,20243161.48148148,1367713035.0,530763929814.0,0.2583
20250710,601166.SH,20250710,141.5360918,141.13994920000002,31219457.777777776,2124297408.0,527801132758.0,0.3983
20250711,601166.SH,20250711,142.2151934,138.366951,47317828.88888889,3171468157.0,517431343061.0,0.6037
20250714,601166.SH,20250714,139.1026444,139.72515420000002,29562781.11111111,1970682493.0,522510423729.0,0.3772
20250715,601166.SH,20250715,139.781746,138.2537674,21674057.777777776,1432863479.0,517008086338.0,0.2765
20250716,601166.SH,20250716,138.31035920000002,137.5746658,21680924.074074075,1417278634.0,514468546004.0,0.2766
20250717,601166.SH,20250717,137.518074,137.4614822,18123187.407407407,1191239010.0,514045289282.0,0.2312
20250718,601166.SH,20250718,138.02740020000002,138.1971756,19451838.51851852,1283650867.0,516796457977.0,0.2482
20250721,601166.SH,20250721,138.1971756,135.87691180000002,26836994.444444444,1749087308.0,508119695169.0,0.3424
20250722,601166.SH,20250722,135.9335036,134.97144300000002,32748469.259259257,2108725860.0,504733641390.0,0.4178
20250723,601166.SH,20250723,134.97144300000002,134.6318922,28868166.666666664,1861858075.0,503463871223.0,0.3683
20250724,601166.SH,20250724,134.5753004,131.9720776,36787505.18518519,2325762624.0,493517338248.0,0.4693
20250725,601166.SH,20250725,131.1797924,131.12320060000002,30680781.85185185,1917823540.0,490342912831.0,0.3914
20250728,601166.SH,20250728,131.292976,129.93477280000002,27184905.555555552,1694291520.0,485898717246.0,0.3468
20250729,601166.SH,20250729,129.9913646,128.51997780000002,28001317.037037037,1726509242.0,480608008217.0,0.3572
20250730,601166.SH,20250730,128.5765696,128.8595286,27352475.555555552,1684886428.0,481877778384.0,0.349
20250731,601166.SH,20250731,129.029304,128.1238352,26493070.37037037,1618126300.0,479126609689.0,0.338
20250801,601166.SH,20250801,127.897468,127.50132540000001,23519818.148148146,1433318295.0,476798697716.0,0.3001
20250804,601166.SH,20250804,127.50132540000001,128.9161204,26404223.7037037,1628078980.0,482089406745.0,0.3369
20250805,601166.SH,20250805,128.9161204,130.6704662,30381611.85185185,1883106433.0,488649885942.0,0.3876
20250806,601166.SH,20250806,130.6704662,130.0479564,20499079.629629627,1275671131.0,486321973969.0,0.2615
20250807,601166.SH,20250807,130.16114,130.5572826,21021255.925925925,1310756095.0,488226629219.0,0.2682
20250808,601166.SH,20250808,131.1797924,130.5006908,15216375.185185185,949131791.0,488015000858.0,0.1941
20250811,601166.SH,20250811,130.3875072,129.4820384,21205799.259259257,1314486634.0,484205690357.0,0.2705
20250812,601166.SH,20250812,129.5386302,130.10454819999998,22152735.925925925,1382771889.0,486533602330.0,0.2826
20250813,601166.SH,20250813,130.6138744,129.029304,22719340.0,1408452937.0,482512663468.0,0.2899
20250814,601166.SH,20250814,129.0858958,128.6331614,23309845.555555556,1433604879.0,481031264939.0,0.2974
20250815,601166.SH,20250815,128.46338599999999,126.3128976,37382335.18518519,2258233413.0,472354502131.0,0.4769
20250818,601166.SH,20250818,126.25630579999999,128.01065160000002,29287015.555555552,1775769430.0,478703352967.0,0.3737
20250819,601166.SH,20250819,128.01065160000002,127.61450900000001,17198282.962962963,1047941112.0,477221954438.0,0.2194
20250820,601166.SH,20250820,127.55791719999999,127.8408762,19165905.185185183,1168068710.0,478068467883.0,0.2445
20250821,601166.SH,20250821,127.8408762,127.9540598,16807758.888888888,1025073971.0,478491724605.0,0.2144
20250822,601166.SH,20250822,127.78428439999999,128.8595286,23733677.407407407,1448655288.0,481877778384.0,0.3028
20250825,601166.SH,20250825,128.9161204,129.878181,22873212.59259259,1412332034.0,485687088885.0,0.2918
20250826,601166.SH,20250826,129.595222,129.4820384,19501135.185185183,1206282546.0,484205690357.0,0.2488
20250827,601166.SH,20250827,129.312263,127.33155000000001,25502123.333333332,1563309935.0,476163812633.0,0.3254
20250828,601166.SH,20250828,127.61450900000001,128.8595286,26488299.259259257,1621385462.0,481877778384.0,0.3379
20250829,601166.SH,20250829,128.46338599999999,126.8222238,40876839.62962963,2489556639.0,474259246014.0,0.5215
20250901,601166.SH,20250901,127.33155000000001,123.4267158,37758338.518518515,2247745505.0,461561541970.0,0.4817
20250902,601166.SH,20250902,123.370124,124.44536819999999,36107972.222222224,2127430409.0,465370853183.0,0.4607
20250903,601166.SH,20250903,124.44536819999999,122.91738959999999,30127199.629629627,1777442124.0,459656886364.0,0.3844
20250904,601166.SH,20250904,122.804206,124.04922560000001,38224399.62962963,2242826169.0,463889454378.0,0.4877
20250905,601166.SH,20250905,123.7096748,123.087165,18995802.22222222,1115373251.0,460291771566.0,0.2424
20250908,601166.SH,20250908,122.57783880000001,121.4460028,25236790.37037037,1468718931.0,454154547945.0,0.322
20250909,601166.SH,20250909,121.5025946,121.7855536,16738401.11111111,970474730.0,455424318349.0,0.2136
20250910,601166.SH,20250910,121.8421454,121.67237,14621465.555555554,850545558.0,455001061548.0,0.1865
20250911,601166.SH,20250911,121.72896180000001,123.5964912,25699765.185185183,1500929724.0,462196427172.0,0.3279
20250912,601166.SH,20250912,123.7096748,121.21963560000002,32275668.518518515,1882460576.0,453308034342.0,0.4118
20250915,601166.SH,20250915,121.10645199999999,119.23892260000001,30280599.259259257,1732525311.0,445901040317.0,0.3863
20250916,601166.SH,20250916,119.29551439999999,117.145026,40688573.7037037,2294390879.0,438070789490.0,0.5191
20250917,601166.SH,20250917,117.20161780000001,116.5225162,45073821.85185185,2519638397.0,435742877082.0,0.5751
20250918,601166.SH,20250918,116.7488834,114.598395,49128328.14814814,2706633183.0,428547511458.0,0.6268
20250919,601166.SH,20250919,114.7681704,114.8247622,33423702.59259259,1831841493.0,429394025061.0,0.4264
20250922,601166.SH,20250922,115.164313,113.9192934,19339859.259259257,1056135326.0,426007970649.0,0.2467
20250923,601166.SH,20250923,113.9192934,115.5038638,43931352.59259259,2413456042.0,431933565870.0,0.5605
20250924,601166.SH,20250924,115.3906802,114.54180319999999,31553286.296296295,1733311216.0,428335883057.0,0.4026
20250925,601166.SH,20250925,114.48521140000001,114.37202780000001,27244136.296296295,1487668221.0,427700997855.0,0.3476
20250926,601166.SH,20250926,114.598395,114.9945376,27827931.85185185,1522919747.0,430028910263.0,0.355
20250929,601166.SH,20250929,114.65498680000002,113.466559,47730361.48148148,2607343269.0,424314943444.0,0.609
20250930,601166.SH,20250930,113.6929262,112.33472300000001,52677207.777777776,2832139640.0,420082375429.0,0.6721
20251009,601166.SH,20251009,112.56109020000001,111.31607060000002,52668176.666666664,2805438366.0,416273064216.0,0.672
20251010,601166.SH,20251010,111.2594788,111.4292542,45366191.11111111,2418379471.0,416696554836.0,0.5788
20251013,601166.SH,20251013,110.6935608,111.485846,43942514.074074075,2329693939.0,416908183356.0,0.5606
20251014,601166.SH,20251014,111.20288699999999,114.48521140000001,62009463.7037037,3354050749.0,428124494888.0,0.7911
20251015,601166.SH,20251015,114.31543599999999,114.9379458,45139678.88888889,2467841307.0,429817523044.0,0.5759
20251016,601166.SH,20251016,114.881354,115.730231,38549602.59259259,2118894000.0,432780322316.0,0.4918
20251017,601166.SH,20251017,115.6170474,114.25884420000001,38026110.0,2092372211.0,427277980810.0,0.4851
20251020,601166.SH,20251020,114.42861959999999,114.65498680000002,27159881.11111111,1478700781.0,428759380446.0,0.3465
20251021,601166.SH,20251021,114.65498680000002,114.0890688,26414563.333333332,1443091379.0,426643095252.0,0.337
20251022,601166.SH,20251022,114.0890688,115.447272,38999167.03703704,2142510746.0,431722179719.0,0.4976
20251023,601166.SH,20251023,115.6170474,117.48457680000001,47737970.74074074,2669162662.0,439340806420.0,0.6091
20251024,601166.SH,20251024,117.2582096,116.579108,32262385.185185183,1802052791.0,435954750108.0,0.4116
20251027,601166.SH,20251027,116.35274079999999,115.6170474,32151781.85185185,1779382266.0,432357065277.0,0.4102
20251028,601166.SH,20251028,116.01319000000001,115.56045560000001,25112984.444444444,1381509043.0,432145436758.0,0.3204
20251029,601166.SH,20251029,115.164313,113.2401918,34485085.55555555,1870240598.0,423468667459.0,0.44
20251030,601166.SH,20251030,113.2401918,113.3533754,31611915.555555552,1710598137.0,423891924498.0,0.4033
20251031,601166.SH,20251031,113.74951800000001,114.48521140000001,32883773.333333332,1793197839.0,428124494888.0,0.4195
20251103,601166.SH,20251103,114.8247622,116.35274079999999,36698120.0,2032997911.0,435108236030.0,0.4682
20251104,601166.SH,20251104,116.6356998,119.6350652,62403446.29629629,3553167554.0,447382690160.0,0.7962
20251105,601166.SH,20251105,120.31416680000001,120.0877996,40528134.074074075,2330966266.0,449075718315.0,0.5171
20251106,601166.SH,20251106,119.69165699999999,119.7482488,32362499.259259257,1853238579.0,447805947199.0,0.4129
20251107,601166.SH,20251107,120.42735040000001,119.8048406,28106154.07407407,1612872600.0,448017575718.0,0.3586
20251110,601166.SH,20251110,119.8048406,119.8614324,22978599.629629627,1314425267.0,448229204237.0,0.2932
20251111,601166.SH,20251111,119.7482488,120.3707586,23512030.74074074,1348581788.0,450133860913.0,0.3
20251112,601166.SH,20251112,120.82349300000001,120.54053400000001,34584153.7037037,1997830533.0,450768746471.0,0.4412
20251113,601166.SH,20251113,120.65371760000001,120.42735040000001,24927588.888888888,1428762789.0,450345489432.0,0.318
20251114,601166.SH,20251114,120.4839422,122.23828800000001,44293269.259259254,2588790612.0,457117602055.0,0.5651
20251117,601166.SH,20251117,122.0119208,121.21963560000002,33392495.925925925,1928831974.0,453308288705.0,0.426
20251118,601166.SH,20251118,121.1630438,120.54053400000001,20113452.592592593,1158813022.0,450768746471.0,0.2566
20251119,601166.SH,20251119,120.7669012,121.2762274,22776861.85185185,1318701348.0,453519917224.0,0.2906
20251120,601166.SH,20251120,121.04986020000001,121.7855536,30057548.51851852,1755148196.0,455424573899.0,0.3835
20251121,601166.SH,20251121,122.52124699999999,120.8800848,37858864.074074075,2187792528.0,452038517588.0,0.483
20251124,601166.SH,20251124,121.10645199999999,118.89937180000001,33418607.407407407,1911010241.0,444631519406.0,0.4264
20251125,601166.SH,20251125,119.12573900000001,121.10645199999999,26137291.11111111,1496052471.0,452885031666.0,0.3335
20251126,601166.SH,20251126,121.3328192,120.54053400000001,19335482.22222222,1115834134.0,450768746471.0,0.2467
20251127,601166.SH,20251127,120.2009832,121.04986020000001,20685752.592592593,1189138080.0,452673403146.0,0.2639
20251128,601166.SH,20251128,120.7669012,119.4652898,21002333.333333332,1202270109.0,446747804601.0,0.268
20251201,601166.SH,20251201,118.4466374,119.7482488,28651731.11111111,1631303704.0,447805947199.0,0.3655
20251202,601166.SH,20251202,120.0877996,119.69165699999999,19684066.296296295,1121724094.0,447594318679.0,0.2511
20251203,601166.SH,20251203,119.40869800000002,118.5032292,21916477.777777776,1248351588.0,443150119770.0,0.2796
20251204,601166.SH,20251204,118.5032292,118.1070866,16749232.222222222,944873768.0,441668720134.0,0.2137
20251205,601166.SH,20251205,117.88071939999999,117.71094400000001,24865039.629629627,1391780995.0,440187320498.0,0.3172
20251208,601166.SH,20251208,117.71094400000001,118.1636784,27481317.777777776,1551897043.0,441880348653.0,0.3506
20251209,601166.SH,20251209,118.39004560000001,117.2582096,22762072.962962963,1275049172.0,438494292342.0,0.2904
20251210,601166.SH,20251210,117.0318424,115.164313,26524022.22222222,1461613882.0,430664037121.0,0.3384
20251211,601166.SH,20251211,115.2774966,115.56045560000001,23341617.777777776,1281591161.0,432145436758.0,0.2978
20251212,601166.SH,20251212,115.447272,116.862067,35513195.55555555,1967883795.0,437012892706.0,0.4531
20251215,601166.SH,20251215,116.579108,117.08843420000001,18769328.888888888,1051157428.0,437859406783.0,0.2395
20251216,601166.SH,20251216,117.31480140000001,115.56045560000001,17600626.666666664,972631746.0,432145436758.0,0.2246
20251217,601166.SH,20251217,115.5038638,115.90000640000001,25752815.925925925,1419135975.0,433415207875.0,0.3286
20251218,601166.SH,20251218,115.6170474,118.5032292,24815352.962962963,1388716471.0,443150119770.0,0.3166
20251219,601166.SH,20251219,118.276862,119.3521062,26558016.296296295,1508595195.0,446324547562.0,0.3388
20251222,601166.SH,20251222,119.40869800000002,118.7861882,23205533.333333332,1318552861.0,444208262368.0,0.2961
20251223,601166.SH,20251223,119.18233079999999,119.18233079999999,16572238.148148147,940645542.0,445689662004.0,0.2114
20251224,601166.SH,20251224,119.18233079999999,119.01255540000001,18489415.925925925,1048641826.0,445054776445.0,0.2359
20251225,601166.SH,20251225,119.01255540000001,119.0691472,20219982.592592593,1154305574.0,445266404965.0,0.258
20251226,601166.SH,20251226,119.01255540000001,119.6350652,18625160.37037037,1061270981.0,447382690160.0,0.2376
20251229,601166.SH,20251229,119.7482488,121.21963560000002,27842454.814814813,1602749146.0,453308288705.0,0.3552
20251230,601166.SH,20251230,120.82349300000001,119.3521062,25012740.0,1429650769.0,446324547562.0,0.3191
20251231,601166.SH,20251231,119.5784734,119.18233079999999,19122346.666666664,1089090774.0,445689662004.0,0.244
20260105,601166.SH,20260105,119.3521,119.1257,25256334.0741,1433154162.0,445478101876.0,0.3222
20260106,601166.SH,20260106,119.1257,121.446,36314296.2963,2081354537.0,454154872506.0,0.4633
20260107,601166.SH,20260107,121.5026,120.201,26728982.5926,1536327487.0,449499044363.0,0.341
20260108,601166.SH,20260108,119.9746,118.39,25301819.6296,1431407032.0,442726930700.0,0.3228
20260109,601166.SH,20260109,118.7296,117.9373,21986325.1852,1239044443.0,441033902285.0,0.2805
20260112,601166.SH,20260112,117.7675,118.39,29877043.7037,1683033481.0,442726930700.0,0.3812
20260113,601166.SH,20260113,118.5032,118.8994,24870002.963,1413448396.0,444631587668.0,0.3173
20260114,601166.SH,20260114,118.673,116.0698,48034585.5556,2705360734.0,434050160070.0,0.6128
20260115,601166.SH,20260115,116.0698,114.9945,37472683.7037,2071464781.0,430029217583.0,0.4781
20260116,601166.SH,20260116,115.5039,113.6363,61570763.7037,3352989527.0,424950132336.0,0.7855
20260119,601166.SH,20260119,113.5232,113.6363,32689632.963,1771558388.0,424950132336.0,0.4171
20260120,601166.SH,20260120,113.6363,113.6929,34105436.6667,1847923240.0,425161760888.0,0.4351
20260121,601166.SH,20260121,113.9193,110.9765,54963542.5926,2945354261.0,415003590394.0,0.7012
20260122,601166.SH,20260122,111.3161,109.5051,54053110.0,2842796271.0,409501248043.0,0.6896
20260123,601166.SH,20260123,109.6183,108.2035,63316571.1111,3289784766.0,404633791348.0,0.8078
20260126,601166.SH,20260126,108.1469,106.8453,78676550.7407,4032081238.0,399554706100.0,1.0038
20260127,601166.SH,20260127,106.958502,106.5057676,51066142.22222222,2610346338.0,398284934789.0,0.6515
20260128,601166.SH,20260128,106.44917579999999,104.977789,75749157.77777778,3817641687.0,392570963886.0,0.9664
20260129,601166.SH,20260129,105.0909726,106.9019102,88623731.1111111,4455195879.0,399766334652.0,1.1307
20260130,601166.SH,20260130,106.958502,105.826666,55447002.22222222,2832333599.0,395745392165.0,0.7074
20260202,601166.SH,20260202,105.9398496,106.7887266,58934576.666666664,3025190516.0,399343092626.0,0.7519
20260203,601166.SH,20260203,107.1282774,106.9019102,37424897.03703704,1905561560.0,399766349746.0,0.4775
20260204,601166.SH,20260204,106.7887266,108.5430724,42643236.29629629,2198841159.0,405903577984.0,0.5441
20260205,601166.SH,20260205,108.656256,109.67490839999999,44388232.96296296,2318435836.0,410136149183.0,0.5663
20260206,601166.SH,20260206,109.7040384,109.878912,38831680.370370366,1974567154.0,398919835506.0,0.4954
20260209,601166.SH,20260209,109.878912,110.05378559999998,23866492.22222222,1215569554.0,399554721186.0,0.3045
20260210,601166.SH,20260210,110.05378559999998,109.7040384,19211335.185185183,978050860.0,398284949826.0,0.2451
20260211,601166.SH,20260211,110.1120768,109.93720319999998,19281075.185185183,980527831.0,399131464066.0,0.246
20260212,601166.SH,20260212,109.93720319999998,108.36334079999999,28800830.0,1450221249.0,393417492947.0,0.3674
20260213,601166.SH,20260213,108.421632,107.78042879999998,24540514.07407407,1228885342.0,391301207348.0,0.3131
20260225,601166.SH,20260225,107.0809344,106.672896,31883765.555555552,1581398387.0,387280264709.0,0.4068
20260226,601166.SH,20260226,106.964352,106.38144,21045854.444444444,1038749152.0,386222121909.0,0.2685
20260227,601166.SH,20260227,106.32314879999998,106.73118719999998,32223526.296296295,1596476710.0,387491893268.0,0.4111
20260302,601166.SH,20260302,106.4397312,106.73118719999998,31586497.407407407,1562216135.0,387491893268.0,0.403
20260303,601166.SH,20260303,106.7894784,107.4889728,44558177.777777776,2219475157.0,390243064548.0,0.5685
20260304,601166.SH,20260304,107.13922559999999,105.74023679999999,43527569.62962963,2137689519.0,383894207749.0,0.5553
20260306,601166.SH,20260306,107.25580799999999,107.9553024,21807525.925925925,1090246420.0,391936093027.0,0.2782
20260309,601166.SH,20260309,107.25580799999999,106.672896,34789930.0,1726858928.0,387280264709.0,0.4439
20260310,601166.SH,20260310,106.7894784,107.66384639999998,22804700.37037037,1133935349.0,390877950228.0,0.2909
20260311,601166.SH,20260311,107.78042879999998,109.0628352,27502158.51851852,1380734146.0,395957035666.0,0.3509
20260312,601166.SH,20260312,108.8879616,109.64574719999999,25997985.925925925,1316943935.0,398073321266.0,0.3317
20260313,601166.SH,20260313,109.587456,109.76232959999999,24757272.59259259,1260095011.0,398496578386.0,0.3159
20260316,601166.SH,20260316,110.05378559999998,109.76232959999999,26516999.629629627,1350807352.0,398496578386.0,0.3383
20260317,601166.SH,20260317,109.82062079999999,110.8115712,30387461.85185185,1558210536.0,402305892465.0,0.3877
20260318,601166.SH,20260318,110.75327999999999,110.461824,23527111.85185185,1203070388.0,401036121105.0,0.3002
20260319,601166.SH,20260319,110.1120768,109.76232959999999,24434765.185185183,1247222560.0,398496578386.0,0.3117
20260320,601166.SH,20260320,109.878912,109.52916479999999,24603057.777777776,1252054816.0,397650064146.0,0.3139
20260323,601166.SH,20260323,108.71308799999998,106.32314879999998,40458137.03703704,2004203291.0,386010493349.0,0.5162
20260324,601166.SH,20260324,106.672896,109.12112639999998,30276989.259259257,1518857186.0,396168664226.0,0.3863
20260325,601166.SH,20260325,109.4708736,109.3542912,21548153.333333332,1086900488.0,397015178466.0,0.2749
20260326,601166.SH,20260326,109.29599999999999,110.05378559999998,21526725.925925925,1097370098.0,399554721186.0,0.2746
20260327,601166.SH,20260327,109.587456,109.004544,21752751.11111111,1102223367.0,395745407107.0,0.2775
20260330,601166.SH,20260330,108.421632,108.9462528,23053630.37037037,1161063038.0,395533778547.0,0.2941
20260331,601166.SH,20260331,109.12112639999998,109.7040384,27787646.666666664,1416081247.0,398284949826.0,0.3545
20260401,601166.SH,20260401,110.1120768,110.2286592,27482048.51851852,1406437577.0,400189606865.0,0.3506
20260402,601166.SH,20260402,110.2286592,110.17036799999998,18873847.407407407,962974710.0,399978002838.0,0.2408
20260403,601166.SH,20260403,110.17036799999998,108.9462528,17746353.333333332,898497057.0,395533802806.0,0.2264
20260407,601166.SH,20260407,109.004544,108.0135936,20663771.85185185,1039680869.0,392147745639.0,0.2636
20260408,601166.SH,20260408,108.8296704,109.4708736,24111701.48148148,1219458769.0,397438459963.0,0.3076
20260409,601166.SH,20260409,109.1794176,108.421632,18904113.333333332,950465252.0,393629145650.0,0.2412
20260410,601166.SH,20260410,108.47992319999999,108.0135936,22315711.11111111,1118859663.0,392147745639.0,0.2847
20260413,601166.SH,20260413,107.89701120000001,107.3723904,18610370.0,925380718.0,389819831337.0,0.2374
20260414,601166.SH,20260414,107.4889728,108.24675839999999,17852770.37037037,892443849.0,392994259931.0,0.2278
20260415,601166.SH,20260415,108.30504959999999,109.004544,20569591.48148148,1037196948.0,395745431379.0,0.2624
20260416,601166.SH,20260416,108.9462528,108.47992319999999,20689623.333333332,1042351514.0,393840774223.0,0.264
20260417,601166.SH,20260417,108.421632,107.25580799999999,30780432.22222222,1533711842.0,389396574191.0,0.3927
20260420,601166.SH,20260420,107.3723904,107.02264319999999,37358408.14814815,1855047040.0,388550059899.0,0.4766
20260421,601166.SH,20260421,107.0809344,107.3723904,39238263.33333333,1961763384.0,389819831337.0,0.5006
20260422,601166.SH,20260422,107.4889728,106.20656639999999,46899511.11111111,2317850133.0,385587259878.0,0.5984
20260423,601166.SH,20260423,106.20656639999999,106.08998399999999,35912552.96296296,1763937165.0,385164002733.0,0.4582
20260424,601166.SH,20260424,105.97340159999999,105.97340159999999,29900374.444444444,1469908571.0,384740745587.0,0.3815
20260427,601166.SH,20260427,106.2648576,105.9151104,40216070.370370366,1982718020.0,384529117014.0,0.5131
20260428,601166.SH,20260428,105.97340159999999,105.74023679999999,32007207.037037034,1566028965.0,383894231295.0,0.4084
20260429,601166.SH,20260429,105.4487808,105.97340159999999,35809053.7037037,1750964455.0,384740745587.0,0.4569
20260430,601166.SH,20260430,105.0990336,104.51612159999999,56680988.88888889,2744334777.0,379450031263.0,0.7231
20260506,601166.SH,20260506,104.5744128,103.70004479999999,50052815.18518518,2406410705.0,376487231242.0,0.6386
20260507,601166.SH,20260507,103.81662719999999,103.46687999999999,32280705.185185183,1548628066.0,375640716951.0,0.4118
20260508,601166.SH,20260508,103.5251712,103.35029759999999,31469743.333333332,1508738481.0,375217459805.0,0.4015
20260511,601166.SH,20260511,103.29200639999999,103.35029759999999,34609563.33333333,1653649395.0,375217459805.0,0.4416
20260512,601166.SH,20260512,103.35029759999999,103.46687999999999,39187144.074074075,1878698534.0,375640716951.0,0.5
20260513,601166.SH,20260513,103.6417536,103.11713280000001,29854591.48148148,1428862238.0,374370945513.0,0.3809
20260514,601166.SH,20260514,103.0588416,103.11713280000001,33674518.14814815,1604646427.0,374370945513.0,0.4296
20260515,601166.SH,20260515,103.00055040000001,103.00055040000001,32027781.11111111,1530401230.0,373947688367.0,0.4086
20260518,601166.SH,20260518,102.9422592,101.718144,33005955.185185183,1557576583.0,369291859763.0,0.4211
20260519,601166.SH,20260519,101.718144,102.00959999999999,30713219.629629627,1457733223.0,370350002628.0,0.3918
20260520,601166.SH,20260520,102.12618239999999,101.01864959999999,24178927.407407407,1136757138.0,366752316888.0,0.3085
20260521,601166.SH,20260521,101.01864959999999,101.2518144,29140652.59259259,1365096741.0,367598831179.0,0.3718
20260522,601166.SH,20260522,100.96035839999999,101.7764352,36044346.666666664,1698769878.0,369503488336.0,0.4599
20260525,601166.SH,20260525,101.7764352,102.8256768,36194762.59259259,1725412110.0,373312802649.0,0.4618
20260526,601166.SH,20260526,102.9422592,103.93320959999998,35017119.62962963,1682424373.0,377333745534.0,0.4468
20260527,601166.SH,20260527,103.9915008,104.92416,48428391.85185185,2357501885.0,380931431274.0,0.6179
20260528,601166.SH,20260528,105.4487808,104.74928639999999,36200736.666666664,1763462767.0,380296545555.0,0.4619
20260529,601166.SH,20260529,103.758336,107.83872,77299486.2962963,3818492520.0,391512859921.0,0.9862
20260601,601166.SH,20260601,107.7221376,107.4889728,43549811.11111111,2163673524.0,390243088483.0,0.5556
20260602,601166.SH,20260602,107.25580799999999,108.47992319999999,40553654.074074075,2034756554.0,393840774223.0,0.5174
20260603,601166.SH,20260603,108.18846719999999,107.78042879999998,37356272.59259259,1867745826.0,391301231348.0,0.4766
20260604,601166.SH,20260604,108.0135936,106.6146048,28536687.037037037,1417890189.0,387068659889.0,0.3641
20260605,601166.SH,20260605,106.7894784,108.421632,43407406.666666664,2178524449.0,393629145650.0,0.5538
20260608,601166.SH,20260608,108.30504959999999,108.07188479999999,31450965.925925925,1577214924.0,392359411737.0,0.4013
20260609,601166.SH,20260609,107.7221376,107.54726399999998,30346249.259259257,1516009499.0,390454754399.0,0.3872
20260610,601166.SH,20260610,107.83872,110.1120768,50871354.074074075,2573013105.0,399766412498.0,0.649
20260611,601166.SH,20260611,110.2286592,109.52916479999999,37558839.62962963,1905076319.0,397650126566.0,0.4792
20260612,601166.SH,20260612,109.535152,111.45156800000001,55930261.85185185,2789975318.0,393840811889.0,0.7136
20260615,601166.SH,20260615,111.45156800000001,109.175824,48701239.259259254,2410071462.0,385798925349.0,0.6213
20260616,601166.SH,20260616,108.876384,108.217616,27242457.777777776,1333376464.0,382412867858.0,0.3476
20260617,601166.SH,20260617,108.69672,106.840192,29647478.148148146,1433733072.0,377545410215.0,0.3782
20260618,601166.SH,20260618,106.780304,103.726016,44479835.18518518,2096405903.0,366540723370.0,0.5675
20260622,601166.SH,20260622,103.426576,106.181424,40770271.85185185,1925055362.0,375217495690.0,0.5202
20260623,601166.SH,20260623,106.121536,105.70232,37974778.518518515,1825760973.0,373524466945.0,0.4845
20260624,601166.SH,20260624,106.121536,102.52825600000001,42863148.14814815,2006404990.0,362308151507.0,0.5469
20260625,601166.SH,20260625,102.288704,101.45027200000001,44160458.14814815,2030636929.0,358498836830.0,0.5634
20260626,601166.SH,20260626,101.57004800000001,100.432176,37217873.33333333,1693498524.0,354901150746.0,0.4748
20260629,601166.SH,20260629,100.432176,101.090944,37643480.0,1699136575.0,357229065271.0,0.4803
20260630,601166.SH,20260630,100.731616,99.174528,34088152.222222224,1526948002.0,350456950290.0,0.4349
20260701,601166.SH,20260701,98.994864,100.01296,26584057.777777776,1195960676.0,353419750594.0,0.3392
20260702,601166.SH,20260702,101.15083200000001,102.168928,38468487.777777776,1764198916.0,361038383292.0,0.4908
20260703,601166.SH,20260703,102.34859200000001,101.86948800000002,32829348.518518515,1508778631.0,359980240316.0,0.4188
20260706,601166.SH,20260706,101.33049600000001,102.468368,42428975.925925925,1951648220.0,362096526267.0,0.5413
20260707,601166.SH,20260707,102.288704,102.22881600000001,28293622.962962963,1299674678.0,361250011887.0,0.361
20260708,601166.SH,20260708,101.8096,103.067248,29870487.777777776,1379786553.0,364212812219.0,0.3811
20260709,601166.SH,20260709,102.40848000000001,102.94747200000002,32054524.814814813,1486964735.0,363789555028.0,0.409
20260710,601166.SH,20260710,102.887584,103.785904,35390768.518518515,1649227548.0,366752355360.0,0.4515
20260713,601166.SH,20260713,103.48646400000001,104.624336,35531492.222222224,1669317618.0,369715155692.0,0.4533
20260714,601166.SH,20260714,104.20512,104.50456,39652601.11111111,1861827225.0,369291898502.0,0.5059
20260715,601166.SH,20260715,104.14523200000001,106.660528,48634268.14814814,2313919671.0,376910527927.0,0.6205
20260716,601166.SH,20260716,106.780304,105.762208,30443835.185185183,1458549128.0,373736099000.0,0.3884
