date,symbol,y,label_start_date,label_end_date
20240102,600519.SH,-0.030991735537190146,20240103,20240110
20240103,600519.SH,-0.01343918514080289,20240104,20240111
20240104,600519.SH,-0.012204213158907296,20240105,20240112
20240105,600519.SH,-0.0024270220621779304,20240108,20240115
20240108,600519.SH,-0.0009567336989638742,20240109,20240116
20240109,600519.SH,-0.03929332927200724,20240110,20240117
20240110,600519.SH,-0.021681434740096095,20240111,20240118
20240111,600519.SH,-0.004905481236229914,20240112,20240119
20240112,600519.SH,0.0012195121951219523,20240115,20240122
20240115,600519.SH,-0.01246164825579621,20240116,20240123
20240116,600519.SH,0.03107165504121756,20240117,20240124
20240117,600519.SH,0.016841830811921588,20240118,20240125
20240118,600519.SH,0.0014189602446483818,20240119,20240126
20240119,600519.SH,0.004872107186358221,20240122,20240129
20240122,600519.SH,-0.0037059913526867883,20240123,20240130
20240123,600519.SH,-0.012970479704797144,20240124,20240131
20240124,600519.SH,-0.01707570207570197,20240125,20240201
20240125,600519.SH,-0.02523636185962419,20240126,20240202
20240126,600519.SH,-0.012115151515151634,20240129,20240205
20240129,600519.SH,0.039057656540607555,20240130,20240206
20240130,600519.SH,0.06609716432697166,20240131,20240207
20240131,600519.SH,0.05960758495183316,20240201,20240208
20240201,600519.SH,0.06229949874686724,20240202,20240219
20240202,600519.SH,0.024533591818455047,20240205,20240220
20240205,600519.SH,0.024856801909308057,20240206,20240221
20240206,600519.SH,0.004319136873973672,20240207,20240222
20240207,600519.SH,0.004742086752637764,20240208,20240223
20240208,600519.SH,-0.00026541939213076127,20240219,20240226
20240219,600519.SH,0.011676646706586746,20240220,20240227
20240220,600519.SH,-0.021022786814619998,20240221,20240228
20240221,600519.SH,-0.0136058380567744,20240222,20240229
20240222,600519.SH,-0.01693610020477343,20240223,20240301
20240223,600519.SH,-0.011020779006241876,20240226,20240304
20240226,600519.SH,0.0033145901154187918,20240227,20240305
20240227,600519.SH,-0.0005946894234485356,20240228,20240306
20240228,600519.SH,-0.006707964601769922,20240229,20240307
20240229,600519.SH,-0.008088732745421434,20240301,20240308
20240301,600519.SH,0.010851279603889541,20240304,20240311
20240304,600519.SH,0.029437791280750414,20240305,20240312
20240305,600519.SH,0.02790753027282733,20240306,20240313
20240306,600519.SH,0.01960050604942909,20240307,20240314
20240307,600519.SH,0.027557241404067012,20240308,20240315
20240308,600519.SH,0.00812633889842962,20240311,20240318
20240311,600519.SH,-0.021191977077363977,20240312,20240319
20240312,600519.SH,-0.010333150018813964,20240313,20240320
20240313,600519.SH,-0.004444755130692202,20240314,20240321
20240314,600519.SH,-0.009397434628440338,20240315,20240322
20240315,600519.SH,-0.011268776415768178,20240318,20240325
20240318,600519.SH,0.0007435510122832945,20240319,20240326
20240319,600519.SH,-0.005030416471689225,20240320,20240327
20240320,600519.SH,-0.004306612053832648,20240321,20240328
20240321,600519.SH,0.0009110412319628391,20240322,20240329
20240322,600519.SH,0.019135469890646073,20240325,20240401
20240325,600519.SH,0.002749679691567808,20240326,20240402
20240326,600519.SH,0.008295120517342713,20240327,20240403
20240327,600519.SH,-0.020556639477210314,20240328,20240408
20240328,600519.SH,-0.02388866052028893,20240329,20240409
20240329,600519.SH,-0.04261239855228216,20240401,20240410
20240401,600519.SH,-0.03850080805605638,20240402,20240411
20240402,600519.SH,-0.04727393578254446,20240403,20240412
20240403,600519.SH,0.003792015168060825,20240408,20240415
20240408,600519.SH,0.004680487540758671,20240409,20240416
20240409,600519.SH,0.01154140220148303,20240410,20240417
20240410,600519.SH,0.01382281553398057,20240411,20240418
20240411,600519.SH,0.00771711657680707,20240412,20240419
20240412,600519.SH,0.001243290415904541,20240415,20240422
20240415,600519.SH,0.013341317365269445,20240416,20240423
20240416,600519.SH,0.015956808638272202,20240417,20240424
20240417,600519.SH,0.01332311854343482,20240418,20240425
20240418,600519.SH,0.03813219647281718,20240419,20240426
20240419,600519.SH,0.017276993062935064,20240422,20240429
20240422,600519.SH,0.0075164866334176406,20240423,20240430
20240423,600519.SH,0.03932451582427965,20240424,20240506
20240424,600519.SH,0.04545669328545099,20240425,20240507
20240425,600519.SH,0.031905371966094,20240426,20240508
20240426,600519.SH,0.030516431924882736,20240429,20240509
20240429,600519.SH,0.01992961876832844,20240430,20240510
20240430,600519.SH,-0.03079195545960678,20240506,20240513
20240506,600519.SH,-0.03842937853107353,20240507,20240514
20240507,600519.SH,-0.036264789083714555,20240508,20240515
20240508,600519.SH,-0.02932801822323461,20240509,20240516
20240509,600519.SH,-0.0137896928084279,20240510,20240517
20240510,600519.SH,0.0017584994138335475,20240513,20240520
20240513,600519.SH,0.0017744039295408687,20240514,20240521
20240514,600519.SH,-0.001347058823529368,20240515,20240522
20240515,600519.SH,-0.007327662070988561,20240516,20240523
20240516,600519.SH,-0.022110787172011648,20240517,20240524
20240517,600519.SH,-0.022750146284376882,20240520,20240527
20240520,600519.SH,-0.023671554252199356,20240521,20240528
20240521,600519.SH,-0.013965871674196384,20240522,20240529
20240522,600519.SH,-0.02541947151612578,20240523,20240530
20240523,600519.SH,-0.01707133827843621,20240524,20240531
20240524,600519.SH,-0.018399875458050885,20240527,20240603
20240527,600519.SH,-0.006872356785851741,20240528,20240604
20240528,600519.SH,-0.017921146953404965,20240529,20240605
20240529,600519.SH,-0.005573074590661031,20240530,20240606
20240530,600519.SH,-0.017756073887591373,20240531,20240607
20240531,600519.SH,-0.04293670206601252,20240603,20240611
20240603,600519.SH,-0.049310428260343486,20240604,20240612
20240604,600519.SH,-0.05413017031630174,20240605,20240613
20240605,600519.SH,-0.05171940651660867,20240606,20240614
20240606,600519.SH,-0.04797490087575207,20240607,20240617
20240607,600519.SH,-0.030274059910771145,20240611,20240618
20240611,600519.SH,-0.025189046656217906,20240612,20240619
20240612,600519.SH,-0.0153296525090314,20240613,20240620
20240613,600519.SH,-0.034424774381218826,20240614,20240621
20240614,600519.SH,-0.02229358712272289,20240617,20240624
20240617,600519.SH,-0.0026660261368691707,20240618,20240625
20240618,600519.SH,-0.007848101265822693,20240619,20240626
20240619,600519.SH,-0.00640623958402764,20240620,20240627
20240620,600519.SH,-0.0024541128484023567,20240621,20240628
20240621,600519.SH,-0.024496292032101685,20240624,20240701
20240624,600519.SH,0.002724245787508961,20240625,20240702
20240625,600519.SH,0.007238688709525709,20240626,20240703
20240626,600519.SH,-0.003186871431542615,20240627,20240704
20240627,600519.SH,-0.009806527235431628,20240628,20240705
20240628,600519.SH,-0.014149044002277233,20240701,20240708
20240701,600519.SH,-0.03533239417723233,20240702,20240709
20240702,600519.SH,-0.04160666666666668,20240703,20240710
20240703,600519.SH,-0.015917993727031732,20240704,20240711
20240704,600519.SH,0.01777013076393663,20240705,20240712
20240705,600519.SH,0.038661971830985964,20240708,20240715
20240708,600519.SH,0.02640417793787342,20240709,20240716
20240709,600519.SH,0.04438678621860204,20240710,20240717
20240710,600519.SH,0.024225594867621103,20240711,20240718
20240711,600519.SH,0.03164685357244279,20240712,20240719
20240712,600519.SH,0.016340090853617095,20240715,20240722
20240715,600519.SH,-0.014227642276422814,20240716,20240723
20240716,600519.SH,-0.040881843612628255,20240717,20240724
20240717,600519.SH,-0.04475429212492732,20240718,20240725
20240718,600519.SH,-0.06779538810450825,20240719,20240726
20240719,600519.SH,-0.06736490993996003,20240722,20240729
20240722,600519.SH,-0.05155326460481091,20240723,20240730
20240723,600519.SH,-0.013013708142942448,20240724,20240731
20240724,600519.SH,-0.030989381260966398,20240725,20240801
20240725,600519.SH,-0.0258333977879186,20240726,20240802
20240726,600519.SH,0.008576415215805211,20240729,20240805
20240729,600519.SH,0.01790592685454251,20240730,20240806
20240730,600519.SH,-0.004066756726331167,20240731,20240807
20240731,600519.SH,0.032124718647198014,20240801,20240808
20240801,600519.SH,0.03706376989425819,20240802,20240809
20240802,600519.SH,0.018503414869397883,20240805,20240812
20240805,600519.SH,0.013034811703566573,20240806,20240813
20240806,600519.SH,-0.0015542211232780767,20240807,20240814
20240807,600519.SH,-0.0026560610614458913,20240808,20240815
20240808,600519.SH,-0.0038975501113585054,20240809,20240816
20240809,600519.SH,-0.007422881414943183,20240812,20240819
20240812,600519.SH,-0.00020379336757991862,20240813,20240820
20240813,600519.SH,0.003028373310691279,20240814,20240821
20240814,600519.SH,-0.011801890825501649,20240815,20240822
20240815,600519.SH,-0.011326159865846841,20240816,20240823
20240816,600519.SH,-0.009428667639465593,20240819,20240826
20240819,600519.SH,-0.013108693207377509,20240820,20240827
20240820,600519.SH,-0.02016111965462264,20240821,20240828
20240821,600519.SH,0.002304882805574282,20240822,20240829
20240822,600519.SH,0.01992946946621532,20240823,20240830
20240823,600519.SH,-0.012039660056657242,20240826,20240902
20240826,600519.SH,0.004223436153468096,20240827,20240903
20240827,600519.SH,0.007919366450684029,20240828,20240904
20240828,600519.SH,-0.005957687681313106,20240829,20240905
20240829,600519.SH,-0.031312578385382484,20240830,20240906
20240830,600519.SH,-0.01433691756272415,20240902,20240909
20240902,600519.SH,-0.02269503546099283,20240903,20240910
20240903,600519.SH,-0.014285714285714346,20240904,20240911
20240904,600519.SH,-0.04969819486361826,20240905,20240912
20240905,600519.SH,-0.067145922746781,20240906,20240913
20240906,600519.SH,-0.0786181818181817,20240909,20240918
20240909,600519.SH,-0.08490566037735847,20240910,20240919
20240910,600519.SH,-0.08411594202898554,20240911,20240920
20240911,600519.SH,-0.05506868605156323,20240912,20240923
20240912,600519.SH,0.05250243457324011,20240913,20240924
20240913,600519.SH,0.10427026600363076,20240918,20240925
20240918,600519.SH,0.2125297383029341,20240919,20240926
20240919,600519.SH,0.2890056332679285,20240920,20240927
20240920,600519.SH,0.38560806633162636,20240923,20240930
20240923,600519.SH,0.25528194667055226,20240924,20241008
20240924,600519.SH,0.14020729092208728,20240925,20241009
20240925,600519.SH,0.07259646827992161,20240926,20241010
20240926,600519.SH,-0.014860054014240065,20240927,20241011
20240927,600519.SH,-0.08352974828375281,20240930,20241014
20240930,600519.SH,-0.09793964016250722,20241008,20241015
20241008,600519.SH,-0.045544306178102345,20241009,20241016
20241009,600519.SH,-0.08865853658536593,20241010,20241017
20241010,600519.SH,-0.039869407286026726,20241011,20241018
20241011,600519.SH,-0.04568692688468712,20241014,20241021
20241014,600519.SH,-0.007238217789930834,20241015,20241022
20241015,600519.SH,0.029556650246305383,20241016,20241023
20241016,600519.SH,0.03853873946206354,20241017,20241024
20241017,600519.SH,0.01158338741077225,20241018,20241025
20241018,600519.SH,0.0236787022501308,20241021,20241028
20241021,600519.SH,-0.007375243033052481,20241022,20241029
20241022,600519.SH,-0.022647527910685916,20241023,20241030
20241023,600519.SH,-0.01572606622857886,20241024,20241031
20241024,600519.SH,-0.016101613368829537,20241025,20241101
20241025,600519.SH,-0.010734824281150135,20241028,20241104
20241028,600519.SH,0.02962223005706388,20241029,20241105
20241029,600519.SH,0.025456919060052208,20241030,20241106
20241030,600519.SH,0.07942845548144706,20241031,20241107
20241031,600519.SH,0.04969519152404245,20241101,20241108
20241101,600519.SH,0.03217284588554459,20241104,20241111
20241104,600519.SH,0.00013316508031113727,20241105,20241112
20241105,600519.SH,0.004774029280713021,20241106,20241113
20241106,600519.SH,-0.04568441733267048,20241107,20241114
20241107,600519.SH,-0.0316589750119568,20241108,20241115
20241108,600519.SH,-0.024411611942353306,20241111,20241118
20241111,600519.SH,-0.022368754755262454,20241112,20241119
20241112,600519.SH,-0.021343047196705767,20241113,20241120
20241113,600519.SH,-0.01821705426356579,20241114,20241121
20241114,600519.SH,-0.03282873636946759,20241115,20241122
20241115,600519.SH,-0.03876202694034636,20241118,20241125
20241118,600519.SH,-0.02135000518833674,20241119,20241126
20241119,600519.SH,-0.016675189829169934,20241120,20241127
20241120,600519.SH,-0.017558393144913365,20241121,20241128
20241121,600519.SH,0.011884707723733623,20241122,20241129
20241122,600519.SH,0.017636813762453407,20241125,20241202
20241125,600519.SH,0.011756129887342537,20241126,20241203
20241126,600519.SH,0.0006253908692932519,20241127,20241204
20241127,600519.SH,-0.00461133069828723,20241128,20241205
20241128,600519.SH,-0.003100135016451011,20241129,20241206
20241129,600519.SH,-0.0040655737704917705,20241202,20241209
20241202,600519.SH,0.01300155887708443,20241203,20241210
20241203,600519.SH,0.010263157894736752,20241204,20241211
20241204,600519.SH,0.036267372600926384,20241205,20241212
20241205,600519.SH,-0.001321490325507435,20241206,20241213
20241206,600519.SH,0.005530682117461216,20241209,20241216
20241209,600519.SH,0.007377520868491416,20241210,20241217
20241210,600519.SH,0.02337848398020337,20241211,20241218
20241211,600519.SH,-0.009445650785540938,20241212,20241219
20241212,600519.SH,0.017643566090730367,20241213,20241220
20241213,600519.SH,0.015138923945446914,20241216,20241223
20241216,600519.SH,0.003134533362067371,20241217,20241224
20241217,600519.SH,-0.011183150824921495,20241218,20241225
20241218,600519.SH,0.00043269815492985586,20241219,20241226
20241219,600519.SH,0.004579500657030389,20241220,20241227
20241220,600519.SH,-0.0009499164728620224,20241223,20241230
20241223,600519.SH,-0.009630756033844112,20241224,20241231
20241224,600519.SH,-0.027450980392156765,20241225,20250102
20241225,600519.SH,-0.03455317812002945,20241226,20250103
20241226,600519.SH,-0.05818950012099655,20241227,20250106
20241227,600519.SH,-0.055606557377049226,20241230,20250107
20241230,600519.SH,-0.053477690288713964,20241231,20250108
20241231,600519.SH,-0.029569892473118253,20250102,20250109
20250102,600519.SH,-0.026440677966101722,20250103,20250110
20250103,600519.SH,0.002763888888888788,20250106,20250113
20250106,600519.SH,0.02242744063324542,20250107,20250114
20250107,600519.SH,0.019944540727903082,20250108,20250115
20250108,600519.SH,0.0016481994459833782,20250109,20250116
20250109,600519.SH,0.01305710306406671,20250110,20250117
20250110,600519.SH,0.021343785925012737,20250113,20250120
20250113,600519.SH,-0.002954159592529648,20250114,20250121
20250114,600519.SH,-0.02057406186491939,20250115,20250122
20250115,600519.SH,-0.0023368685960812874,20250116,20250123
20250116,600519.SH,-0.012888812510740588,20250117,20250124
20250117,600519.SH,-0.02699349064279899,20250120,20250127
20250120,600519.SH,-0.04383067125293749,20250121,20250205
20250121,600519.SH,-0.019541984732824424,20250122,20250206
20250122,600519.SH,-0.004851004851004759,20250123,20250207
20250123,600519.SH,-0.003126740947075324,20250124,20250210
20250124,600519.SH,-0.011839803761698575,20250127,20250211
20250127,600519.SH,0.02792420572731147,20250205,20250212
20250205,600519.SH,0.03696101469380819,20250206,20250213
20250206,600519.SH,0.027158774373259087,20250207,20250214
20250207,600519.SH,0.028019364167906513,20250210,20250217
20250210,600519.SH,0.04019746121297607,20250211,20250218
20250211,600519.SH,0.033264033264033266,20250212,20250219
20250212,600519.SH,0.006102139161536124,20250213,20250220
20250213,600519.SH,0.00895593220338986,20250214,20250221
20250214,600519.SH,0.005062448186352375,20250217,20250224
20250217,600519.SH,-0.014237288135593218,20250218,20250225
20250218,600519.SH,-0.020784708249496964,20250219,20250226
20250219,600519.SH,0.007842605156037852,20250220,20250227
20250220,600519.SH,0.008453108096303508,20250221,20250228
20250221,600519.SH,0.0053749991548743825,20250224,20250303
20250224,600519.SH,0.01107977991746889,20250225,20250304
20250225,600519.SH,0.004356134547023549,20250226,20250305
20250226,600519.SH,0.013745658202967359,20250227,20250306
20250227,600519.SH,0.013466241113013755,20250228,20250307
20250228,600519.SH,0.024128794501755202,20250303,20250310
20250303,600519.SH,0.05344498030759626,20250304,20250311
20250304,600519.SH,0.051971876129489836,20250305,20250312
20250305,600519.SH,0.02110917807673407,20250306,20250313
20250306,600519.SH,0.07035502958579887,20250307,20250314
20250307,600519.SH,0.07548755663536655,20250310,20250317
20250310,600519.SH,0.0486349665521606,20250311,20250318
20250311,600519.SH,0.06037288179543365,20250312,20250319
20250312,600519.SH,0.04306885945232386,20250313,20250320
20250313,600519.SH,-0.0333290336054447,20250314,20250321
20250314,600519.SH,-0.033494926306277595,20250317,20250324
20250317,600519.SH,-0.029864532019704404,20250318,20250325
20250318,600519.SH,-0.03650402577473988,20250319,20250326
20250319,600519.SH,-0.009351620947630868,20250320,20250327
20250320,600519.SH,0.007281969817315437,20250321,20250328
20250321,600519.SH,-0.013897662665824484,20250324,20250331
20250324,600519.SH,-0.01236432878451299,20250325,20250401
20250325,600519.SH,-0.01711928934010165,20250326,20250402
20250326,600519.SH,-0.012662051604782842,20250327,20250403
20250327,600519.SH,-0.05375313050005992,20250328,20250407
20250328,600519.SH,-0.010249839846252273,20250331,20250408
20250331,600519.SH,-0.00962712561535184,20250401,20250409
20250401,600519.SH,-1.2911389136283091e-05,20250402,20250410
20250402,600519.SH,6.37397379021909e-05,20250403,20250411
20250403,600519.SH,0.03465999999999991,20250407,20250414
20250407,600519.SH,0.008414239482200436,20250408,20250415
20250408,600519.SH,0.011764782224990888,20250409,20250416
20250409,600519.SH,0.01355713363460298,20250410,20250417
20250410,600519.SH,-0.001937564532371261,20250411,20250418
20250411,600519.SH,-0.0006378907080586416,20250414,20250421
20250414,600519.SH,-0.005905006418485126,20250415,20250422
20250415,600519.SH,-0.004598600537465525,20250416,20250423
20250416,600519.SH,-0.011305732484076514,20250417,20250424
20250417,600519.SH,-0.010179189496404728,20250418,20250425
20250418,600519.SH,-0.0006447453255963298,20250421,20250428
20250421,600519.SH,-0.0030991735537190257,20250422,20250429
20250422,600519.SH,-0.003221649484536071,20250423,20250430
20250423,600519.SH,-0.0013206635529070532,20250424,20250506
20250424,600519.SH,0.003225806451612856,20250425,20250507
20250425,600519.SH,0.0181870967741935,20250428,20250508
20250428,600519.SH,0.030556994818652816,20250429,20250509
20250429,600519.SH,0.037168713639301965,20250430,20250512
20250430,600519.SH,0.02586762998322789,20250506,20250513
20250506,600519.SH,0.05144051446945341,20250507,20250514
20250507,600519.SH,0.03410235776427428,20250508,20250515
20250508,600519.SH,0.014423258210887635,20250509,20250516
20250509,600519.SH,-0.01590526643814283,20250512,20250519
20250512,600519.SH,-0.0027038923473557963,20250513,20250520
20250513,600519.SH,-0.03303995743093224,20250514,20250521
20250514,600519.SH,-0.03186867727526177,20250515,20250522
20250515,600519.SH,-0.02572903049940234,20250516,20250523
20250516,600519.SH,-0.018036960569481564,20250519,20250526
20250519,600519.SH,-0.026544766708701095,20250520,20250527
20250520,600519.SH,-0.02781203944413868,20250521,20250528
20250521,600519.SH,-0.025316455696202556,20250522,20250529
20250522,600519.SH,-0.03217601424392724,20250523,20250530
20250523,600519.SH,-0.026765559496936486,20250526,20250603
20250526,600519.SH,-0.021983289073126522,20250527,20250604
20250527,600519.SH,-0.014964216005204922,20250528,20250605
20250528,600519.SH,-0.021824675324675136,20250529,20250606
20250529,600519.SH,-0.023580814717476972,20250530,20250609
20250530,600519.SH,-0.022524850894632187,20250603,20250610
20250603,600519.SH,-0.01984158520755519,20250604,20250611
20250604,600519.SH,-0.03632760898282694,20250605,20250612
20250605,600519.SH,-0.052735347419990974,20250606,20250613
20250606,600519.SH,-0.04294433117333163,20250609,20250616
20250609,600519.SH,-0.03254893187164831,20250610,20250617
20250610,600519.SH,-0.03716216216216217,20250611,20250618
20250611,600519.SH,-0.022618231665524346,20250612,20250619
20250612,600519.SH,0.001198360138757515,20250613,20250620
20250613,600519.SH,-0.0016100795196478668,20250616,20250623
20250616,600519.SH,0.007147862648913872,20250617,20250624
20250617,600519.SH,0.007621052631578973,20250618,20250625
20250618,600519.SH,0.015308440408485557,20250619,20250626
20250619,600519.SH,0.0013498143659931294,20250620,20250627
20250620,600519.SH,0.012073552107932484,20250623,20250630
20250623,600519.SH,-0.0031743537927741983,20250624,20250701
20250624,600519.SH,0.000951354499289403,20250625,20250702
20250625,600519.SH,-0.003098591549295815,20250626,20250703
20250626,600519.SH,0.013634193102367131,20250627,20250704
20250627,600519.SH,0.000837164424768666,20250630,20250707
20250630,600519.SH,0.007835741228382265,20250701,20250708
20250701,600519.SH,0.006583427922815188,20250702,20250709
20250702,600519.SH,0.00769991523029101,20250703,20250710
20250703,600519.SH,0.0033609427514729173,20250704,20250711
20250704,600519.SH,0.009144396398950816,20250707,20250714
20250707,600519.SH,-0.003608476742625988,20250708,20250715
20250708,600519.SH,-0.005532532701849391,20250709,20250716
20250709,600519.SH,-0.007115317209954397,20250710,20250717
20250710,600519.SH,0.0070077084793274125,20250711,20250718
20250711,600519.SH,0.013627423433548946,20250714,20250721
20250714,600519.SH,0.03825655563430197,20250715,20250722
20250715,600519.SH,0.04569002785199472,20250716,20250723
20250716,600519.SH,0.05305891905249416,20250717,20250724
20250717,600519.SH,0.012526096033402823,20250718,20250725
20250718,600519.SH,-0.003007623007623028,20250721,20250728
20250721,600519.SH,-0.01773403049870992,20250722,20250729
20250722,600519.SH,-0.017661809556082653,20250723,20250730
20250723,600519.SH,-0.04681863895407301,20250724,20250731
20250724,600519.SH,-0.026116838487972527,20250725,20250801
20250725,600519.SH,-0.013665494279399004,20250728,20250804
20250728,600519.SH,-0.00782487838776924,20250729,20250805
20250729,600519.SH,-0.017634396732531088,20250730,20250806
20250730,600519.SH,0.0004783107190837743,20250731,20250807
20250731,600519.SH,0.0028016937191248648,20250801,20250808
20250801,600519.SH,0.018322762508809154,20250804,20250811
20250804,600519.SH,0.00651379102637728,20250805,20250812
20250805,600519.SH,-0.0026898334129281665,20250806,20250813
20250806,600519.SH,0.003262206911097909,20250807,20250814
20250807,600519.SH,0.0007811565339168602,20250808,20250815
20250808,600519.SH,-0.01141868512110733,20250811,20250818
20250811,600519.SH,0.0006680398597114223,20250812,20250819
20250812,600519.SH,0.021090806661737238,20250813,20250820
20250813,600519.SH,0.014898492631342908,20250814,20250821
20250814,600519.SH,0.02944278802880307,20250815,20250822
20250815,600519.SH,0.043283164158207876,20250818,20250825
20250818,600519.SH,0.03032684283727405,20250819,20250826
20250819,600519.SH,-0.0013793103448275223,20250820,20250827
20250820,600519.SH,-0.00148455031935113,20250821,20250828
20250821,600519.SH,0.010963489190204623,20250822,20250829
20250822,600519.SH,-0.009548220863835444,20250825,20250901
20250825,600519.SH,0.006540182639156011,20250826,20250902
20250826,600519.SH,0.022479281767955772,20250827,20250903
20250827,600519.SH,0.018366641311112986,20250828,20250904
20250828,600519.SH,0.002027027027027062,20250829,20250905
20250829,600519.SH,0.017024591829821745,20250901,20250908
20250901,600519.SH,0.009186615704419143,20250902,20250909
20250902,600519.SH,0.02800310695349717,20250903,20250910
20250903,600519.SH,0.034522564610975914,20250904,20250911
20250904,600519.SH,0.022252191503708607,20250905,20250912
20250905,600519.SH,0.009239090612364498,20250908,20250915
20250908,600519.SH,-0.0033355481727574965,20250909,20250916
20250909,600519.SH,-0.019060321548478698,20250910,20250917
20250910,600519.SH,-0.036455530029537275,20250911,20250918
20250911,600519.SH,-0.031682058047493356,20250912,20250919
20250912,600519.SH,-0.040756385717114374,20250915,20250922
20250915,600519.SH,-0.03504046720622933,20250916,20250923
20250916,600519.SH,-0.03415941058271932,20250917,20250924
20250917,600519.SH,-0.01972805798523125,20250918,20250925
20250918,600519.SH,-0.022459587048781815,20250919,20250926
20250919,600519.SH,0.005167371933808118,20250922,20250929
20250922,600519.SH,-0.002369733733125212,20250923,20250930
20250923,600519.SH,-0.0036199722607490603,20250924,20251009
20250924,600519.SH,-0.006254343293954134,20250925,20251010
20250925,600519.SH,-0.011010452961672468,20250926,20251013
20250926,600519.SH,-0.006735758388894175,20250929,20251014
20250929,600519.SH,0.01247238554283614,20250930,20251015
20250930,600519.SH,0.033498517518339765,20251009,20251016
20251009,600519.SH,0.0174825174825175,20251010,20251017
20251010,600519.SH,0.02729002254791446,20251013,20251020
20251013,600519.SH,0.007746275034113959,20251014,20251021
20251014,600519.SH,-0.0022571819425444284,20251015,20251022
20251015,600519.SH,-0.01140136439245476,20251016,20251023
20251016,600519.SH,-0.0034364261168384758,20251017,20251024
20251017,600519.SH,-0.012017037855041157,20251020,20251027
20251020,600519.SH,-0.011803646410351032,20251021,20251028
20251021,600519.SH,-0.018372523479810776,20251022,20251029
20251022,600519.SH,-0.02809302579054207,20251023,20251030
20251023,600519.SH,-0.013786206896551634,20251024,20251031
20251024,600519.SH,-0.003755875063350178,20251027,20251103
20251027,600519.SH,-0.01107266435986154,20251028,20251104
20251028,600519.SH,-0.00825476639430145,20251029,20251105
20251029,600519.SH,0.005880538850806749,20251030,20251106
20251030,600519.SH,0.0023216620862789306,20251031,20251107
20251031,600519.SH,0.019024390243902456,20251103,20251110
20251103,600519.SH,0.0209867039888032,20251104,20251111
20251104,600519.SH,0.031737648583178624,20251105,20251112
20251105,600519.SH,0.024562234780124648,20251106,20251113
20251106,600519.SH,0.01623492147656158,20251107,20251114
20251107,600519.SH,0.005949531559871435,20251110,20251117
20251110,600519.SH,0.011658750231324344,20251111,20251118
20251111,600519.SH,0.003999590485615823,20251112,20251119
20251112,600519.SH,-0.0022239149063509878,20251113,20251120
20251113,600519.SH,0.006865302759851755,20251114,20251121
20251114,600519.SH,-0.01291638341264445,20251117,20251124
20251117,600519.SH,-0.021239837398373762,20251118,20251125
20251118,600519.SH,-0.014860537997702372,20251119,20251126
20251119,600519.SH,-0.01350273667277846,20251120,20251127
20251120,600519.SH,-0.010977771716896179,20251121,20251128
20251121,600519.SH,-0.0027548209366390353,20251124,20251201
20251124,600519.SH,-0.005966843180009063,20251125,20251202
20251125,600519.SH,-0.01383569678777219,20251126,20251203
20251126,600519.SH,-0.01611276169418907,20251127,20251204
20251127,600519.SH,-0.014126163391933733,20251128,20251205
20251128,600519.SH,-0.020566298342541534,20251201,20251208
20251201,600519.SH,-0.024386677158555248,20251202,20251209
20251202,600519.SH,-0.018403190819396897,20251203,20251210
20251203,600519.SH,-0.008420062079523505,20251204,20251211
20251204,600519.SH,-0.006545408773365291,20251205,20251212
20251205,600519.SH,0.005485749742635271,20251208,20251215
20251208,600519.SH,0.014982048664891723,20251209,20251216
20251209,600519.SH,0.021599657827202634,20251210,20251217
20251210,600519.SH,0.01346326815345722,20251211,20251218
20251211,600519.SH,0.009402449801598323,20251212,20251219
20251212,600519.SH,0.004374448753574622,20251215,20251222
20251215,600519.SH,0.006913609886553873,20251216,20251223
20251216,600519.SH,-0.00582468236235556,20251217,20251224
20251217,600519.SH,0.005065402852540091,20251218,20251225
20251218,600519.SH,0.0029290780141844053,20251219,20251226
20251219,600519.SH,-0.004445201880334482,20251222,20251229
20251222,600519.SH,-0.012884803886750062,20251223,20251230
20251223,600519.SH,-0.01693197230351917,20251224,20251231
20251224,600519.SH,0.00836533090081093,20251225,20260105
20251225,600519.SH,0.009815222080006736,20251226,20260106
20251226,600519.SH,0.01523537803138364,20251229,20260107
20251229,600519.SH,0.016247877270241462,20251230,20260108
20251230,600519.SH,0.03043901305566421,20251231,20260109
20251231,600519.SH,-0.0019424964936886058,20260105,20260112
20260105,600519.SH,-0.011911681290747267,20260106,20260113
20260106,600519.SH,-0.017809970773381312,20260107,20260114
20260107,600519.SH,-0.016575798343128056,20260108,20260115
20260108,600519.SH,-0.026143330279754684,20260109,20260116
20260109,600519.SH,-0.03318507901041989,20260112,20260119
20260112,600519.SH,-0.02654145995747703,20260113,20260120
20260113,600519.SH,-0.03358345076215474,20260114,20260121
20260114,600519.SH,-0.03515757187394264,20260115,20260122
20260115,600519.SH,-0.03256150506512301,20260116,20260123
20260116,600519.SH,-0.02470930232558144,20260119,20260126
20260119,600519.SH,-0.02223435623020631,20260120,20260127
20260120,600519.SH,-0.020258167660947457,20260121,20260128
20260121,600519.SH,0.07287733385072315,20260122,20260129
20260122,600519.SH,0.04786836200448774,20260123,20260130
20260123,600519.SH,0.06333830104321914,20260126,20260202
20260126,600519.SH,0.09821967073960725,20260127,20260203
20260127,600519.SH,0.15208243621996065,20260128,20260204
20260128,600519.SH,0.08157360264863822,20260129,20260205
20260129,600519.SH,0.08137758743754464,20260130,20260206
20260130,600519.SH,0.06864751226348975,20260202,20260209
20260202,600519.SH,0.02025872589699773,20260203,20260210
20260203,600519.SH,-0.013554098360655797,20260204,20260211
20260204,600519.SH,-0.04398713826366574,20260205,20260212
20260205,600519.SH,-0.019610431614312862,20260206,20260213
20260206,600519.SH,-0.021836638338054715,20260209,20260225
20260209,600519.SH,-0.025644603934077526,20260210,20260226
20260210,600519.SH,-0.0327787121176869,20260211,20260227
20260211,600519.SH,-0.03127270281178518,20260212,20260302
20260212,600519.SH,-0.03979667407257803,20260213,20260303
20260213,600519.SH,-0.06065725433409763,20260225,20260304
20260225,600519.SH,-0.04379318105864782,20260226,20260306
20260226,600519.SH,-0.03987574053964893,20260227,20260309
20260227,600519.SH,-0.026546583247112898,20260302,20260310
20260302,600519.SH,-0.018363612141439778,20260303,20260311
20260303,600519.SH,-0.006551620776773848,20260304,20260312
20260304,600519.SH,0.008302425106990086,20260306,20260313
20260306,600519.SH,0.04522548317823927,20260309,20260316
20260309,600519.SH,0.05929180814335022,20260310,20260317
20260310,600519.SH,0.049142857142857155,20260311,20260318
20260311,600519.SH,0.043728448275861975,20260312,20260319
20260312,600519.SH,0.022183865764975552,20260313,20260320
20260313,600519.SH,-0.03568737778967346,20260316,20260323
20260316,600519.SH,-0.052303030303030296,20260317,20260324
20260317,600519.SH,-0.03984885620915035,20260318,20260325
20260318,600519.SH,-0.03557785624316001,20260319,20260326
20260319,600519.SH,-0.020055363321799358,20260320,20260327
20260320,600519.SH,0.008472586775594815,20260323,20260330
20260323,600519.SH,0.030319825485138674,20260324,20260331
20260324,600519.SH,0.03486566402178304,20260325,20260401
20260325,600519.SH,0.041893261393967984,20260326,20260402
20260326,600519.SH,0.031058883349105226,20260327,20260403
20260327,600519.SH,0.014098591549295714,20260330,20260407
20260330,600519.SH,0.010358620689655096,20260331,20260408
20260331,600519.SH,0.0007194540371648905,20260401,20260409
20260401,600519.SH,-0.004055127818724857,20260402,20260410
20260402,600519.SH,-0.011431506849315265,20260403,20260413
20260403,600519.SH,0.004777711420674846,20260407,20260414
20260407,600519.SH,0.0016928096544757132,20260408,20260415
20260408,600519.SH,0.0016090490177953498,20260409,20260416
20260409,600519.SH,-0.032132933505736094,20260410,20260417
20260410,600519.SH,-0.02246225689560788,20260413,20260420
20260413,600519.SH,-0.02411362222682989,20260414,20260421
20260414,600519.SH,-0.039522998296422474,20260415,20260422
20260415,600519.SH,-0.029969101200404635,20260416,20260423
20260416,600519.SH,0.03641880560529831,20260417,20260424
20260417,600519.SH,-0.0054504603477236735,20260420,20260427
20260420,600519.SH,-0.004964554075396088,20260421,20260428
20260421,600519.SH,-0.005909897126640584,20260422,20260429
20260422,600519.SH,-0.02410852713178291,20260423,20260430
20260423,600519.SH,-0.057244136058526296,20260424,20260506
20260424,600519.SH,-0.022911915621436796,20260427,20260507
20260427,600519.SH,-0.022782918149466203,20260428,20260508
20260428,600519.SH,-0.028433380674721898,20260429,20260511
20260429,600519.SH,-0.021837246080633088,20260430,20260512
20260430,600519.SH,-0.022480000000000055,20260506,20260513
20260506,600519.SH,-0.02106414791583089,20260507,20260514
20260507,600519.SH,-0.02916263046344114,20260508,20260515
20260508,600519.SH,-0.02815628833567163,20260511,20260518
20260511,600519.SH,-0.022332139825034236,20260512,20260519
20260512,600519.SH,-0.02164289593702784,20260513,20260520
20260513,600519.SH,-0.02322358568586702,20260514,20260521
20260514,600519.SH,-0.03207172061967811,20260515,20260522
20260515,600519.SH,-0.02805744520030229,20260518,20260525
20260518,600519.SH,-0.038450502152080235,20260519,20260526
20260519,600519.SH,-0.009125475285171158,20260520,20260527
20260520,600519.SH,-0.026712433257055634,20260521,20260528
20260521,600519.SH,0.027747636025422517,20260522,20260529
20260522,600519.SH,0.018446511338538585,20260525,20260601
20260525,600519.SH,0.02657494227960222,20260526,20260602
20260526,600519.SH,-0.01618572524942441,20260527,20260603
20260527,600519.SH,-0.006254016520635175,20260528,20260604
20260528,600519.SH,-0.04007541478129728,20260529,20260605
20260529,600519.SH,-0.03559865607819168,20260601,20260608
20260601,600519.SH,-0.039182387050381684,20260602,20260609
20260602,600519.SH,-0.004703918371804505,20260603,20260610
20260603,600519.SH,0.008675078864353258,20260604,20260611
20260604,600519.SH,0.014966296371949905,20260605,20260612
20260605,600519.SH,0.006429238784461999,20260608,20260615
20260608,600519.SH,-0.00026273885350314163,20260609,20260616
20260609,600519.SH,-0.028121766937329595,20260610,20260617
20260610,600519.SH,-0.05003909304143861,20260611,20260618
20260611,600519.SH,-0.03908941025303614,20260612,20260622
20260612,600519.SH,-0.03827393596097861,20260615,20260623
20260615,600519.SH,-0.03821864024783572,20260616,20260624
20260616,600519.SH,-0.022500000000000075,20260617,20260625
20260617,600519.SH,-0.01539975941934546,20260618,20260626
20260618,600519.SH,-0.014634589464161185,20260622,20260629
20260622,600519.SH,-0.007281821704549607,20260623,20260630
20260623,600519.SH,0.011233374263501572,20260624,20260701
20260624,600519.SH,0.015982811728929125,20260625,20260702
20260625,600519.SH,0.02209424710986352,20260626,20260703
20260626,600519.SH,0.010000334739238337,20260629,20260706
20260629,600519.SH,0.00279209440821937,20260630,20260707
20260630,600519.SH,0.005272378270089861,20260701,20260708
20260701,600519.SH,-0.017298420615128762,20260702,20260709
20260702,600519.SH,0.00881577294989322,20260703,20260710
20260703,600519.SH,0.0033805337597665464,20260706,20260713
20260706,600519.SH,0.021938088829071445,20260707,20260714
20260707,600519.SH,0.04315850913032593,20260708,20260715
20260708,600519.SH,0.06496417665519072,20260709,20260716
20260709,600519.SH,0.03985128383873571,20260710,20260717
20260710,600519.SH,0.09621053848504113,20260713,20260720
20260713,600519.SH,0.07664954563413673,20260714,20260721
20260714,600519.SH,0.04311543810848417,20260715,20260722
20260715,600519.SH,0.026227372735287746,20260716,20260723
20260716,600519.SH,0.03544293695131695,20260717,20260724
20240102,300750.SZ,-0.03299101412066763,20240103,20240110
20240103,300750.SZ,0.02394179894179893,20240104,20240111
20240104,300750.SZ,0.02471835652750154,20240105,20240112
20240105,300750.SZ,0.011333333333333195,20240108,20240115
20240108,300750.SZ,0.05548083389374581,20240109,20240116
20240109,300750.SZ,0.01048718969865936,20240110,20240117
20240110,300750.SZ,-0.0013564139000127318,20240111,20240118
20240111,300750.SZ,0.0017461036021471088,20240112,20240119
20240112,300750.SZ,0.026104152933421387,20240115,20240122
20240115,300750.SZ,-0.019369225868110962,20240116,20240123
20240116,300750.SZ,0.008145034156594733,20240117,20240124
20240117,300750.SZ,0.002522475907120958,20240118,20240125
20240118,300750.SZ,-0.03163331181407347,20240119,20240126
20240119,300750.SZ,-0.055505589104458464,20240122,20240129
20240122,300750.SZ,-0.08550451562601502,20240123,20240130
20240123,300750.SZ,-0.012314308053166356,20240124,20240131
20240124,300750.SZ,-0.03858064516129012,20240125,20240201
20240125,300750.SZ,-0.026666666666666727,20240126,20240202
20240126,300750.SZ,0.03346483471636508,20240129,20240205
20240129,300750.SZ,0.12490230905861477,20240130,20240206
20240130,300750.SZ,0.05283989709083681,20240131,20240207
20240131,300750.SZ,0.09273922963360626,20240201,20240208
20240201,300750.SZ,0.09650684931506848,20240202,20240219
20240202,300750.SZ,0.0420560747663552,20240205,20240220
20240205,300750.SZ,0.018126697404155623,20240206,20240221
20240206,300750.SZ,0.0046992481203007586,20240207,20240222
20240207,300750.SZ,-0.014369933677229385,20240208,20240223
20240208,300750.SZ,-0.02554812917733762,20240219,20240226
20240219,300750.SZ,-0.0031579612202361496,20240220,20240227
20240220,300750.SZ,-0.025992555831265585,20240221,20240228
20240221,300750.SZ,0.019706891175553576,20240222,20240229
20240222,300750.SZ,0.025233644859813165,20240223,20240301
20240223,300750.SZ,0.05064102564102568,20240226,20240304
20240226,300750.SZ,0.04321104986377722,20240227,20240305
20240227,300750.SZ,0.042226609770078305,20240228,20240306
20240228,300750.SZ,-0.020549201883676815,20240229,20240307
20240229,300750.SZ,-0.03980553023397149,20240301,20240308
20240301,300750.SZ,0.10341671751067705,20240304,20240311
20240304,300750.SZ,0.12869723656240506,20240305,20240312
20240305,300750.SZ,0.13163040821315097,20240306,20240313
20240306,300750.SZ,0.1477364970340307,20240307,20240314
20240307,300750.SZ,0.14556962025316444,20240308,20240315
20240308,300750.SZ,0.05590268178048108,20240311,20240318
20240311,300750.SZ,0.0075871717606541544,20240312,20240319
20240312,300750.SZ,0.02322065017820485,20240313,20240320
20240313,300750.SZ,0.028670910178989262,20240314,20240321
20240314,300750.SZ,0.030441988950276055,20240315,20240322
20240315,300750.SZ,-0.032258064516129004,20240318,20240325
20240318,300750.SZ,0.024299065420560817,20240319,20240326
20240319,300750.SZ,-0.007810850749419229,20240320,20240327
20240320,300750.SZ,-0.0015866299978845033,20240321,20240328
20240321,300750.SZ,0.019569996246850074,20240322,20240329
20240322,300750.SZ,0.0705627705627705,20240325,20240401
20240325,300750.SZ,0.041188738269030134,20240326,20240402
20240326,300750.SZ,0.05132978723404236,20240327,20240403
20240327,300750.SZ,0.03082953702722757,20240328,20240408
20240328,300750.SZ,0.03071098022717722,20240329,20240409
20240329,300750.SZ,-0.025778406793368402,20240401,20240410
20240401,300750.SZ,-0.03555332999499261,20240402,20240411
20240402,300750.SZ,-0.04685049329623081,20240403,20240412
20240403,300750.SZ,0.013052415210688562,20240408,20240415
20240408,300750.SZ,0.005867346938775553,20240409,20240416
20240409,300750.SZ,0.01686209401265959,20240410,20240417
20240410,300750.SZ,0.015368639667705075,20240411,20240418
20240411,300750.SZ,0.01279261107277474,20240412,20240419
20240412,300750.SZ,-0.03317439383179466,20240415,20240422
20240415,300750.SZ,-0.03662186152675628,20240416,20240423
20240416,300750.SZ,-0.03260370427062609,20240417,20240424
20240417,300750.SZ,-0.012067907547555712,20240418,20240425
20240418,300750.SZ,0.040251572327043794,20240419,20240426
20240419,300750.SZ,0.0998426023084995,20240422,20240429
20240422,300750.SZ,0.09285404122859209,20240423,20240430
20240423,300750.SZ,0.11842364324702137,20240424,20240506
20240424,300750.SZ,0.09705316635030958,20240425,20240507
20240425,300750.SZ,0.04902866526252447,20240426,20240508
20240426,300750.SZ,0.02338614445412035,20240429,20240509
20240429,300750.SZ,0.0044422507403751865,20240430,20240510
20240430,300750.SZ,-0.03686346506908866,20240506,20240513
20240506,300750.SZ,-0.03804137664346474,20240507,20240514
20240507,300750.SZ,-0.026275648280273622,20240508,20240515
20240508,300750.SZ,-0.046466093600764036,20240509,20240516
20240509,300750.SZ,-0.002457002457002533,20240510,20240517
20240510,300750.SZ,0.0205668422372709,20240513,20240520
20240513,300750.SZ,0.012813426460981825,20240514,20240521
20240514,300750.SZ,0.03537318712415982,20240515,20240522
20240515,300750.SZ,0.023388591175439455,20240516,20240523
20240516,300750.SZ,-0.009950738916256197,20240517,20240524
20240517,300750.SZ,-0.016908331285327982,20240520,20240527
20240520,300750.SZ,-0.018654494939472133,20240521,20240528
20240521,300750.SZ,-0.029772072819561624,20240522,20240529
20240522,300750.SZ,-0.02442008417343633,20240523,20240530
20240523,300750.SZ,-0.016021494676087156,20240524,20240531
20240524,300750.SZ,0.012449377531123407,20240527,20240603
20240527,300750.SZ,0.04130434782608705,20240528,20240604
20240528,300750.SZ,0.02681221389405919,20240529,20240605
20240529,300750.SZ,0.027288688236769554,20240530,20240606
20240530,300750.SZ,-0.0230582524271844,20240531,20240607
20240531,300750.SZ,-0.06780246913580235,20240603,20240611
20240603,300750.SZ,-0.09889789775209978,20240604,20240612
20240604,300750.SZ,-0.09278855575151879,20240605,20240613
20240605,300750.SZ,-0.097172713511402,20240606,20240614
20240606,300750.SZ,-0.025879917184265078,20240607,20240617
20240607,300750.SZ,0.008264025003973163,20240611,20240618
20240611,300750.SZ,0.018372844827586166,20240612,20240619
20240612,300750.SZ,0.015174424883896753,20240613,20240620
20240613,300750.SZ,0.0014603277624534172,20240614,20240621
20240614,300750.SZ,-0.006482465462274156,20240617,20240624
20240617,300750.SZ,-0.021068670204381856,20240618,20240625
20240618,300750.SZ,-0.0185175387545633,20240619,20240626
20240619,300750.SZ,-0.01590510133517764,20240620,20240627
20240620,300750.SZ,-0.027705767984445795,20240621,20240628
20240621,300750.SZ,-0.058348486469140926,20240624,20240701
20240624,300750.SZ,-0.054959209961356836,20240625,20240702
20240625,300750.SZ,-0.03239717535442821,20240626,20240703
20240626,300750.SZ,-0.029189189189189224,20240627,20240704
20240627,300750.SZ,-0.01338665777925896,20240628,20240705
20240628,300750.SZ,-0.000908729482592241,20240701,20240708
20240701,300750.SZ,-0.0017605633802817433,20240702,20240709
20240702,300750.SZ,-0.035933147632311924,20240703,20240710
20240703,300750.SZ,-0.014420935412026603,20240704,20240711
20240704,300750.SZ,0.012273392635964386,20240705,20240712
20240705,300750.SZ,0.012563242567221744,20240708,20240715
20240708,300750.SZ,0.0200830630938158,20240709,20240716
20240709,300750.SZ,0.04530482519503032,20240710,20240717
20240710,300750.SZ,0.06406417716513202,20240711,20240718
20240711,300750.SZ,0.053615127919910854,20240712,20240719
20240712,300750.SZ,0.0640017965416575,20240715,20240722
20240715,300750.SZ,0.0384829894032348,20240716,20240723
20240716,300750.SZ,0.03001824313118462,20240717,20240724
20240717,300750.SZ,-0.0032917440934430164,20240718,20240725
20240718,300750.SZ,-0.00047508445945942945,20240719,20240726
20240719,300750.SZ,-0.026329674968341155,20240722,20240729
20240722,300750.SZ,-0.007035445757250347,20240723,20240730
20240723,300750.SZ,-5.36711034778703e-05,20240724,20240731
20240724,300750.SZ,-0.039578117509188604,20240725,20240801
20240725,300750.SZ,-0.06474782149458669,20240726,20240802
20240726,300750.SZ,-0.04080637294748812,20240729,20240805
20240729,300750.SZ,-0.05376169614365289,20240730,20240806
20240730,300750.SZ,-0.06784391605388884,20240731,20240807
20240731,300750.SZ,-0.043815862451469845,20240801,20240808
20240801,300750.SZ,-0.04003613981591281,20240802,20240809
20240802,300750.SZ,-0.04519774011299438,20240805,20240812
20240805,300750.SZ,-0.006687625035724398,20240806,20240813
20240806,300750.SZ,-0.008406748430932143,20240807,20240814
20240807,300750.SZ,0.0058004640371229765,20240808,20240815
20240808,300750.SZ,0.021294117647058908,20240809,20240816
20240809,300750.SZ,0.03905325443786967,20240812,20240819
20240812,300750.SZ,0.006272298308205748,20240813,20240820
20240813,300750.SZ,0.010452354683235576,20240814,20240821
20240814,300750.SZ,0.03114186851211076,20240815,20240822
20240815,300750.SZ,0.04711438774334775,20240816,20240823
20240816,300750.SZ,0.04738041002277904,20240819,20240826
20240819,300750.SZ,0.049350946417338504,20240820,20240827
20240820,300750.SZ,0.0506292741796448,20240821,20240828
20240821,300750.SZ,0.01118568232662187,20240822,20240829
20240822,300750.SZ,0.013971397139713737,20240823,20240830
20240823,300750.SZ,-0.014843410178338345,20240826,20240902
20240826,300750.SZ,0.011716621253406112,20240827,20240903
20240827,300750.SZ,0.02368449841374054,20240828,20240904
20240828,300750.SZ,0.03318584070796482,20240829,20240905
20240829,300750.SZ,0.008733861343170224,20240830,20240906
20240830,300750.SZ,0.021855510789778654,20240902,20240909
20240902,300750.SZ,-0.0241852949097765,20240903,20240910
20240903,300750.SZ,-0.0031525514293347934,20240904,20240911
20240904,300750.SZ,0.013650963597430232,20240905,20240912
20240905,300750.SZ,-0.013175584834632992,20240906,20240913
20240906,300750.SZ,0.006751282743721276,20240909,20240918
20240909,300750.SZ,0.0316846986089645,20240910,20240919
20240910,300750.SZ,-0.005145797598627766,20240911,20240920
20240911,300750.SZ,-0.00607340903089526,20240912,20240923
20240912,300750.SZ,0.07640326975476852,20240913,20240924
20240913,300750.SZ,0.08959227467811148,20240918,20240925
20240918,300750.SZ,0.09957196361690723,20240919,20240926
20240919,300750.SZ,0.22203663793103434,20240920,20240927
20240920,300750.SZ,0.3384165781083954,20240923,20240930
20240923,300750.SZ,0.5137707573916563,20240924,20241008
20240924,300750.SZ,0.25553914327917293,20240925,20241009
20240925,300750.SZ,0.2554133618802006,20240926,20241010
20240926,300750.SZ,0.06604647061417035,20240927,20241011
20240927,300750.SZ,-0.008614871570923777,20240930,20241014
20240930,300750.SZ,-0.19324414715719063,20241008,20241015
20241008,300750.SZ,-0.0829411764705883,20241009,20241016
20241009,300750.SZ,-0.1027131782945736,20241010,20241017
20241010,300750.SZ,0.03350014475371199,20241011,20241018
20241011,300750.SZ,0.014576325484542796,20241014,20241021
20241014,300750.SZ,0.038678384876875915,20241015,20241022
20241015,300750.SZ,0.06606799230275806,20241016,20241023
20241016,300750.SZ,0.06332613390928721,20241017,20241024
20241017,300750.SZ,0.03597582936492061,20241018,20241025
20241018,300750.SZ,0.011367224502683904,20241021,20241028
20241021,300750.SZ,0.004909199760526839,20241022,20241029
20241022,300750.SZ,-0.005094263939029342,20241023,20241030
20241023,300750.SZ,-0.0007312317192070816,20241024,20241031
20241024,300750.SZ,-0.04898022249690981,20241025,20241101
20241025,300750.SZ,-0.019669060256010118,20241028,20241104
20241028,300750.SZ,0.03816824211613312,20241029,20241105
20241029,300750.SZ,0.03414909486755646,20241030,20241106
20241030,300750.SZ,0.06837954305228089,20241031,20241107
20241031,300750.SZ,0.04589764419171405,20241101,20241108
20241101,300750.SZ,0.0648885350318471,20241104,20241111
20241104,300750.SZ,0.04449290332453426,20241105,20241112
20241105,300750.SZ,0.09941520467836251,20241106,20241113
20241106,300750.SZ,0.04642313546423127,20241107,20241114
20241107,300750.SZ,0.03130097087378636,20241108,20241115
20241108,300750.SZ,-0.01712149532710283,20241111,20241118
20241111,300750.SZ,-0.01574976192220323,20241112,20241119
20241112,300750.SZ,-0.051241134751773054,20241113,20241120
20241113,300750.SZ,-0.024509090909091036,20241114,20241121
20241114,300750.SZ,-0.0243259527037204,20241115,20241122
20241115,300750.SZ,0.004488057203712259,20241118,20241125
20241118,300750.SZ,-0.04465614766299497,20241119,20241126
20241119,300750.SZ,-0.02859278639506646,20241120,20241127
20241120,300750.SZ,-0.05054797584433013,20241121,20241128
20241121,300750.SZ,0.008259359320725634,20241122,20241129
20241122,300750.SZ,-0.007232109049602475,20241125,20241202
20241125,300750.SZ,0.01994390775942656,20241126,20241203
20241126,300750.SZ,-0.0035782993459020362,20241127,20241204
20241127,300750.SZ,0.005104043973301886,20241128,20241205
20241128,300750.SZ,0.020326136885622237,20241129,20241206
20241129,300750.SZ,0.022350204050497702,20241202,20241209
20241202,300750.SZ,0.03334097158570115,20241203,20241210
20241203,300750.SZ,0.03139359771402095,20241204,20241211
20241204,300750.SZ,0.06917968749999992,20241205,20241212
20241205,300750.SZ,0.0018007878446819614,20241206,20241213
20241206,300750.SZ,-0.0031710501772057587,20241209,20241216
20241209,300750.SZ,0.011937761023025573,20241210,20241217
20241210,300750.SZ,0.01613627854736066,20241211,20241218
20241211,300750.SZ,-0.014321727375689486,20241212,20241219
20241212,300750.SZ,-0.016177957532861442,20241213,20241220
20241213,300750.SZ,-0.013847305389221631,20241216,20241223
20241216,300750.SZ,-0.020343316289262225,20241217,20241224
20241217,300750.SZ,-0.01267455141667595,20241218,20241225
20241218,300750.SZ,-0.03165424960154195,20241219,20241226
20241219,300750.SZ,-0.0027025998249019523,20241220,20241227
20241220,300750.SZ,0.011688804554079724,20241223,20241230
20241223,300750.SZ,-0.008313760578607887,20241224,20241231
20241224,300750.SZ,-0.03429488375564449,20241225,20250102
20241225,300750.SZ,-0.013856459330143678,20241226,20250103
20241226,300750.SZ,-0.020038167938931206,20241227,20250106
20241227,300750.SZ,-0.06425838397479189,20241230,20250107
20241230,300750.SZ,-0.07766917293233089,20241231,20250108
20241231,300750.SZ,-0.04424607774943945,20250102,20250109
20250102,300750.SZ,-0.0451422582773745,20250103,20250110
20250103,300750.SZ,-0.03832521908471287,20250106,20250113
20250106,300750.SZ,0.027059530968129852,20250107,20250114
20250107,300750.SZ,0.02254014836553364,20250108,20250115
20250108,300750.SZ,0.010512271054865963,20250109,20250116
20250109,300750.SZ,0.022357723577235866,20250110,20250117
20250110,300750.SZ,0.07537159288809692,20250113,20250120
20250113,300750.SZ,0.031147540983606614,20250114,20250121
20250114,300750.SZ,0.02842109459082387,20250115,20250122
20250115,300750.SZ,0.030288480774616877,20250116,20250123
20250116,300750.SZ,0.04121514619219102,20250117,20250124
20250117,300750.SZ,-0.027461932016383694,20250120,20250127
20250120,300750.SZ,-0.041089468162525344,20250121,20250205
20250121,300750.SZ,-0.014303611936075766,20250122,20250206
20250122,300750.SZ,0.01952917932621534,20250123,20250207
20250123,300750.SZ,-0.008326298825876766,20250124,20250210
20250124,300750.SZ,-0.020233463035019494,20250127,20250211
20250127,300750.SZ,0.012613041408852999,20250205,20250212
20250205,300750.SZ,0.03275385223231919,20250206,20250213
20250206,300750.SZ,0.03226423759951014,20250207,20250214
20250207,300750.SZ,0.0423679628554845,20250210,20250217
20250210,300750.SZ,0.0753375694996028,20250211,20250218
20250211,300750.SZ,0.07148452800626726,20250212,20250219
20250212,300750.SZ,0.033704426336126136,20250213,20250220
20250213,300750.SZ,0.02165288643357699,20250214,20250221
20250214,300750.SZ,0.007795100222717233,20250217,20250224
20250217,300750.SZ,-0.0047641910108209284,20250218,20250225
20250218,300750.SZ,-0.018022299396819652,20250219,20250226
20250219,300750.SZ,-0.0007401924500369805,20250220,20250227
20250220,300750.SZ,-0.040827436037016884,20250221,20250228
20250221,300750.SZ,0.0074769797421729844,20250224,20250303
20250224,300750.SZ,-0.02404631141457625,20250225,20250304
20250225,300750.SZ,-0.0284044374953466,20250226,20250305
20250226,300750.SZ,-0.021074074074074134,20250227,20250306
20250227,300750.SZ,-0.013393870601589142,20250228,20250307
20250228,300750.SZ,-0.06226008116111559,20250303,20250310
20250303,300750.SZ,-0.029657794676806182,20250304,20250311
20250304,300750.SZ,-0.02486685313613557,20250305,20250312
20250305,300750.SZ,-0.04195830653399413,20250306,20250313
20250306,300750.SZ,0.004755330572173699,20250307,20250314
20250307,300750.SZ,-0.0019493177387914784,20250310,20250317
20250310,300750.SZ,0.007053291536050388,20250311,20250318
20250311,300750.SZ,0.042789783889980226,20250312,20250319
20250312,300750.SZ,0.03526577679488185,20250313,20250320
20250313,300750.SZ,-0.022900763358778553,20250314,20250321
20250314,300750.SZ,0.008437500000000098,20250317,20250324
20250317,300750.SZ,0.009649805447470738,20250318,20250325
20250318,300750.SZ,-0.03191529447228603,20250319,20250326
20250319,300750.SZ,-0.01247377455655152,20250320,20250327
20250320,300750.SZ,0.0031250000000000444,20250321,20250328
20250321,300750.SZ,-0.020220018593120614,20250324,20250331
20250324,300750.SZ,-0.04015723755202727,20250325,20250401
20250325,300750.SZ,-0.03028179978203338,20250326,20250402
20250326,300750.SZ,-0.06103213844252153,20250327,20250403
20250327,300750.SZ,-0.1619158878504674,20250328,20250407
20250328,300750.SZ,-0.13398434411322835,20250331,20250408
20250331,300750.SZ,-0.15124869509355177,20250401,20250409
20250401,300750.SZ,-0.1250702416312114,20250402,20250410
20250402,300750.SZ,-0.07849267730788223,20250403,20250411
20250403,300750.SZ,0.04079546510547338,20250407,20250414
20250407,300750.SZ,0.041543026706231334,20250408,20250415
20250408,300750.SZ,0.06386300203415485,20250409,20250416
20250409,300750.SZ,0.036792366272135224,20250410,20250417
20250410,300750.SZ,0.006517857142857242,20250411,20250418
20250411,300750.SZ,0.03285714285714292,20250414,20250421
20250414,300750.SZ,0.03135827518965373,20250415,20250422
20250415,300750.SZ,0.05837341497254367,20250416,20250423
20250416,300750.SZ,0.0690619747925929,20250417,20250424
20250417,300750.SZ,0.07040098293276764,20250418,20250425
20250418,300750.SZ,0.03538900904496445,20250421,20250428
20250421,300750.SZ,0.005808660973600999,20250422,20250429
20250422,300750.SZ,-0.007928005142489702,20250423,20250430
20250423,300750.SZ,-0.022121838983408693,20250424,20250506
20250424,300750.SZ,0.0084953508030432,20250425,20250507
20250425,300750.SZ,0.04138812007664461,20250428,20250508
20250428,300750.SZ,0.06999094944619233,20250429,20250509
20250429,300750.SZ,0.1101511879049677,20250430,20250512
20250430,300750.SZ,0.11716962396926123,20250506,20250513
20250506,300750.SZ,0.10054063115544198,20250507,20250514
20250507,300750.SZ,0.0638263073966554,20250508,20250515
20250508,300750.SZ,0.04466911024288067,20250509,20250516
20250509,300750.SZ,0.011673151750972721,20250512,20250519
20250512,300750.SZ,0.016346562584534707,20250513,20250520
20250513,300750.SZ,0.04371667936024348,20250514,20250521
20250514,300750.SZ,0.03916519332769619,20250515,20250522
20250515,300750.SZ,0.029418568784700838,20250516,20250523
20250516,300750.SZ,-0.015769230769230758,20250519,20250526
20250519,300750.SZ,-0.03425855513307985,20250520,20250527
20250520,300750.SZ,-0.0747227086981902,20250521,20250528
20250521,300750.SZ,-0.06849872397085477,20250522,20250529
20250522,300750.SZ,-0.0636353421476461,20250523,20250530
20250523,300750.SZ,-0.018561938257131594,20250526,20250603
20250526,300750.SZ,-0.011575258868459337,20250527,20250604
20250527,300750.SZ,-0.008280757097791858,20250528,20250605
20250528,300750.SZ,-0.01179273377010126,20250529,20250606
20250529,300750.SZ,-0.017679999999999918,20250530,20250609
20250530,300750.SZ,-0.03189329086203474,20250603,20250610
20250603,300750.SZ,-0.0021907986456881634,20250604,20250611
20250604,300750.SZ,-0.006719681908548658,20250605,20250612
20250605,300750.SZ,-0.002732240437158473,20250606,20250613
20250606,300750.SZ,0.004397752259955867,20250609,20250616
20250609,300750.SZ,0.012832113185818894,20250610,20250617
20250610,300750.SZ,-0.01968063872255499,20250611,20250618
20250611,300750.SZ,-0.030863456226732366,20250612,20250619
20250612,300750.SZ,-0.03199033037872678,20250613,20250620
20250613,300750.SZ,-0.02858185356360965,20250616,20250623
20250616,300750.SZ,-0.0013806545927069758,20250617,20250624
20250617,300750.SZ,0.03799324021663897,20250618,20250625
20250618,300750.SZ,0.04415530772408105,20250619,20250626
20250619,300750.SZ,0.04465995171897119,20250620,20250627
20250620,300750.SZ,0.05262718584366266,20250623,20250630
20250623,300750.SZ,0.02269030579050102,20250624,20250701
20250624,300750.SZ,-0.017457826598666237,20250625,20250702
20250625,300750.SZ,0.038767356303651246,20250626,20250703
20250626,300750.SZ,0.05900633491374152,20250627,20250704
20250627,300750.SZ,0.034374752200459824,20250630,20250707
20250630,300750.SZ,0.04695825049701785,20250701,20250708
20250701,300750.SZ,0.08125374326212809,20250702,20250709
20250702,300750.SZ,0.03583533264785421,20250703,20250710
20250703,300750.SZ,0.02144469525959347,20250704,20250711
20250704,300750.SZ,0.02916938173176442,20250707,20250714
20250707,300750.SZ,0.016862253617409007,20250708,20250715
20250708,300750.SZ,-0.02363367799113747,20250709,20250716
20250709,300750.SZ,-0.023897058823529438,20250710,20250717
20250710,300750.SZ,-0.001104972375690516,20250711,20250718
20250711,300750.SZ,0.0415642458100558,20250714,20250721
20250714,300750.SZ,0.07062558356676019,20250715,20250722
20250715,300750.SZ,0.08555219364599087,20250716,20250723
20250716,300750.SZ,0.07419962335216579,20250717,20250724
20250717,300750.SZ,0.042772861356932035,20250718,20250725
20250718,300750.SZ,0.02374311664163642,20250721,20250728
20250721,300750.SZ,0.018000418614386282,20250722,20250729
20250722,300750.SZ,-0.034596892202634066,20250723,20250730
20250723,300750.SZ,-0.0721598877980365,20250724,20250731
20250724,300750.SZ,-0.06976661951909491,20250725,20250801
20250725,300750.SZ,-0.06922808243101641,20250728,20250804
20250728,300750.SZ,-0.08950723048454534,20250729,20250805
20250729,300750.SZ,-0.04363203291349371,20250730,20250806
20250730,300750.SZ,-0.005933036051696816,20250731,20250807
20250731,300750.SZ,0.001558520545862363,20250801,20250808
20250801,300750.SZ,-0.010582407685379769,20250804,20250811
20250804,300750.SZ,-0.00922092585622869,20250805,20250812
20250805,300750.SZ,0.03245283018867928,20250806,20250813
20250806,300750.SZ,0.06401824748146723,20250807,20250814
20250807,300750.SZ,0.06524214361621383,20250808,20250815
20250808,300750.SZ,0.07335204429947662,20250811,20250818
20250811,300750.SZ,0.05527065527065522,20250812,20250819
20250812,300750.SZ,0.0241596744955197,20250813,20250820
20250813,300750.SZ,0.0004264653399292939,20250814,20250821
20250814,300750.SZ,0.026896201608402448,20250815,20250822
20250815,300750.SZ,0.02943523694042871,20250818,20250825
20250818,300750.SZ,0.04588678969767468,20250819,20250826
20250819,300750.SZ,-0.003223495702005641,20250820,20250827
20250820,300750.SZ,-0.0056989247311826086,20250821,20250828
20250821,300750.SZ,0.0661605961417926,20250822,20250829
20250822,300750.SZ,0.047264709935235016,20250825,20250901
20250825,300750.SZ,0.04618307426597612,20250826,20250902
20250826,300750.SZ,0.11031261228889688,20250827,20250903
20250827,300750.SZ,0.09595904978191094,20250828,20250904
20250828,300750.SZ,0.061826376641191505,20250829,20250905
20250829,300750.SZ,0.07029605263157901,20250901,20250908
20250901,300750.SZ,0.05655891966850457,20250902,20250909
20250902,300750.SZ,0.022783171521035595,20250903,20250910
20250903,300750.SZ,0.0609150412788213,20250904,20250911
20250904,300750.SZ,-0.00033834702100843383,20250905,20250912
20250905,300750.SZ,0.09014352890555366,20250908,20250915
20250908,300750.SZ,0.10443749999999996,20250909,20250916
20250909,300750.SZ,0.19320339197569947,20250910,20250917
20250910,300750.SZ,0.1374670593706402,20250911,20250918
20250911,300750.SZ,0.13381538461538467,20250912,20250919
20250912,300750.SZ,0.04327600789399488,20250915,20250922
20250915,300750.SZ,0.04167845622771771,20250916,20250923
20250916,300750.SZ,0.007504640678864805,20250917,20250924
20250917,300750.SZ,0.07075690261386258,20250918,20250925
20250918,300750.SZ,0.032321094195228994,20250919,20250926
20250919,300750.SZ,0.07382786109985129,20250922,20250929
20250922,300750.SZ,0.09194621757435839,20250923,20250930
20250923,300750.SZ,0.0788566314847472,20250924,20251009
20250924,300750.SZ,-0.027745959017436816,20250925,20251010
20250925,300750.SZ,-0.015509989484752795,20250926,20251013
20250926,300750.SZ,-0.09907642751088397,20250929,20251014
20250929,300750.SZ,-0.08134328358208953,20250930,20251015
20250930,300750.SZ,-0.10097831125423884,20251009,20251016
20251009,300750.SZ,-0.06233800235632936,20251010,20251017
20251010,300750.SZ,-0.021361815754339153,20251013,20251020
20251013,300750.SZ,0.050000000000000044,20251014,20251021
20251014,300750.SZ,0.009639859193067979,20251015,20251022
20251015,300750.SZ,0.021573948439620017,20251016,20251023
20251016,300750.SZ,0.07714860110571276,20251017,20251024
20251017,300750.SZ,0.05369713506139151,20251020,20251027
20251020,300750.SZ,0.02814578345304608,20251021,20251028
20251021,300750.SZ,0.07278871426272593,20251022,20251029
20251022,300750.SZ,0.05801567273210262,20251023,20251030
20251023,300750.SZ,0.007776654483241385,20251024,20251031
20251024,300750.SZ,0.0017608369154280545,20251027,20251103
20251027,300750.SZ,-0.019483543779755808,20251028,20251104
20251028,300750.SZ,-0.028249999999999997,20251029,20251105
20251029,300750.SZ,-0.009063747520650756,20251030,20251106
20251030,300750.SZ,0.016976618566247437,20251031,20251107
20251031,300750.SZ,-0.006074548932430535,20251103,20251110
20251103,300750.SZ,0.01754848924660246,20251104,20251111
20251104,300750.SZ,-0.005968613326472916,20251105,20251112
20251105,300750.SZ,0.0530049660484444,20251106,20251113
20251106,300750.SZ,0.022131168272757185,20251107,20251114
20251107,300750.SZ,0.01630646797222446,20251110,20251117
20251110,300750.SZ,-0.001556016597510479,20251111,20251118
20251111,300750.SZ,0.012215953206687669,20251112,20251119
20251112,300750.SZ,-0.08712704523580372,20251113,20251120
20251113,300750.SZ,-0.08443036721765806,20251114,20251121
20251114,300750.SZ,-0.051768258355084695,20251117,20251124
20251117,300750.SZ,-0.03283116883116877,20251118,20251125
20251118,300750.SZ,-0.04673996420352866,20251119,20251126
20251119,300750.SZ,-0.021587284851999344,20251120,20251127
20251120,300750.SZ,0.00864864864864856,20251121,20251128
20251121,300750.SZ,0.03351774389421136,20251124,20251201
20251124,300750.SZ,0.02073262434203449,20251125,20251202
20251125,300750.SZ,0.008744166085510319,20251126,20251203
20251126,300750.SZ,0.032731681034482873,20251127,20251204
20251127,300750.SZ,0.04257770632368696,20251128,20251205
20251128,300750.SZ,0.024884455701490893,20251201,20251208
20251201,300750.SZ,0.019758998105662062,20251202,20251209
20251202,300750.SZ,0.016751754945756314,20251203,20251210
20251203,300750.SZ,0.014712403808530006,20251204,20251211
20251204,300750.SZ,0.006964969544321464,20251205,20251212
20251205,300750.SZ,-0.017834394904458595,20251208,20251215
20251208,300750.SZ,-0.023684821589824212,20251209,20251216
20251209,300750.SZ,0.002719807521313955,20251210,20251217
20251210,300750.SZ,-0.043677215352579735,20251211,20251218
20251211,300750.SZ,-0.045431342521694784,20251212,20251219
20251212,300750.SZ,-0.035434500648508505,20251215,20251222
20251215,300750.SZ,-0.0008192172511297668,20251216,20251223
20251216,300750.SZ,-0.020395388868603592,20251217,20251224
20251217,300750.SZ,0.0027150537634408334,20251218,20251225
20251218,300750.SZ,0.0011497326203209202,20251219,20251226
20251219,300750.SZ,-0.00680400172117035,20251222,20251229
20251222,300750.SZ,-0.023538746363396035,20251223,20251230
20251223,300750.SZ,-0.022204472843450507,20251224,20251231
20251224,300750.SZ,0.012037210798638176,20251225,20260105
20251225,300750.SZ,-0.001175119514996159,20251226,20260106
20251226,300750.SZ,0.004603178901193994,20251229,20260107
20251229,300750.SZ,2.708559046582515e-05,20251230,20260108
20251230,300750.SZ,0.005364047268964889,20251231,20260109
20251231,300750.SZ,-0.04190728476821193,20260105,20260112
20260105,300750.SZ,-0.04008128559587165,20260106,20260113
20260106,300750.SZ,-0.04590172771623402,20260107,20260114
20260107,300750.SZ,-0.04187318870019763,20260108,20260115
20260108,300750.SZ,-0.045798012079191874,20260109,20260116
20260109,300750.SZ,-0.035335102853351064,20260112,20260119
20260112,300750.SZ,-0.02618384401114182,20260113,20260120
20260113,300750.SZ,-0.01178032657212269,20260114,20260121
20260114,300750.SZ,-0.022473498233215428,20260115,20260122
20260115,300750.SZ,-0.015099909173478587,20260116,20260123
20260116,300750.SZ,-0.01963313270278,20260119,20260126
20260119,300750.SZ,-0.029176201372998034,20260120,20260127
20260120,300750.SZ,-0.02807238215031027,20260121,20260128
20260121,300750.SZ,-0.011307113938692992,20260122,20260129
20260122,300750.SZ,0.008645533141210304,20260123,20260130
20260123,300750.SZ,0.020260195877795706,20260126,20260202
20260126,300750.SZ,0.025073659398939574,20260127,20260203
20260127,300750.SZ,0.07364922497720516,20260128,20260204
20260128,300750.SZ,0.06156951066132388,20260129,20260205
20260129,300750.SZ,0.054600000000000204,20260130,20260206
20260130,300750.SZ,0.056851395495443935,20260202,20260209
20260202,300750.SZ,0.04903567014457777,20260203,20260210
20260203,300750.SZ,0.008136317562940087,20260204,20260211
20260204,300750.SZ,0.035625723260042985,20260205,20260212
20260205,300750.SZ,-0.010213757416488445,20260206,20260213
20260206,300750.SZ,-0.018003362073640394,20260209,20260225
20260209,300750.SZ,-0.05197687481162849,20260210,20260226
20260210,300750.SZ,-0.07062500000000016,20260211,20260227
20260211,300750.SZ,-0.0948466225024609,20260212,20260302
20260212,300750.SZ,-0.058219740515684126,20260213,20260303
20260213,300750.SZ,-0.064277431111602,20260225,20260304
20260225,300750.SZ,0.02534682080924866,20260226,20260306
20260226,300750.SZ,0.04529107336042815,20260227,20260309
20260227,300750.SZ,0.10604902710011155,20260302,20260310
20260302,300750.SZ,0.15325369837533076,20260303,20260311
20260303,300750.SZ,0.16701091767483045,20260304,20260312
20260304,300750.SZ,0.11903486766073779,20260306,20260313
20260306,300750.SZ,0.1423776223776223,20260309,20260316
20260309,300750.SZ,0.07626893436088222,20260310,20260317
20260310,300750.SZ,0.013155241935483897,20260311,20260318
20260311,300750.SZ,0.012642225031605614,20260312,20260319
20260312,300750.SZ,0.04030226700251904,20260313,20260320
20260313,300750.SZ,-0.01569537511384722,20260316,20260323
20260316,300750.SZ,-0.019777777777777672,20260317,20260324
20260317,300750.SZ,-0.010472115815133631,20260318,20260325
20260318,300750.SZ,0.004993757802746579,20260319,20260326
20260319,300750.SZ,0.0076997578692494795,20260320,20260327
20260320,300750.SZ,0.02738871851383995,20260323,20260330
20260323,300750.SZ,0.011864278697196307,20260324,20260331
20260324,300750.SZ,0.019858726527739456,20260325,20260401
20260325,300750.SZ,-0.0033043478260869064,20260326,20260402
20260326,300750.SZ,-0.07141140852515748,20260327,20260403
20260327,300750.SZ,-0.06878934624697342,20260330,20260407
20260330,300750.SZ,-0.025889967637540368,20260331,20260408
20260331,300750.SZ,-0.038746888171353966,20260401,20260409
20260401,300750.SZ,0.03696687189969339,20260402,20260410
20260402,300750.SZ,0.10523728199554938,20260403,20260413
20260403,300750.SZ,0.12012792844327747,20260407,20260414
20260407,300750.SZ,0.10145668285203158,20260408,20260415
20260408,300750.SZ,0.16408113028539195,20260409,20260416
20260409,300750.SZ,0.06778846153846163,20260410,20260417
20260410,300750.SZ,0.012572284784491794,20260413,20260420
20260413,300750.SZ,0.039021332900020855,20260414,20260421
20260414,300750.SZ,0.028281965092512573,20260415,20260422
20260416,300750.SZ,0.017274973264633786,20260417,20260424
20260417,300750.SZ,0.021263550470290715,20260420,20260427
20260420,300750.SZ,-0.0295498813385916,20260421,20260428
20260421,300750.SZ,0.019823536152171473,20260422,20260429
20260422,300750.SZ,-0.006607427660059062,20260423,20260430
20260423,300750.SZ,0.03394021128343461,20260424,20260506
20260424,300750.SZ,0.03853936718175133,20260427,20260507
20260427,300750.SZ,0.02181588608038898,20260428,20260508
20260428,300750.SZ,0.002494382022472097,20260429,20260511
20260429,300750.SZ,-0.010894495412844152,20260430,20260512
20260430,300750.SZ,-0.05641304347826093,20260506,20260513
20260506,300750.SZ,-0.054556726596404204,20260507,20260514
20260507,300750.SZ,-0.030663615560640678,20260508,20260515
20260508,300750.SZ,-0.06473739660621824,20260511,20260518
20260511,300750.SZ,-0.030910144927536187,20260512,20260519
20260512,300750.SZ,-0.04446492339592212,20260513,20260520
20260513,300750.SZ,-0.03599531615925067,20260514,20260521
20260514,300750.SZ,-0.029367327667610854,20260515,20260522
20260515,300750.SZ,-0.03439349998801633,20260518,20260525
20260518,300750.SZ,-0.036897013782542176,20260519,20260526
20260519,300750.SZ,0.00012055455093440415,20260520,20260527
20260520,300750.SZ,0.009838933022374485,20260521,20260528
20260521,300750.SZ,0.03122871874695976,20260522,20260529
20260522,300750.SZ,0.04274225575853863,20260525,20260601
20260525,300750.SZ,0.07798757763975162,20260526,20260602
20260526,300750.SZ,0.028013500482160003,20260527,20260603
20260527,300750.SZ,-0.017994611239414815,20260528,20260604
20260528,300750.SZ,-0.04952830188679247,20260529,20260605
20260529,300750.SZ,-0.06446084265651053,20260601,20260608
20260601,300750.SZ,-0.07925972020558203,20260602,20260609
20260602,300750.SZ,-0.08892641058111717,20260603,20260610
20260603,300750.SZ,-0.06369426751592366,20260604,20260611
20260604,300750.SZ,-0.020223325062034614,20260605,20260612
20260605,300750.SZ,0.012925550862551649,20260608,20260615
20260608,300750.SZ,0.010087609511889806,20260609,20260616
20260609,300750.SZ,0.027027027027026973,20260610,20260617
20260610,300750.SZ,0.02446363160648879,20260611,20260618
20260611,300750.SZ,0.035785741420792716,20260612,20260622
20260612,300750.SZ,-0.01404169806581268,20260615,20260623
20260615,300750.SZ,-0.0202463261715361,20260616,20260624
20260616,300750.SZ,0.00726817042606509,20260617,20260625
20260617,300750.SZ,-0.026944196143532162,20260618,20260626
20260618,300750.SZ,-0.040637683994327434,20260622,20260629
20260622,300750.SZ,0.0012738528954676642,20260623,20260630
20260623,300750.SZ,-0.029138000809388886,20260624,20260701
20260624,300750.SZ,-0.04864394127892502,20260625,20260702
20260625,300750.SZ,-0.002624671916010346,20260626,20260703
20260626,300750.SZ,-0.045493934142114445,20260629,20260706
20260629,300750.SZ,-0.05221241189791603,20260630,20260707
20260630,300750.SZ,-0.05950395998332636,20260701,20260708
20260701,300750.SZ,-0.01791552242709571,20260702,20260709
20260702,300750.SZ,-0.08221052631578951,20260703,20260710
20260703,300750.SZ,-0.041253905102667465,20260706,20260713
20260706,300750.SZ,-0.02276571183119025,20260707,20260714
20260707,300750.SZ,0.033240997229917024,20260708,20260715
20260708,300750.SZ,-0.024766977363515186,20260709,20260716
20260709,300750.SZ,0.032228466567266745,20260710,20260717
20260710,300750.SZ,0.04837631593605529,20260713,20260720
20260713,300750.SZ,0.049971154638608795,20260714,20260721
20260714,300750.SZ,-0.001983914209115367,20260715,20260722
20260715,300750.SZ,0.05404150737302027,20260716,20260723
20260716,300750.SZ,0.06391666666666662,20260717,20260724
20240102,601318.SH,-0.04010152284263946,20240103,20240110
20240103,601318.SH,-0.01208226221079689,20240104,20240111
20240104,601318.SH,-0.024121118809340425,20240105,20240112
20240105,601318.SH,-0.007282184655396651,20240108,20240115
20240108,601318.SH,0.008337675872850392,20240109,20240116
20240109,601318.SH,0.005023796932839719,20240110,20240117
20240110,601318.SH,0.014571948998178597,20240111,20240118
20240111,601318.SH,0.03076518537996331,20240112,20240119
20240112,601318.SH,0.034320146712077504,20240115,20240122
20240115,601318.SH,0.01705426356589146,20240116,20240123
20240116,601318.SH,0.056827150749802824,20240117,20240124
20240117,601318.SH,0.05539882021031017,20240118,20240125
20240118,601318.SH,0.052295918367346816,20240119,20240126
20240119,601318.SH,0.03799392097264431,20240122,20240129
20240122,601318.SH,0.021087398373983657,20240123,20240130
20240123,601318.SH,0.008464027881503355,20240124,20240131
20240124,601318.SH,-0.020656136087484844,20240125,20240201
20240125,601318.SH,-0.027878787878787836,20240126,20240202
20240126,601318.SH,-0.007320644216691097,20240129,20240205
20240129,601318.SH,0.03408808161234145,20240130,20240206
20240130,601318.SH,0.04616144161935343,20240131,20240207
20240131,601318.SH,0.06153846153846154,20240201,20240208
20240201,601318.SH,0.0655860349127182,20240202,20240219
20240202,601318.SH,0.04105211406096365,20240205,20240220
20240205,601318.SH,0.0488450433108758,20240206,20240221
20240206,601318.SH,0.0311467673430863,20240207,20240222
20240207,601318.SH,0.03015427769985979,20240208,20240223
20240208,601318.SH,0.0051486075356892425,20240219,20240226
20240219,601318.SH,0.018181818181818077,20240220,20240227
20240220,601318.SH,-0.021564579031888242,20240221,20240228
20240221,601318.SH,-0.01830663615560646,20240222,20240229
20240222,601318.SH,-0.02450646698434311,20240223,20240301
20240223,601318.SH,-0.01420256111757845,20240226,20240304
20240226,601318.SH,-0.007189239332096364,20240227,20240305
20240227,601318.SH,-0.003516998827666984,20240228,20240306
20240228,601318.SH,0.0037296037296037365,20240229,20240307
20240229,601318.SH,-0.0025587345894393376,20240301,20240308
20240301,601318.SH,0.0193670288143597,20240304,20240311
20240304,601318.SH,0.023359028264424264,20240305,20240312
20240305,601318.SH,0.0030588235294117805,20240306,20240313
20240306,601318.SH,-0.014166279609846733,20240307,20240314
20240307,601318.SH,-0.00932835820895539,20240308,20240315
20240308,601318.SH,-0.013901760889712511,20240311,20240318
20240311,601318.SH,-0.04519516092216391,20240312,20240319
20240312,601318.SH,-0.016654937837203954,20240313,20240320
20240313,601318.SH,-0.009893992932862195,20240314,20240321
20240314,601318.SH,-0.045197740112994156,20240315,20240322
20240315,601318.SH,-0.049812030075188085,20240318,20240325
20240318,601318.SH,-0.022232847238823794,20240319,20240326
20240319,601318.SH,-0.030295801526717625,20240320,20240327
20240320,601318.SH,-0.03188198905543671,20240321,20240328
20240321,601318.SH,0.0061637080867849026,20240322,20240329
20240322,601318.SH,0.02002967359050456,20240325,20240401
20240325,601318.SH,0.0024449877750611915,20240326,20240402
20240326,601318.SH,-0.0036900369003689537,20240327,20240403
20240327,601318.SH,-0.011550749569918972,20240328,20240408
20240328,601318.SH,-0.01715265866209259,20240329,20240409
20240329,601318.SH,-0.04969696969696957,20240401,20240410
20240401,601318.SH,-0.04999999999999993,20240402,20240411
20240402,601318.SH,-0.06716049382716038,20240403,20240412
20240403,601318.SH,-0.04624564893088012,20240408,20240415
20240408,601318.SH,-0.04562453253552723,20240409,20240416
20240409,601318.SH,-0.0063775510204081565,20240410,20240417
20240410,601318.SH,0.019255455712451797,20240411,20240418
20240411,601318.SH,0.043409211222869226,20240412,20240419
20240412,601318.SH,0.038321167883211604,20240415,20240422
20240415,601318.SH,0.04205851619644729,20240416,20240423
20240416,601318.SH,0.042362002567393864,20240417,20240424
20240417,601318.SH,0.03425692695214111,20240418,20240425
20240418,601318.SH,0.05352612886859465,20240419,20240426
20240419,601318.SH,0.05649008285212154,20240422,20240429
20240422,601318.SH,0.036851341188267606,20240423,20240430
20240423,601318.SH,0.04655172413793118,20240424,20240506
20240424,601318.SH,0.03726254262055528,20240425,20240507
20240425,601318.SH,0.010113171201540982,20240426,20240508
20240426,601318.SH,0.0061787072243346675,20240429,20240509
20240429,601318.SH,0.037959381044487595,20240430,20240510
20240430,601318.SH,0.0037655919039771835,20240506,20240513
20240506,601318.SH,-0.006574313219065542,20240507,20240514
20240507,601318.SH,-0.0026221692491060766,20240508,20240515
20240508,601318.SH,0.01676901275389686,20240509,20240516
20240509,601318.SH,0.05287677614721642,20240510,20240517
20240510,601318.SH,0.06588511137162967,20240513,20240520
20240513,601318.SH,0.07303238005199697,20240514,20240521
20240514,601318.SH,0.08508604206500947,20240515,20240522
20240515,601318.SH,0.040185830429732894,20240516,20240523
20240516,601318.SH,-0.028982300884955903,20240517,20240524
20240517,601318.SH,-0.02991641003079626,20240520,20240527
20240520,601318.SH,-0.03612334801762107,20240521,20240528
20240521,601318.SH,-0.04251101321585904,20240522,20240529
20240522,601318.SH,-0.03640017865118361,20240523,20240530
20240523,601318.SH,-0.01868307131465019,20240524,20240531
20240524,601318.SH,-0.021995464852607727,20240527,20240603
20240527,601318.SH,-0.011197440585009044,20240528,20240604
20240528,601318.SH,-0.00897170462387853,20240529,20240605
20240529,601318.SH,-0.016222479721900274,20240530,20240606
20240530,601318.SH,-0.022057116322266146,20240531,20240607
20240531,601318.SH,-0.030141432877347607,20240603,20240611
20240603,601318.SH,-0.043217009475387314,20240604,20240612
20240604,601318.SH,-0.04131847725162496,20240605,20240613
20240605,601318.SH,-0.013663133097762237,20240606,20240614
20240606,601318.SH,-0.012820512820512886,20240607,20240617
20240607,601318.SH,-0.0023906287353574474,20240611,20240618
20240611,601318.SH,0.01449275362318847,20240612,20240619
20240612,601318.SH,0.005084745762711895,20240613,20240620
20240613,601318.SH,-0.004776689754000474,20240614,20240621
20240614,601318.SH,0.005291005291005346,20240617,20240624
20240617,601318.SH,-0.004313443565780117,20240618,20240625
20240618,601318.SH,-0.008333333333333415,20240619,20240626
20240619,601318.SH,-0.0021681522524691355,20240620,20240627
20240620,601318.SH,-0.0074394048476121855,20240621,20240628
20240621,601318.SH,-0.0043062200956937025,20240624,20240701
20240624,601318.SH,0.014921780986763222,20240625,20240702
20240625,601318.SH,0.014885954381752997,20240626,20240703
20240626,601318.SH,0.013520038628681785,20240627,20240704
20240627,601318.SH,-0.005802707930367523,20240628,20240705
20240628,601318.SH,-0.01874098990869766,20240701,20240708
20240701,601318.SH,-0.015413801280531159,20240702,20240709
20240702,601318.SH,-0.009699550508635024,20240703,20240710
20240703,601318.SH,-0.000952834683182413,20240704,20240711
20240704,601318.SH,0.037937743190661566,20240705,20240712
20240705,601318.SH,0.04138099902056802,20240708,20240715
20240708,601318.SH,-0.007947976878612817,20240709,20240716
20240709,601318.SH,0.010272336359292922,20240710,20240717
20240710,601318.SH,0.010252742012398564,20240711,20240718
20240711,601318.SH,0.008200562324273797,20240712,20240719
20240712,601318.SH,0.011051022807430089,20240715,20240722
20240715,601318.SH,0.038844379703811605,20240716,20240723
20240716,601318.SH,0.006384488058642779,20240717,20240724
20240717,601318.SH,0.004720320981826731,20240718,20240725
20240718,601318.SH,-0.010552578845838378,20240719,20240726
20240719,601318.SH,-0.0043200014527776665,20240722,20240729
20240722,601318.SH,0.0008086366872286366,20240723,20240730
20240723,601318.SH,0.03616263159560895,20240724,20240731
20240724,601318.SH,0.034702219147976,20240725,20240801
20240725,601318.SH,0.017765879776101112,20240726,20240802
20240726,601318.SH,0.01645692158760892,20240729,20240805
20240729,601318.SH,-0.010404064843939076,20240730,20240806
20240730,601318.SH,-0.04370300751879708,20240731,20240807
20240731,601318.SH,-0.03975535168195721,20240801,20240808
20240801,601318.SH,-0.028933524629363938,20240802,20240809
20240802,601318.SH,-0.03285714285714292,20240805,20240812
20240805,601318.SH,-0.0029339853300732743,20240806,20240813
20240806,601318.SH,-0.005159705159705097,20240807,20240814
20240807,601318.SH,0.012248897599216102,20240808,20240815
20240808,601318.SH,0.02462447672986956,20240809,20240816
20240809,601318.SH,0.03569670113244716,20240812,20240819
20240812,601318.SH,0.027954879843060443,20240813,20240820
20240813,601318.SH,0.03655223511978267,20240814,20240821
20240814,601318.SH,0.00943852855759908,20240815,20240822
20240815,601318.SH,0.04181687094448461,20240816,20240823
20240816,601318.SH,0.03042548134062284,20240819,20240826
20240819,601318.SH,0.029341603053435028,20240820,20240827
20240820,601318.SH,0.02906838217774599,20240821,20240828
20240821,601318.SH,0.021817309997602452,20240822,20240829
20240822,601318.SH,0.015686274509803866,20240823,20240830
20240823,601318.SH,0.0023068050749712743,20240826,20240902
20240826,601318.SH,0.0013904982618770934,20240827,20240903
20240827,601318.SH,-0.012734429266033742,20240828,20240904
20240828,601318.SH,0.0187705302674801,20240829,20240905
20240829,601318.SH,-0.01771519418578238,20240830,20240906
20240830,601318.SH,-0.017721518987341867,20240902,20240909
20240902,601318.SH,-0.012728535061328428,20240903,20240910
20240903,601318.SH,-0.0028142589118198558,20240904,20240911
20240904,601318.SH,-0.01888530631045604,20240905,20240912
20240905,601318.SH,-0.008323699421965314,20240906,20240913
20240906,601318.SH,0.02389878163074055,20240909,20240918
20240909,601318.SH,0.03211439287388651,20240910,20240919
20240910,601318.SH,0.03833490122295391,20240911,20240920
20240911,601318.SH,0.03497652582159616,20240912,20240923
20240912,601318.SH,0.08416880391699699,20240913,20240924
20240913,601318.SH,0.08375286041189911,20240918,20240925
20240918,601318.SH,0.14512832159890987,20240919,20240926
20240919,601318.SH,0.17553793884484703,20240920,20240927
20240920,601318.SH,0.29485144023588106,20240923,20240930
20240923,601318.SH,0.32752688172043,20240924,20241008
20240924,601318.SH,0.17609797297297303,20240925,20241009
20240925,601318.SH,0.16025386751289172,20240926,20241010
20240926,601318.SH,0.10867052023121393,20240927,20241011
20240927,601318.SH,0.02767559992993518,20240930,20241014
20240930,601318.SH,-0.07354608780171712,20241008,20241015
20241008,601318.SH,0.030161579892280077,20241009,20241016
20241009,601318.SH,-0.02564102564102566,20241010,20241017
20241010,601318.SH,0.010064112062552866,20241011,20241018
20241011,601318.SH,-0.014240830731288456,20241014,20241021
20241014,601318.SH,0.014112925374823782,20241015,20241022
20241015,601318.SH,0.03289730620842901,20241016,20241023
20241016,601318.SH,0.036038570525029234,20241017,20241024
20241017,601318.SH,0.009094088842252601,20241018,20241025
20241018,601318.SH,0.010544815465729274,20241021,20241028
20241021,601318.SH,0.00998948475289163,20241022,20241029
20241022,601318.SH,-0.040130337849425435,20241023,20241030
20241023,601318.SH,-0.03752151462994835,20241024,20241031
20241024,601318.SH,-0.026863084922010505,20241025,20241101
20241025,601318.SH,-0.009217391304347733,20241028,20241104
20241028,601318.SH,0.01943432240152676,20241029,20241105
20241029,601318.SH,0.027157405753081898,20241030,20241106
20241030,601318.SH,0.08798283261802586,20241031,20241107
20241031,601318.SH,0.05289403383793401,20241101,20241108
20241101,601318.SH,0.025100930314200243,20241104,20241111
20241104,601318.SH,-0.029617021276595823,20241105,20241112
20241105,601318.SH,-0.005218298834580026,20241106,20241113
20241106,601318.SH,-0.06311637080867849,20241107,20241114
20241107,601318.SH,-0.0561569688768605,20241108,20241115
20241108,601318.SH,-0.045205479452054775,20241111,20241118
20241111,601318.SH,-0.02455709524644789,20241112,20241119
20241112,601318.SH,-0.030250043713935915,20241113,20241120
20241113,601318.SH,-0.026491228070175454,20241114,20241121
20241114,601318.SH,-0.04964157706093186,20241115,20241122
20241115,601318.SH,-0.05720946915351499,20241118,20241125
20241118,601318.SH,-0.0460348858119044,20241119,20241126
20241119,601318.SH,-0.03443923548503436,20241120,20241127
20241120,601318.SH,-0.04180933501531803,20241121,20241128
20241121,601318.SH,0.004148595134829458,20241122,20241129
20241122,601318.SH,0.027392048696975424,20241125,20241202
20241125,601318.SH,0.02601319509896327,20241126,20241203
20241126,601318.SH,0.00709617180205413,20241127,20241204
20241127,601318.SH,0.009591875117547222,20241128,20241205
20241128,601318.SH,0.03511737089201872,20241129,20241206
20241129,601318.SH,0.015182373634512025,20241202,20241209
20241202,601318.SH,0.021862943229836507,20241203,20241210
20241203,601318.SH,0.017986278509178666,20241204,20241211
20241204,601318.SH,0.035394932935916446,20241205,20241212
20241205,601318.SH,-0.02503628447024664,20241206,20241213
20241206,601318.SH,-0.031187306219223054,20241209,20241216
20241209,601318.SH,-0.046925566343042124,20241210,20241217
20241210,601318.SH,-0.03570127504553744,20241211,20241218
20241211,601318.SH,-0.04839870456998907,20241212,20241219
20241212,601318.SH,-0.020841086713807244,20241213,20241220
20241213,601318.SH,-0.0003765060240962237,20241216,20241223
20241216,601318.SH,0.014525561214865368,20241217,20241224
20241217,601318.SH,0.01813373630525139,20241218,20241225
20241218,601318.SH,0.01058801285687272,20241219,20241226
20241219,601318.SH,0.01235271759787171,20241220,20241227
20241220,601318.SH,0.015065913370998052,20241223,20241230
20241223,601318.SH,-0.021011528449237815,20241224,20241231
20241224,601318.SH,-0.05918367346938769,20241225,20250102
20241225,601318.SH,-0.05893358278765226,20241226,20250103
20241226,601318.SH,-0.0550028158438145,20241227,20250106
20241227,601318.SH,-0.06920222634508344,20241230,20250107
20241230,601318.SH,-0.044634377967711414,20241231,20250108
20241231,601318.SH,-0.017747978702425504,20250102,20250109
20250102,601318.SH,-0.026838966202783143,20250103,20250110
20250103,601318.SH,-0.03476360746920948,20250106,20250113
20250106,601318.SH,-0.01614510663743285,20250107,20250114
20250107,601318.SH,-0.023658051689860793,20250108,20250115
20250108,601318.SH,-0.011242722344910638,20250109,20250116
20250109,601318.SH,0.008784473953013405,20250110,20250117
20250110,601318.SH,0.025108046923235205,20250113,20250120
20250113,601318.SH,0.010940032414910927,20250114,20250121
20250114,601318.SH,-0.0032579922622683055,20250115,20250122
20250115,601318.SH,0.022741116751268997,20250116,20250123
20250116,601318.SH,0.029971648440664023,20250117,20250124
20250117,601318.SH,0.020879341497691106,20250120,20250127
20250120,601318.SH,-0.003607214428857697,20250121,20250205
20250121,601318.SH,0.026557711950970342,20250122,20250206
20250122,601318.SH,0.010125074449077065,20250123,20250207
20250123,601318.SH,0.0007864726700748115,20250124,20250210
20250124,601318.SH,-0.006489675516224036,20250127,20250211
20250127,601318.SH,0.027353177795655714,20250205,20250212
20250205,601318.SH,0.015323383084577147,20250206,20250213
20250206,601318.SH,0.016116352201257955,20250207,20250214
20250207,601318.SH,0.01846758349705313,20250210,20250217
20250210,601318.SH,0.01563737133808374,20250211,20250218
20250211,601318.SH,0.0072435395458105845,20250212,20250219
20250212,601318.SH,-0.004704037632300984,20250213,20250220
20250213,601318.SH,-0.009671179883945946,20250214,20250221
20250214,601318.SH,0.0030864197530864335,20250217,20250224
20250217,601318.SH,-0.006431494835314799,20250218,20250225
20250218,601318.SH,0.00330417881438283,20250219,20250226
20250219,601318.SH,0.016541945647892797,20250220,20250227
20250220,601318.SH,-0.016015624999999978,20250221,20250228
20250221,601318.SH,-0.032115384615384546,20250224,20250303
20250224,601318.SH,-0.017653981953707265,20250225,20250304
20250225,601318.SH,-0.024021697016660126,20250226,20250305
20250226,601318.SH,0.00038744672607515795,20250227,20250306
20250227,601318.SH,0.02223104406510501,20250228,20250307
20250228,601318.SH,0.018279356248758205,20250303,20250310
20250303,601318.SH,0.02835463258785942,20250304,20250311
20250304,601318.SH,0.015283842794759916,20250305,20250312
20250305,601318.SH,-0.00968241673121606,20250306,20250313
20250306,601318.SH,0.038252427184465976,20250307,20250314
20250307,601318.SH,0.041560975609756134,20250310,20250317
20250310,601318.SH,0.04388349514563106,20250311,20250318
20250311,601318.SH,0.05708699902248293,20250312,20250319
20250312,601318.SH,0.02639812280015641,20250313,20250320
20250313,601318.SH,-0.03216757060033659,20250314,20250321
20250314,601318.SH,-0.023417010116148385,20250317,20250324
20250317,601318.SH,-0.03348214285714268,20250318,20250325
20250318,601318.SH,-0.04346217865729618,20250319,20250326
20250319,601318.SH,-0.008192036578395734,20250320,20250327
20250320,601318.SH,0.0040579710144930115,20250321,20250328
20250321,601318.SH,-0.009591406100134203,20250324,20250331
20250324,601318.SH,-0.006543494996151034,20250325,20250401
20250325,601318.SH,0.002706883217324041,20250326,20250402
20250326,601318.SH,-0.01114099116404177,20250327,20250403
20250327,601318.SH,-0.06543494996150889,20250328,20250407
20250328,601318.SH,-0.045903544450900724,20250331,20250408
20250331,601318.SH,-0.05211158465710963,20250401,20250409
20250401,601318.SH,-0.04589278827612808,20250402,20250410
20250402,601318.SH,-0.04137529137529117,20250403,20250411
20250403,601318.SH,0.018945634266886113,20250407,20250414
20250407,601318.SH,0.011571254567600553,20250408,20250415
20250408,601318.SH,0.019415491518496086,20250409,20250416
20250409,601318.SH,0.013742926434923364,20250410,20250417
20250410,601318.SH,0.022087132725430392,20250411,20250418
20250411,601318.SH,0.016168148746968702,20250414,20250421
20250414,601318.SH,0.014850491671683841,20250415,20250422
20250415,601318.SH,0.01643945469125896,20250416,20250423
20250416,601318.SH,0.021132376395534225,20250417,20250424
20250417,601318.SH,0.017644726407613165,20250418,20250425
20250418,601318.SH,0.018496420047732665,20250421,20250428
20250421,601318.SH,0.00850306505833509,20250422,20250429
20250422,601318.SH,0.0001972386587769659,20250423,20250430
20250423,601318.SH,-0.008199921905505558,20250424,20250506
20250424,601318.SH,-0.0029222676797194813,20250425,20250507
20250425,601318.SH,0.014645577035735435,20250428,20250508
20250428,601318.SH,0.014705882352941124,20250429,20250509
20250429,601318.SH,0.037270755275093714,20250430,20250512
20250430,601318.SH,0.03267716535433074,20250506,20250513
20250506,601318.SH,0.06858147713950768,20250507,20250514
20250507,601318.SH,0.044072363356427946,20250508,20250515
20250508,601318.SH,0.031690821256038726,20250509,20250516
20250509,601318.SH,0.013307984790874361,20250512,20250519
20250512,601318.SH,0.02325581395348819,20250513,20250520
20250513,601318.SH,-0.015359297860669252,20250514,20250521
20250514,601318.SH,-0.007557603686635939,20250515,20250522
20250515,601318.SH,-0.002996815883124171,20250516,20250523
20250516,601318.SH,0.0018761726078799779,20250519,20250526
20250519,601318.SH,-0.005216095380029873,20250520,20250527
20250520,601318.SH,-0.010399257195914613,20250521,20250528
20250521,601318.SH,-0.005943536404160343,20250522,20250529
20250522,601318.SH,0.0009393199323690649,20250523,20250530
20250523,601318.SH,0.008426966292135019,20250526,20250603
20250526,601318.SH,0.006741573033707926,20250527,20250604
20250527,601318.SH,0.013135672734096548,20250528,20250605
20250528,601318.SH,-0.0020553064275038446,20250529,20250606
20250529,601318.SH,0.008258258258258211,20250530,20250609
20250530,601318.SH,-0.007799442896935904,20250603,20250610
20250603,601318.SH,0.013020833333333481,20250604,20250611
20250604,601318.SH,0.015187997777366125,20250605,20250612
20250605,601318.SH,0.02003370155401596,20250606,20250613
20250606,601318.SH,0.011169024571854091,20250609,20250616
20250609,601318.SH,0.01497286168819012,20250610,20250617
20250610,601318.SH,-0.011935365405802312,20250611,20250618
20250611,601318.SH,-0.02937420178799488,20250612,20250619
20250612,601318.SH,0.004772393538913455,20250613,20250620
20250613,601318.SH,0.014359351988217917,20250616,20250623
20250616,601318.SH,0.047206343352387936,20250617,20250624
20250617,601318.SH,0.07563649879204615,20250618,20250625
20250618,601318.SH,0.08233082706766903,20250619,20250626
20250619,601318.SH,0.04055535257581311,20250620,20250627
20250620,601318.SH,0.03608605291967559,20250623,20250630
20250623,601318.SH,0.009239641168467427,20250624,20250701
20250624,601318.SH,-0.0078108487387902326,20250625,20250702
20250625,601318.SH,-0.002820108036335922,20250626,20250703
20250626,601318.SH,0.021944173991550908,20250627,20250704
20250627,601318.SH,0.017123287671232834,20250630,20250707
20250630,601318.SH,0.013464991023339312,20250701,20250708
20250701,601318.SH,0.0016126142268408916,20250702,20250709
20250702,601318.SH,0.023835125448028682,20250703,20250710
20250703,601318.SH,0.02015202404101113,20250704,20250711
20250704,601318.SH,0.020202020202020332,20250707,20250714
20250707,601318.SH,0.011514614703277193,20250708,20250715
20250708,601318.SH,0.01663685152057237,20250709,20250716
20250709,601318.SH,-0.005601260283563669,20250710,20250717
20250710,601318.SH,-0.011089932420724313,20250711,20250718
20250711,601318.SH,-0.0066006600660065695,20250714,20250721
20250714,601318.SH,-0.007005253940455369,20250715,20250722
20250715,601318.SH,0.020587717754706913,20250716,20250723
20250716,601318.SH,0.03221263861996104,20250717,20250724
20250717,601318.SH,0.017697564394603127,20250718,20250725
20250718,601318.SH,0.05070816576324533,20250721,20250728
20250721,601318.SH,0.04920634920634903,20250722,20250729
20250722,601318.SH,0.04672413793103458,20250723,20250730
20250723,601318.SH,0.0008526603001364208,20250724,20250731
20250724,601318.SH,0.0020661157024794985,20250725,20250801
20250725,601318.SH,-0.03128640372774172,20250728,20250804
20250728,601318.SH,-0.005883341738107228,20250729,20250805
20250729,601318.SH,-0.02717838906275738,20250730,20250806
20250730,601318.SH,0.003237348781734539,20250731,20250807
20250731,601318.SH,0.005841924398625187,20250801,20250808
20250801,601318.SH,0.004466586497165359,20250804,20250811
20250804,601318.SH,-0.006594521474467263,20250805,20250812
20250805,601318.SH,-0.007619370132069037,20250806,20250813
20250806,601318.SH,0.012567934782608647,20250807,20250814
20250807,601318.SH,0.021523744448240345,20250808,20250815
20250808,601318.SH,0.014879425346331354,20250811,20250818
20250811,601318.SH,-0.009361702127659521,20250812,20250819
20250812,601318.SH,0.010066541545811214,20250813,20250820
20250813,601318.SH,0.0,20250814,20250821
20250814,601318.SH,0.0117056856187292,20250815,20250822
20250815,601318.SH,0.027974384900572913,20250818,20250825
20250818,601318.SH,0.03986254295532654,20250819,20250826
20250819,601318.SH,-0.008614864864864957,20250820,20250827
20250820,601318.SH,-0.013082858101308159,20250821,20250828
20250821,601318.SH,-0.010247933884297455,20250822,20250829
20250822,601318.SH,-0.040819672131147566,20250825,20250901
20250825,601318.SH,-0.030733641771315323,20250826,20250902
20250826,601318.SH,-0.015505196796728349,20250827,20250903
20250827,601318.SH,-0.02277362338545197,20250828,20250904
20250828,601318.SH,-0.03306613226452915,20250829,20250905
20250829,601318.SH,-0.013843787386771278,20250901,20250908
20250901,601318.SH,-0.011251278554381239,20250902,20250909
20250902,601318.SH,0.0015576323987538387,20250903,20250910
20250903,601318.SH,0.020695652173912782,20250904,20250911
20250904,601318.SH,-0.0037996545768567147,20250905,20250912
20250905,601318.SH,-0.006412478336221938,20250908,20250915
20250908,601318.SH,-0.023793103448275787,20250909,20250916
20250909,601318.SH,-0.022464143770520195,20250910,20250917
20250910,601318.SH,-0.05810189129323551,20250911,20250918
20250911,601318.SH,-0.044729542302357705,20250912,20250919
20250912,601318.SH,-0.0380254665968951,20250915,20250922
20250915,601318.SH,-0.02825856587778164,20250916,20250923
20250916,601318.SH,-0.022626834010959773,20250917,20250924
20250917,601318.SH,-0.0034370477568741453,20250918,20250925
20250918,601318.SH,0.0021778584392013745,20250919,20250926
20250919,601318.SH,0.015593834995466738,20250922,20250929
20250922,601318.SH,0.0016357688113413094,20250923,20250930
20250923,601318.SH,-0.004521613311629702,20250924,20251009
20250924,601318.SH,0.008168451624614104,20250925,20251010
20250925,601318.SH,-0.0021731256791016618,20250926,20251013
20250926,601318.SH,0.00839135868594898,20250929,20251014
20250929,601318.SH,0.04899292324442017,20250930,20251015
20250930,601318.SH,0.05414244186046524,20251009,20251016
20251009,601318.SH,0.0313287720561759,20251010,20251017
20251010,601318.SH,0.050816696914700366,20251013,20251020
20251013,601318.SH,0.02832861189801683,20251014,20251021
20251014,601318.SH,0.006919218128351501,20251015,20251022
20251015,601318.SH,0.012581868321268397,20251016,20251023
20251016,601318.SH,0.027083357283365972,20251017,20251024
20251017,601318.SH,0.013803073963042145,20251020,20251027
20251020,601318.SH,0.010836128542478285,20251021,20251028
20251021,601318.SH,0.02935786938500029,20251022,20251029
20251022,601318.SH,0.014706224311330507,20251023,20251030
20251023,601318.SH,-0.0008638562543193951,20251024,20251031
20251024,601318.SH,0.00969696969696976,20251027,20251103
20251027,601318.SH,0.02042936288088648,20251028,20251104
20251028,601318.SH,-0.010687022900763399,20251029,20251105
20251029,601318.SH,0.004262574595055302,20251030,20251106
20251030,601318.SH,0.018329586719695756,20251031,20251107
20251031,601318.SH,0.0169782198593722,20251103,20251110
20251103,601318.SH,0.004411265693926136,20251104,20251111
20251104,601318.SH,0.029320987654321007,20251105,20251112
20251105,601318.SH,0.03361629881154515,20251106,20251113
20251106,601318.SH,0.02988622856172518,20251107,20251114
20251107,601318.SH,0.00893760539628996,20251110,20251117
20251110,601318.SH,0.007094594594594383,20251111,20251118
20251111,601318.SH,0.005663834749291885,20251112,20251119
20251112,601318.SH,-0.011169513797634645,20251113,20251120
20251113,601318.SH,-0.028689200329760967,20251114,20251121
20251114,601318.SH,-0.02390105298345313,20251117,20251124
20251117,601318.SH,-0.002515934250251539,20251118,20251125
20251118,601318.SH,-0.009773066092429894,20251119,20251126
20251119,601318.SH,-0.014285714285714235,20251120,20251127
20251120,601318.SH,0.001358003734510449,20251121,20251128
20251121,601318.SH,0.0039383561643835385,20251124,20251201
20251124,601318.SH,-0.01126618463090634,20251125,20251202
20251125,601318.SH,-0.02392104382736704,20251126,20251203
20251126,601318.SH,-0.0133131108864174,20251127,20251204
20251127,601318.SH,0.05085607730123742,20251128,20251205
20251128,601318.SH,0.0813576667235203,20251201,20251208
20251201,601318.SH,0.062074829931972886,20251202,20251209
20251202,601318.SH,0.0719794344473006,20251203,20251210
20251203,601318.SH,0.06797608881298034,20251204,20251211
20251204,601318.SH,0.030972737538312423,20251205,20251212
20251205,601318.SH,0.05804416403785484,20251208,20251215
20251208,601318.SH,0.07285828662930327,20251209,20251216
20251209,601318.SH,0.08792965627498006,20251210,20251217
20251210,601318.SH,0.0954741723972492,20251211,20251218
20251211,601318.SH,0.07573149741824436,20251212,20251219
20251212,601318.SH,0.021765056648777703,20251215,20251222
20251215,601318.SH,0.037164179104477446,20251216,20251223
20251216,601318.SH,0.014401175606171934,20251217,20251224
20251217,601318.SH,0.033576642335766405,20251218,20251225
20251218,601318.SH,0.03505454545454545,20251219,20251226
20251219,601318.SH,0.019550627370878315,20251222,20251229
20251222,601318.SH,-0.009929486257015396,20251223,20251230
20251223,601318.SH,-0.009126466753585305,20251224,20251231
20251224,601318.SH,0.02203389830508473,20251225,20260105
20251225,601318.SH,0.0444069702079819,20251226,20260106
20251226,601318.SH,0.05108757870635383,20251229,20260107
20251229,601318.SH,0.02296511627906983,20251230,20260108
20251230,601318.SH,0.008771929824561209,20251231,20260109
20251231,601318.SH,-0.06647318960751813,20260105,20260112
20260105,601318.SH,-0.08234660925726578,20260106,20260113
20260106,601318.SH,-0.0878148400272295,20260107,20260114
20260107,601318.SH,-0.04219948849104871,20260108,20260115
20260108,601318.SH,-0.03869565217391302,20260109,20260116
20260109,601318.SH,-0.01850481125092518,20260112,20260119
20260112,601318.SH,-0.023460410557184952,20260113,20260120
20260113,601318.SH,-0.01716417910447776,20260114,20260121
20260114,601318.SH,-0.03871829105473967,20260115,20260122
20260115,601318.SH,-0.03663500678426046,20260116,20260123
20260116,601318.SH,-0.032579185520361875,20260119,20260126
20260119,601318.SH,-0.01936936936936917,20260120,20260127
20260120,601318.SH,-0.016704631738800213,20260121,20260128
20260121,601318.SH,0.04938271604938271,20260122,20260129
20260122,601318.SH,0.04460093896713624,20260123,20260130
20260123,601318.SH,0.029310882444652187,20260126,20260202
20260126,601318.SH,0.019445720410350642,20260127,20260203
20260127,601318.SH,0.04092664092664111,20260128,20260204
20260128,601318.SH,-0.009558823529411842,20260129,20260205
20260129,601318.SH,0.0022471910112360494,20260130,20260206
20260130,601318.SH,0.040593759466828416,20260202,20260209
20260202,601318.SH,0.024181435866626577,20260203,20260210
20260203,601318.SH,0.0014836795252224366,20260204,20260211
20260204,601318.SH,-0.012026726057906223,20260205,20260212
20260205,601318.SH,-0.024065769805680093,20260206,20260213
20260206,601318.SH,-0.05312954876273657,20260209,20260225
20260209,601318.SH,-0.06877841325707579,20260210,20260226
20260210,601318.SH,-0.06533333333333324,20260211,20260227
20260211,601318.SH,-0.0629696423204088,20260212,20260302
20260212,601318.SH,-0.04166028488283058,20260213,20260303
20260213,601318.SH,-0.05011529592621056,20260225,20260304
20260225,601318.SH,-0.013070866141732251,20260226,20260306
20260226,601318.SH,-0.02678712949754325,20260227,20260309
20260227,601318.SH,-0.004170008019246163,20260302,20260310
20260302,601318.SH,-0.0003196420009590195,20260303,20260311
20260303,601318.SH,-0.0030749312186437727,20260304,20260312
20260304,601318.SH,-0.023456199138343625,20260306,20260313
20260306,601318.SH,-0.014983713355048889,20260309,20260316
20260309,601318.SH,-0.004026413271058127,20260310,20260317
20260310,601318.SH,-0.010551558752997514,20260311,20260318
20260311,601318.SH,-0.015909090909090984,20260312,20260319
20260312,601318.SH,-0.023856209150326824,20260313,20260320
20260313,601318.SH,-0.04976852591026715,20260316,20260323
20260316,601318.SH,-0.060155239327296384,20260317,20260324
20260317,601318.SH,-0.050088867345290056,20260318,20260325
20260318,601318.SH,-0.06301550643352027,20260319,20260326
20260319,601318.SH,-0.04670237696685653,20260320,20260327
20260320,601318.SH,-0.019836428777013637,20260323,20260330
20260323,601318.SH,-0.023055746730901494,20260324,20260331
20260324,601318.SH,-0.01037591427113449,20260325,20260401
20260325,601318.SH,0.008098591549295708,20260326,20260402
20260326,601318.SH,0.005267778753292429,20260327,20260403
20260327,601318.SH,0.006390910704775488,20260330,20260407
20260330,601318.SH,0.047023599859105314,20260331,20260408
20260331,601318.SH,0.009625300790649716,20260401,20260409
20260401,601318.SH,0.02724414949353826,20260402,20260410
20260402,601318.SH,0.008733624454148492,20260403,20260413
20260403,601318.SH,0.04021873346269178,20260407,20260414
20260407,601318.SH,-0.012615643397813292,20260408,20260415
20260408,601318.SH,-0.0037453183520599342,20260409,20260416
20260409,601318.SH,-0.015300918055083268,20260410,20260417
20260410,601318.SH,0.013679653679653736,20260413,20260420
20260413,601318.SH,-0.015940308631507527,20260414,20260421
20260414,601318.SH,-0.01141396933560479,20260415,20260422
20260415,601318.SH,-0.010936431989063577,20260416,20260423
20260416,601318.SH,-0.0024171270718231774,20260417,20260424
20260417,601318.SH,-0.01691151349504616,20260420,20260427
20260420,601318.SH,-0.006892986386351829,20260421,20260428
20260421,601318.SH,0.024125452352231624,20260422,20260429
20260422,601318.SH,0.025742916378714398,20260423,20260430
20260423,601318.SH,0.027345102111457242,20260424,20260506
20260424,601318.SH,0.04326672458731551,20260427,20260507
20260427,601318.SH,0.04216553878188445,20260428,20260508
20260428,601318.SH,0.011273767457512962,20260429,20260511
20260429,601318.SH,0.00050530570995444,20260430,20260512
20260430,601318.SH,-0.022237196765498624,20260506,20260513
20260506,601318.SH,-0.052298467688207895,20260507,20260514
20260507,601318.SH,-0.07592407592407613,20260508,20260515
20260508,601318.SH,-0.08668885191347764,20260511,20260518
20260511,601318.SH,-0.0828282828282828,20260512,20260519
20260512,601318.SH,-0.06771192281185401,20260513,20260520
20260513,601318.SH,-0.0551845342706504,20260514,20260521
20260514,601318.SH,-0.03279279279279279,20260515,20260522
20260515,601318.SH,-0.012206230643104443,20260518,20260525
20260518,601318.SH,-0.0038546255506608507,20260519,20260526
20260519,601318.SH,-0.015523932729624712,20260520,20260527
20260520,601318.SH,-0.0239955357142857,20260521,20260528
20260521,601318.SH,-0.003353204172876323,20260522,20260529
20260522,601318.SH,-0.006824050165990303,20260525,20260601
20260525,601318.SH,-0.0035010134512623026,20260526,20260602
20260526,601318.SH,0.008072085601651846,20260527,20260603
20260527,601318.SH,0.014484467314656024,20260528,20260604
20260528,601318.SH,-0.0003738317757010501,20260529,20260605
20260529,601318.SH,-0.008727948003714014,20260601,20260608
20260601,601318.SH,-0.0027736686390532617,20260602,20260609
20260602,601318.SH,0.024297053813937985,20260603,20260610
20260603,601318.SH,0.022079678410007908,20260604,20260611
20260604,601318.SH,0.04377794919929756,20260605,20260612
20260605,601318.SH,0.04999292810212763,20260608,20260615
20260608,601318.SH,0.01552083547762595,20260609,20260616
20260609,601318.SH,-0.008643367155204862,20260610,20260617
20260610,601318.SH,-0.061930091185410374,20260611,20260618
20260611,601318.SH,-0.03758563229031675,20260612,20260622
20260612,601318.SH,-0.0706251152498617,20260615,20260623
20260615,601318.SH,-0.07303264766937168,20260616,20260624
20260616,601318.SH,-0.06557998483699767,20260617,20260625
20260617,601318.SH,-0.04353989469420816,20260618,20260626
20260618,601318.SH,-0.0650250096190842,20260622,20260629
20260622,601318.SH,-0.0527777777777777,20260623,20260630
20260623,601318.SH,0.008346905537459426,20260624,20260701
20260624,601318.SH,-0.007707910750507141,20260625,20260702
20260625,601318.SH,0.0393817488884185,20260626,20260703
20260626,601318.SH,0.030864197530864335,20260629,20260706
20260629,601318.SH,0.03246753246753231,20260630,20260707
20260630,601318.SH,0.00020189783969293273,20260701,20260708
20260701,601318.SH,0.011651676206050787,20260702,20260709
20260702,601318.SH,0.007944591566510395,20260703,20260710
20260703,601318.SH,-0.011377245508982003,20260706,20260713
20260706,601318.SH,0.0062893081761006275,20260707,20260714
20260707,601318.SH,0.028461849010900542,20260708,20260715
20260708,601318.SH,0.023843200646595175,20260709,20260716
20260709,601318.SH,0.024656426839127166,20260710,20260717
20260710,601318.SH,0.07470220068645261,20260713,20260720
20260713,601318.SH,0.06633064516129039,20260714,20260721
20260714,601318.SH,0.05888125613346418,20260715,20260722
20260715,601318.SH,0.07164002368265243,20260716,20260723
20260716,601318.SH,0.06548323471400375,20260717,20260724
20240102,000001.SZ,-0.011956521739130421,20240103,20240110
20240103,000001.SZ,0.00658616904500553,20240104,20240111
20240104,000001.SZ,-0.008629989212513567,20240105,20240112
20240105,000001.SZ,0.006557377049180246,20240108,20240115
20240108,000001.SZ,0.017429193899782147,20240109,20240116
20240109,000001.SZ,0.015401540154015514,20240110,20240117
20240110,000001.SZ,0.0032715376226826187,20240111,20240118
20240111,000001.SZ,-0.0021762785636559867,20240112,20240119
20240112,000001.SZ,-0.011943539630836275,20240115,20240122
20240115,000001.SZ,-0.01927194860813697,20240116,20240123
20240116,000001.SZ,0.010834236186348933,20240117,20240124
20240117,000001.SZ,0.03260869565217406,20240118,20240125
20240118,000001.SZ,0.049073064340239725,20240119,20240126
20240119,000001.SZ,0.06593406593406592,20240122,20240129
20240122,000001.SZ,0.037117903930131035,20240123,20240130
20240123,000001.SZ,0.01393354769560573,20240124,20240131
20240124,000001.SZ,-0.0094736842105263,20240125,20240201
20240125,000001.SZ,-0.0363825363825363,20240126,20240202
20240126,000001.SZ,-0.032989690721649256,20240129,20240205
20240129,000001.SZ,0.0189473684210526,20240130,20240206
20240130,000001.SZ,0.01585623678646919,20240131,20240207
20240131,000001.SZ,0.02763018065887346,20240201,20240208
20240201,000001.SZ,0.058252427184466216,20240202,20240219
20240202,000001.SZ,0.04690831556503183,20240205,20240220
20240205,000001.SZ,0.11570247933884303,20240206,20240221
20240206,000001.SZ,0.13423517169615007,20240207,20240222
20240207,000001.SZ,0.12202688728024813,20240208,20240223
20240208,000001.SZ,0.07339449541284382,20240219,20240226
20240219,000001.SZ,0.06924643584521384,20240220,20240227
20240220,000001.SZ,-0.028703703703703676,20240221,20240228
20240221,000001.SZ,-0.028440366972477094,20240222,20240229
20240222,000001.SZ,-0.033179723502304026,20240223,20240301
20240223,000001.SZ,-0.01899335232668553,20240226,20240304
20240226,000001.SZ,-0.00666666666666671,20240227,20240305
20240227,000001.SZ,-0.015252621544327938,20240228,20240306
20240228,000001.SZ,-0.019830028328611804,20240229,20240307
20240229,000001.SZ,-0.01048617731172552,20240301,20240308
20240301,000001.SZ,0.013552758954501476,20240304,20240311
20240304,000001.SZ,0.012464046021092967,20240305,20240312
20240305,000001.SZ,0.0,20240306,20240313
20240306,000001.SZ,-0.014450867052023031,20240307,20240314
20240307,000001.SZ,0.021194605009633882,20240308,20240315
20240308,000001.SZ,0.006685768863419206,20240311,20240318
20240311,000001.SZ,-0.015151515151515027,20240312,20240319
20240312,000001.SZ,0.011616650532429773,20240313,20240320
20240313,000001.SZ,0.02346041055718473,20240314,20240321
20240314,000001.SZ,-0.02264150943396226,20240315,20240322
20240315,000001.SZ,-0.013282732447817747,20240318,20240325
20240318,000001.SZ,0.019230769230769162,20240319,20240326
20240319,000001.SZ,0.00765550239234436,20240320,20240327
20240320,000001.SZ,0.0019102196752627254,20240321,20240328
20240321,000001.SZ,0.015444015444015413,20240322,20240329
20240322,000001.SZ,0.023076923076922995,20240325,20240401
20240325,000001.SZ,-0.004716981132075415,20240326,20240402
20240326,000001.SZ,-0.006647673314339797,20240327,20240403
20240327,000001.SZ,-0.005719733079123102,20240328,20240408
20240328,000001.SZ,-0.011406844106463754,20240329,20240409
20240329,000001.SZ,-0.03383458646616544,20240401,20240410
20240401,000001.SZ,-0.028436018957346043,20240402,20240411
20240402,000001.SZ,-0.03824091778202676,20240403,20240412
20240403,000001.SZ,-0.01342281879194629,20240408,20240415
20240408,000001.SZ,-0.011538461538461608,20240409,20240416
20240409,000001.SZ,0.03307392996108938,20240410,20240417
20240410,000001.SZ,0.0536585365853659,20240411,20240418
20240411,000001.SZ,0.06262425447316078,20240412,20240419
20240412,000001.SZ,0.020408163265306145,20240415,20240422
20240415,000001.SZ,0.02529182879377423,20240416,20240423
20240416,000001.SZ,-0.008474576271186418,20240417,20240424
20240417,000001.SZ,-0.017592592592592826,20240418,20240425
20240418,000001.SZ,-0.008419083255378879,20240419,20240426
20240419,000001.SZ,0.029523809523809508,20240422,20240429
20240422,000001.SZ,0.02371916508538896,20240423,20240430
20240423,000001.SZ,0.03418803418803429,20240424,20240506
20240424,000001.SZ,0.025447690857681726,20240425,20240507
20240425,000001.SZ,0.01226415094339628,20240426,20240508
20240426,000001.SZ,-0.0046253469010175685,20240429,20240509
20240429,000001.SZ,0.013901760889712733,20240430,20240510
20240430,000001.SZ,0.007346189164370909,20240506,20240513
20240506,000001.SZ,0.0027573529411764053,20240507,20240514
20240507,000001.SZ,0.009319664492078106,20240508,20240515
20240508,000001.SZ,0.03810408921933073,20240509,20240516
20240509,000001.SZ,0.04387568555758681,20240510,20240517
20240510,000001.SZ,0.03737465815861429,20240513,20240520
20240513,000001.SZ,0.05866177818515128,20240514,20240521
20240514,000001.SZ,0.06740535549399818,20240515,20240522
20240515,000001.SZ,0.020590868397493356,20240516,20240523
20240516,000001.SZ,-0.009632224168126036,20240517,20240524
20240517,000001.SZ,0.011423550087873435,20240520,20240527
20240520,000001.SZ,-0.012987012987012991,20240521,20240528
20240521,000001.SZ,-0.02595155709342567,20240522,20240529
20240522,000001.SZ,-0.024561403508772117,20240523,20240530
20240523,000001.SZ,-0.017683465959328126,20240524,20240531
20240524,000001.SZ,-0.04604691572545605,20240527,20240603
20240527,000001.SZ,-0.03333333333333344,20240528,20240604
20240528,000001.SZ,-0.034635879218472554,20240529,20240605
20240529,000001.SZ,-0.01978417266187038,20240530,20240606
20240530,000001.SZ,-0.01080108010801073,20240531,20240607
20240531,000001.SZ,-0.010018214936247882,20240603,20240611
20240603,000001.SZ,-0.01270417422867498,20240604,20240612
20240604,000001.SZ,-0.006439742410303428,20240605,20240613
20240605,000001.SZ,0.0005585474416018865,20240606,20240614
20240606,000001.SZ,-0.015433833509602812,20240607,20240617
20240607,000001.SZ,-0.00653581689204541,20240611,20240618
20240611,000001.SZ,-0.0005562115722002048,20240612,20240619
20240612,000001.SZ,-0.0030725998736604865,20240613,20240620
20240613,000001.SZ,-0.017681728880157177,20240614,20240621
20240614,000001.SZ,-0.01188118811881178,20240617,20240624
20240617,000001.SZ,0.0,20240618,20240625
20240618,000001.SZ,-0.006896551724138056,20240619,20240626
20240619,000001.SZ,0.007960199004975133,20240620,20240627
20240620,000001.SZ,0.015000000000000124,20240621,20240628
20240621,000001.SZ,0.03707414829659306,20240624,20240701
20240624,000001.SZ,0.031746031746031855,20240625,20240702
20240625,000001.SZ,0.02281746031746046,20240626,20240703
20240626,000001.SZ,0.012833168805528095,20240627,20240704
20240627,000001.SZ,-0.017733990147783207,20240628,20240705
20240628,000001.SZ,-0.04057971014492756,20240701,20240708
20240701,000001.SZ,-0.03173076923076923,20240702,20240709
20240702,000001.SZ,-0.016488845780795347,20240703,20240710
20240703,000001.SZ,-0.012670565302144166,20240704,20240711
20240704,000001.SZ,0.034102306920762215,20240705,20240712
20240705,000001.SZ,0.040281973816717054,20240708,20240715
20240708,000001.SZ,0.022840119165839168,20240709,20240716
20240709,000001.SZ,0.02564102564102555,20240710,20240717
20240710,000001.SZ,0.02764067127344516,20240711,20240718
20240711,000001.SZ,0.005819592628515835,20240712,20240719
20240712,000001.SZ,-0.009680542110358181,20240715,20240722
20240715,000001.SZ,-0.011650485436893288,20240716,20240723
20240716,000001.SZ,-0.02596153846153837,20240717,20240724
20240717,000001.SZ,-0.030739673390970168,20240718,20240725
20240718,000001.SZ,-0.032786885245901676,20240719,20240726
20240719,000001.SZ,-0.011730205278592476,20240722,20240729
20240722,000001.SZ,-0.00982318271119853,20240723,20240730
20240723,000001.SZ,0.01382033563672258,20240724,20240731
20240724,000001.SZ,0.01783944499504453,20240725,20240801
20240725,000001.SZ,0.010967098703888567,20240726,20240802
20240726,000001.SZ,-0.0059347181008900796,20240729,20240805
20240729,000001.SZ,-0.014880952380952439,20240730,20240806
20240730,000001.SZ,-0.0331061343719572,20240731,20240807
20240731,000001.SZ,-0.03213242453748799,20240801,20240808
20240801,000001.SZ,-0.009861932938856066,20240802,20240809
20240802,000001.SZ,-0.003980099502487566,20240805,20240812
20240805,000001.SZ,0.002014098690835908,20240806,20240813
20240806,000001.SZ,-0.001007049345417843,20240807,20240814
20240807,000001.SZ,0.0090543259557343,20240808,20240815
20240808,000001.SZ,0.008964143426295035,20240809,20240816
20240809,000001.SZ,0.027972027972027913,20240812,20240819
20240812,000001.SZ,0.03919597989949741,20240813,20240820
20240813,000001.SZ,0.043346774193548265,20240814,20240821
20240814,000001.SZ,0.034895314057826754,20240815,20240822
20240815,000001.SZ,0.033563672260612076,20240816,20240823
20240816,000001.SZ,0.019436345966958424,20240819,20240826
20240819,000001.SZ,0.008704061895551174,20240820,20240827
20240820,000001.SZ,-0.0019323671497583073,20240821,20240828
20240821,000001.SZ,-0.024084778420038533,20240822,20240829
20240822,000001.SZ,-0.029608404966571134,20240823,20240830
20240823,000001.SZ,-0.036224976167778866,20240826,20240902
20240826,000001.SZ,-0.03355704697986572,20240827,20240903
20240827,000001.SZ,-0.030009680542110506,20240828,20240904
20240828,000001.SZ,-0.005923000987166915,20240829,20240905
20240829,000001.SZ,-0.007874015748031593,20240830,20240906
20240830,000001.SZ,-0.02571711177052427,20240902,20240909
20240902,000001.SZ,-0.017857142857142794,20240903,20240910
20240903,000001.SZ,-0.036926147704590684,20240904,20240911
20240904,000001.SZ,-0.03277060575968216,20240905,20240912
20240905,000001.SZ,-0.037698412698412787,20240906,20240913
20240906,000001.SZ,-0.008121827411167404,20240909,20240918
20240909,000001.SZ,-0.009090909090909038,20240910,20240919
20240910,000001.SZ,0.025906735751295207,20240911,20240920
20240911,000001.SZ,0.030800821355235986,20240912,20240923
20240912,000001.SZ,0.06907216494845358,20240913,20240924
20240913,000001.SZ,0.07471852610030694,20240918,20240925
20240918,000001.SZ,0.13659531090723753,20240919,20240926
20240919,000001.SZ,0.1535353535353534,20240920,20240927
20240920,000001.SZ,0.2161354581673307,20240923,20240930
20240923,000001.SZ,0.2420443587270975,20240924,20241008
20240924,000001.SZ,0.11238095238095247,20240925,20241009
20240925,000001.SZ,0.09755190163730854,20240926,20241010
20240926,000001.SZ,0.04834595459858804,20240927,20241011
20240927,000001.SZ,0.005615409474000188,20240930,20241014
20240930,000001.SZ,-0.056212514719497286,20241008,20241015
20241008,000001.SZ,0.05474525651533391,20241009,20241016
20241009,000001.SZ,-0.0025041736227046085,20241010,20241017
20241010,000001.SZ,0.027303754266211344,20241011,20241018
20241011,000001.SZ,-0.017470881863560606,20241014,20241021
20241014,000001.SZ,-0.009243697478991675,20241015,20241022
20241015,000001.SZ,-0.016583747927031656,20241016,20241023
20241016,000001.SZ,-0.01673640167364021,20241017,20241024
20241017,000001.SZ,-0.027408637873754027,20241018,20241025
20241018,000001.SZ,-0.014394580863674844,20241021,20241028
20241021,000001.SZ,-0.02120441051738764,20241022,20241029
20241022,000001.SZ,-0.04553119730185484,20241023,20241030
20241023,000001.SZ,-0.03148936170212757,20241024,20241031
20241024,000001.SZ,-0.023911187019641456,20241025,20241101
20241025,000001.SZ,-0.015463917525773252,20241028,20241104
20241028,000001.SZ,0.00953206239168125,20241029,20241105
20241029,000001.SZ,0.02031802120141335,20241030,20241106
20241030,000001.SZ,0.0465729349736379,20241031,20241107
20241031,000001.SZ,0.025371828521435047,20241101,20241108
20241101,000001.SZ,0.012216404886561838,20241104,20241111
20241104,000001.SZ,-0.009442060085837034,20241105,20241112
20241105,000001.SZ,0.0051948051948051965,20241106,20241113
20241106,000001.SZ,-0.031066330814441767,20241107,20241114
20241107,000001.SZ,-0.023890784982935287,20241108,20241115
20241108,000001.SZ,0.012931034482758674,20241111,20241118
20241111,000001.SZ,0.012131715771230622,20241112,20241119
20241112,000001.SZ,0.0025839793281654533,20241113,20241120
20241113,000001.SZ,0.004332755632582508,20241114,20241121
20241114,000001.SZ,-0.013986013986014068,20241115,20241122
20241115,000001.SZ,-0.04851063829787239,20241118,20241125
20241118,000001.SZ,-0.0351027397260274,20241119,20241126
20241119,000001.SZ,-0.021477663230240585,20241120,20241127
20241120,000001.SZ,-0.021570319240724722,20241121,20241128
20241121,000001.SZ,0.00886524822695045,20241122,20241129
20241122,000001.SZ,0.01878354203935606,20241125,20241202
20241125,000001.SZ,0.01952085181898866,20241126,20241203
20241126,000001.SZ,0.006145741878841093,20241127,20241204
20241127,000001.SZ,0.008818342151675429,20241128,20241205
20241128,000001.SZ,0.024604569420035194,20241129,20241206
20241129,000001.SZ,0.024582967515364373,20241202,20241209
20241202,000001.SZ,0.02610966057441244,20241203,20241210
20241203,000001.SZ,0.023560209424083656,20241204,20241211
20241204,000001.SZ,0.03583916083916083,20241205,20241212
20241205,000001.SZ,-0.00857632933104635,20241206,20241213
20241206,000001.SZ,-0.00856898029134523,20241209,20241216
20241209,000001.SZ,-0.022052586938082985,20241210,20241217
20241210,000001.SZ,-0.006820119352088594,20241211,20241218
20241211,000001.SZ,-0.021940928270042237,20241212,20241219
20241212,000001.SZ,0.00519031141868509,20241213,20241220
20241213,000001.SZ,0.01382886776145198,20241216,20241223
20241216,000001.SZ,0.028620988725065022,20241217,20241224
20241217,000001.SZ,0.023175965665235942,20241218,20241225
20241218,000001.SZ,0.023295944779982758,20241219,20241226
20241219,000001.SZ,0.01807228915662673,20241220,20241227
20241220,000001.SZ,0.018755328218243772,20241223,20241230
20241223,000001.SZ,-0.013490725126475533,20241224,20241231
20241224,000001.SZ,-0.041107382550335636,20241225,20250102
20241225,000001.SZ,-0.04047217537942649,20241226,20250103
20241226,000001.SZ,-0.03296703296703307,20241227,20250106
20241227,000001.SZ,-0.03682008368200829,20241230,20250107
20241230,000001.SZ,-0.017094017094017144,20241231,20250108
20241231,000001.SZ,-0.002624671916010346,20250102,20250109
20250102,000001.SZ,-0.007029876977152849,20250103,20250110
20250103,000001.SZ,-0.020979020979021046,20250106,20250113
20250106,000001.SZ,-0.011294526498696777,20250107,20250114
20250107,000001.SZ,-0.0017391304347825765,20250108,20250115
20250108,000001.SZ,0.014912280701754321,20250109,20250116
20250109,000001.SZ,0.013274336283185528,20250110,20250117
20250110,000001.SZ,0.019642857142857295,20250113,20250120
20250113,000001.SZ,-0.004393673110720697,20250114,20250121
20250114,000001.SZ,-0.03397212543554018,20250115,20250122
20250115,000001.SZ,-0.021607605877268732,20250116,20250123
20250116,000001.SZ,-0.009606986899563186,20250117,20250124
20250117,000001.SZ,0.004378283712784592,20250120,20250127
20250120,000001.SZ,0.003530450132391838,20250121,20250205
20250121,000001.SZ,0.02434625788999112,20250122,20250206
20250122,000001.SZ,0.005300353356890497,20250123,20250207
20250123,000001.SZ,0.007936507936507908,20250124,20250210
20250124,000001.SZ,-0.0043591979075850995,20250127,20250211
20250127,000001.SZ,0.004397537379067895,20250205,20250212
20250205,000001.SZ,0.012323943661971759,20250206,20250213
20250206,000001.SZ,0.01493848857644986,20250207,20250214
20250207,000001.SZ,0.03062117235345596,20250210,20250217
20250210,000001.SZ,0.03415061295971977,20250211,20250218
20250211,000001.SZ,0.02539404553415059,20250212,20250219
20250212,000001.SZ,0.013913043478260834,20250213,20250220
20250213,000001.SZ,0.007792207792207906,20250214,20250221
20250214,000001.SZ,-0.016129032258064502,20250217,20250224
20250217,000001.SZ,-0.028789161727349688,20250218,20250225
20250218,000001.SZ,-0.016225448334756698,20250219,20250226
20250219,000001.SZ,-0.0034305317324186957,20250220,20250227
20250220,000001.SZ,-0.00945017182130592,20250221,20250228
20250221,000001.SZ,-0.00690250215703192,20250224,20250303
20250224,000001.SZ,0.0034873583260679464,20250225,20250304
20250225,000001.SZ,0.012152777777777901,20250226,20250305
20250226,000001.SZ,0.00086058519793486,20250227,20250306
20250227,000001.SZ,0.012142237640936582,20250228,20250307
20250228,000001.SZ,0.0069504778453517435,20250303,20250310
20250303,000001.SZ,0.008688097306689846,20250304,20250311
20250304,000001.SZ,0.016295025728988,20250305,20250312
20250305,000001.SZ,0.018056749785038573,20250306,20250313
20250306,000001.SZ,0.02570694087403602,20250307,20250314
20250307,000001.SZ,-0.007765314926660882,20250310,20250317
20250310,000001.SZ,-0.010335917312661369,20250311,20250318
20250311,000001.SZ,-0.027848101265822822,20250312,20250319
20250312,000001.SZ,-0.029560810810810745,20250313,20250320
20250313,000001.SZ,-0.04594820384294074,20250314,20250321
20250314,000001.SZ,-0.01043478260869557,20250317,20250324
20250317,000001.SZ,-0.005221932114882644,20250318,20250325
20250318,000001.SZ,-0.012152777777777679,20250319,20250326
20250319,000001.SZ,-0.00870322019147085,20250320,20250327
20250320,000001.SZ,-0.0061295971978985175,20250321,20250328
20250321,000001.SZ,-0.010544815465729496,20250324,20250331
20250324,000001.SZ,-0.013998250218722585,20250325,20250401
20250325,000001.SZ,-0.0008787346221442727,20250326,20250402
20250326,000001.SZ,-0.004389815627743654,20250327,20250403
20250327,000001.SZ,-0.05726872246696035,20250328,20250407
20250328,000001.SZ,-0.03907637655417395,20250331,20250408
20250331,000001.SZ,-0.041703637976929886,20250401,20250409
20250401,000001.SZ,-0.041336851363236504,20250402,20250410
20250402,000001.SZ,-0.03968253968253965,20250403,20250411
20250403,000001.SZ,0.021495327102803774,20250407,20250414
20250407,000001.SZ,0.01201478743068396,20250408,20250415
20250408,000001.SZ,0.0185185185185186,20250409,20250416
20250409,000001.SZ,0.014678899082568808,20250410,20250417
20250410,000001.SZ,0.0266299357208446,20250411,20250418
20250411,000001.SZ,0.008234217749313766,20250414,20250421
20250414,000001.SZ,0.008219178082191858,20250415,20250422
20250415,000001.SZ,0.0009090909090907484,20250416,20250423
20250416,000001.SZ,-0.002712477396021873,20250417,20250424
20250417,000001.SZ,-0.015205724508050134,20250418,20250425
20250418,000001.SZ,-0.001814882032667886,20250421,20250428
20250421,000001.SZ,-0.005434782608695565,20250422,20250429
20250422,000001.SZ,-0.009082652134423164,20250423,20250430
20250423,000001.SZ,-0.006346328195829365,20250424,20250506
20250424,000001.SZ,0.0018165304268846771,20250425,20250507
20250425,000001.SZ,0.0072727272727273196,20250428,20250508
20250428,000001.SZ,0.015482695810564717,20250429,20250509
20250429,000001.SZ,0.0229147571035746,20250430,20250512
20250430,000001.SZ,0.030109489051094673,20250506,20250513
20250506,000001.SZ,0.036264732547597545,20250507,20250514
20250507,000001.SZ,0.02797833935018046,20250508,20250515
20250508,000001.SZ,0.020627802690583064,20250509,20250516
20250509,000001.SZ,0.018817204301075252,20250512,20250519
20250512,000001.SZ,0.008857395925597977,20250513,20250520
20250513,000001.SZ,0.004374453193350947,20250514,20250521
20250514,000001.SZ,0.014047410008779737,20250515,20250522
20250515,000001.SZ,0.007029876977152849,20250516,20250523
20250516,000001.SZ,0.004397537379067895,20250519,20250526
20250519,000001.SZ,0.008779631255487308,20250520,20250527
20250520,000001.SZ,0.00435540069686402,20250521,20250528
20250521,000001.SZ,-0.007792207792207795,20250522,20250529
20250522,000001.SZ,0.008726003490401313,20250523,20250530
20250523,000001.SZ,0.03415061295971977,20250526,20250603
20250526,000001.SZ,0.030461270670147922,20250527,20250604
20250527,000001.SZ,0.012142237640936582,20250528,20250605
20250528,000001.SZ,0.020942408376963373,20250529,20250606
20250529,000001.SZ,0.012975778546712835,20250530,20250609
20250530,000001.SZ,0.0,20250603,20250610
20250603,000001.SZ,0.0008445945945947386,20250604,20250611
20250604,000001.SZ,0.03239720286028547,20250605,20250612
20250605,000001.SZ,0.020933677544015428,20250606,20250613
20250606,000001.SZ,0.03856036041891864,20250609,20250616
20250609,000001.SZ,0.027146183020420933,20250610,20250617
20250610,000001.SZ,0.02454949826857611,20250611,20250618
20250611,000001.SZ,0.001712328767123239,20250612,20250619
20250612,000001.SZ,0.022452504317789224,20250613,20250620
20250613,000001.SZ,0.01187446988973706,20250616,20250623
20250616,000001.SZ,0.014455782312924992,20250617,20250624
20250617,000001.SZ,0.024638912489379772,20250618,20250625
20250618,000001.SZ,0.06068376068376091,20250619,20250626
20250619,000001.SZ,0.030405405405405483,20250620,20250627
20250620,000001.SZ,0.011735121542330473,20250623,20250630
20250623,000001.SZ,0.031014249790444204,20250624,20250701
20250624,000001.SZ,0.021558872305140753,20250625,20250702
20250625,000001.SZ,-0.004834810636583531,20250626,20250703
20250626,000001.SZ,0.032786885245901676,20250627,20250704
20250627,000001.SZ,0.0588235294117645,20250630,20250707
20250630,000001.SZ,0.03170731707317076,20250701,20250708
20250701,000001.SZ,0.04220779220779214,20250702,20250709
20250702,000001.SZ,0.06720647773279342,20250703,20250710
20250703,000001.SZ,0.024603174603174738,20250704,20250711
20250704,000001.SZ,0.015649452269170583,20250707,20250714
20250707,000001.SZ,0.0031520882584712417,20250708,20250715
20250708,000001.SZ,-0.015576323987538832,20250709,20250716
20250709,000001.SZ,-0.044764795144157765,20250710,20250717
20250710,000001.SZ,-0.016266460108443126,20250711,20250718
20250711,000001.SZ,-0.028505392912172578,20250714,20250721
20250714,000001.SZ,-0.01885310290651987,20250715,20250722
20250715,000001.SZ,-0.008702531645569556,20250716,20250723
20250716,000001.SZ,-0.019062748212867464,20250717,20250724
20250717,000001.SZ,-0.0275590551181103,20250718,20250725
20250718,000001.SZ,-0.011895321173671647,20250721,20250728
20250721,000001.SZ,-0.012009607686149004,20250722,20250729
20250722,000001.SZ,-0.0031923383878691425,20250723,20250730
20250723,000001.SZ,-0.009716599190283337,20250724,20250731
20250724,000001.SZ,-0.005668016194331993,20250725,20250801
20250725,000001.SZ,-0.012841091492777013,20250728,20250804
20250728,000001.SZ,0.01053484602917365,20250729,20250805
20250729,000001.SZ,-0.0024019215372297342,20250730,20250806
20250730,000001.SZ,0.019623875715453876,20250731,20250807
20250731,000001.SZ,0.009771986970684265,20250801,20250808
20250801,000001.SZ,0.0,20250804,20250811
20250804,000001.SZ,-0.011226944667201422,20250805,20250812
20250805,000001.SZ,-0.01605136436597121,20250806,20250813
20250806,000001.SZ,-0.02165196471531683,20250807,20250814
20250807,000001.SZ,-0.02580645161290329,20250808,20250815
20250808,000001.SZ,-0.01788617886178856,20250811,20250818
20250811,000001.SZ,-0.021897810218977964,20250812,20250819
20250812,000001.SZ,-0.015497553017944421,20250813,20250820
20250813,000001.SZ,-0.004098360655737654,20250814,20250821
20250814,000001.SZ,-0.0016556291390728006,20250815,20250822
20250815,000001.SZ,0.030629139072847478,20250818,20250825
20250818,000001.SZ,0.02487562189054704,20250819,20250826
20250819,000001.SZ,-0.0008285004142501995,20250820,20250827
20250820,000001.SZ,-0.0057613168724279795,20250821,20250828
20250821,000001.SZ,-0.0008291873963515162,20250822,20250829
20250822,000001.SZ,-0.04497991967871484,20250825,20250901
20250825,000001.SZ,-0.03074433656957909,20250826,20250902
20250826,000001.SZ,-0.02570480928689889,20250827,20250903
20250827,000001.SZ,-0.0281456953642385,20250828,20250904
20250828,000001.SZ,-0.027385892116182586,20250829,20250905
20250829,000001.SZ,-0.015979814970563555,20250901,20250908
20250901,000001.SZ,-0.019198664440734703,20250902,20250909
20250902,000001.SZ,0.0017021276595745594,20250903,20250910
20250903,000001.SZ,0.009369676320272413,20250904,20250911
20250904,000001.SZ,0.0,20250905,20250912
20250905,000001.SZ,-0.004273504273504147,20250908,20250915
20250908,000001.SZ,-0.009361702127659521,20250909,20250916
20250909,000001.SZ,-0.011045029736618472,20250910,20250917
20250910,000001.SZ,-0.037130801687763726,20250911,20250918
20250911,000001.SZ,-0.023037542662116106,20250912,20250919
20250912,000001.SZ,-0.023175965665236054,20250915,20250922
20250915,000001.SZ,-0.01030927835051565,20250916,20250923
20250916,000001.SZ,-0.015463917525773252,20250917,20250924
20250917,000001.SZ,-0.0008764241893076674,20250918,20250925
20250918,000001.SZ,-0.004366812227074246,20250919,20250926
20250919,000001.SZ,-0.0008787346221443837,20250922,20250929
20250922,000001.SZ,-0.015624999999999889,20250923,20250930
20250923,000001.SZ,-0.005235602094240899,20250924,20251009
20250924,000001.SZ,0.002631578947368318,20250925,20251010
20250925,000001.SZ,0.0,20250926,20251013
20250926,000001.SZ,0.017590149516270914,20250929,20251014
20250929,000001.SZ,0.026223275239531496,20250930,20251015
20250930,000001.SZ,0.03335851186238781,20251009,20251016
20251009,000001.SZ,0.018142777009299005,20251010,20251017
20251010,000001.SZ,0.022613016071791225,20251013,20251020
20251013,000001.SZ,0.00846988800514148,20251014,20251021
20251014,000001.SZ,0.010526315789473495,20251015,20251022
20251015,000001.SZ,0.0077989601386483365,20251016,20251023
20251016,000001.SZ,0.01403508771929829,20251017,20251024
20251017,000001.SZ,0.008756567425568962,20251020,20251027
20251020,000001.SZ,0.0034995625546807574,20251021,20251028
20251021,000001.SZ,-0.011284722222222099,20251022,20251029
20251022,000001.SZ,-0.021496130696474602,20251023,20251030
20251023,000001.SZ,-0.02076124567474047,20251024,20251031
20251024,000001.SZ,-0.007812499999999889,20251027,20251103
20251027,000001.SZ,0.01046207497820384,20251028,20251104
20251028,000001.SZ,0.0114135206321333,20251029,20251105
20251029,000001.SZ,0.011423550087873435,20251030,20251106
20251030,000001.SZ,0.020318021201413572,20251031,20251107
20251031,000001.SZ,0.017497812773403343,20251103,20251110
20251103,000001.SZ,0.006902502157032142,20251104,20251111
20251104,000001.SZ,0.01388888888888884,20251105,20251112
20251105,000001.SZ,0.01650738488271064,20251106,20251113
20251106,000001.SZ,0.01731601731601695,20251107,20251114
20251107,000001.SZ,0.0034393809114359186,20251110,20251117
20251110,000001.SZ,-0.006855184233076406,20251111,20251118
20251111,000001.SZ,0.0102739726027401,20251112,20251119
20251112,000001.SZ,0.012820512820512997,20251113,20251120
20251113,000001.SZ,-0.005106382978723345,20251114,20251121
20251114,000001.SZ,-0.005998286203941716,20251117,20251124
20251117,000001.SZ,0.018119068162208984,20251118,20251125
20251118,000001.SZ,-0.009322033898305215,20251119,20251126
20251119,000001.SZ,-0.011814345991560948,20251120,20251127
20251120,000001.SZ,-0.006843455945252486,20251121,20251128
20251121,000001.SZ,0.00775862068965516,20251124,20251201
20251124,000001.SZ,-0.013559322033898313,20251125,20251202
20251125,000001.SZ,-0.011976047904191378,20251126,20251203
20251126,000001.SZ,-0.018787361229718358,20251127,20251204
20251127,000001.SZ,-0.006890611541774172,20251128,20251205
20251128,000001.SZ,-0.01454234388366138,20251201,20251208
20251201,000001.SZ,-0.01804123711340222,20251202,20251209
20251202,000001.SZ,-0.019047619047619202,20251203,20251210
20251203,000001.SZ,-0.010443864229765065,20251204,20251211
20251204,000001.SZ,-0.015611448395490002,20251205,20251212
20251205,000001.SZ,-0.0008680555555554692,20251208,20251215
20251208,000001.SZ,0.004374453193350947,20251209,20251216
20251209,000001.SZ,0.017652250661959412,20251210,20251217
20251210,000001.SZ,0.023746701846965923,20251211,20251218
20251211,000001.SZ,0.023788546255506526,20251212,20251219
20251212,000001.SZ,0.0008688097306688292,20251215,20251222
20251215,000001.SZ,0.006968641114982521,20251216,20251223
20251216,000001.SZ,0.0008673026886381052,20251217,20251224
20251217,000001.SZ,-0.0068728522336770626,20251218,20251225
20251218,000001.SZ,-0.0068846815834768815,20251219,20251226
20251219,000001.SZ,0.003472222222222321,20251222,20251229
20251222,000001.SZ,-0.00692041522491349,20251223,20251230
20251223,000001.SZ,-0.011265164644713832,20251224,20251231
20251224,000001.SZ,-0.005190311418685201,20251225,20260105
20251225,000001.SZ,0.011265164644714165,20251226,20260106
20251226,000001.SZ,0.006920415224913601,20251229,20260107
20251229,000001.SZ,0.002613240418118501,20251230,20260108
20251230,000001.SZ,0.004382120946538226,20251231,20260109
20251231,000001.SZ,-0.0017391304347825765,20260105,20260112
20260105,000001.SZ,-0.01713796058269057,20260106,20260113
20260106,000001.SZ,-0.024054982817869552,20260107,20260114
20260107,000001.SZ,-0.01737619461337958,20260108,20260115
20260108,000001.SZ,-0.023560209424083878,20260109,20260116
20260109,000001.SZ,-0.03135888501742168,20260112,20260119
20260112,000001.SZ,-0.027027027027027084,20260113,20260120
20260113,000001.SZ,-0.0255281690140845,20260114,20260121
20260114,000001.SZ,-0.021220159151193685,20260115,20260122
20260115,000001.SZ,-0.01787310098302053,20260116,20260123
20260116,000001.SZ,-0.014388489208633004,20260119,20260126
20260119,000001.SZ,-0.01971326164874554,20260120,20260127
20260120,000001.SZ,-0.020776874435410986,20260121,20260128
20260121,000001.SZ,-0.009936766034326916,20260122,20260129
20260122,000001.SZ,-0.0145586897179254,20260123,20260130
20260123,000001.SZ,-0.009124087591240948,20260126,20260202
20260126,000001.SZ,-0.009140767824497242,20260127,20260203
20260127,000001.SZ,0.011992619926199266,20260128,20260204
20260128,000001.SZ,0.011861313868613,20260129,20260205
20260129,000001.SZ,0.02031394275161591,20260130,20260206
20260130,000001.SZ,0.01933701657458564,20260202,20260209
20260202,000001.SZ,0.02029520295202958,20260203,20260210
20260203,000001.SZ,0.009115770282588809,20260204,20260211
20260204,000001.SZ,-0.01172227231740297,20260205,20260212
20260205,000001.SZ,-0.012669683257918618,20260206,20260213
20260206,000001.SZ,-0.018970189701897122,20260209,20260225
20260209,000001.SZ,-0.017179023508137492,20260210,20260226
20260210,000001.SZ,-0.015356820234868951,20260211,20260227
20260211,000001.SZ,-0.010036496350365076,20260212,20260302
20260212,000001.SZ,-0.00274977085242889,20260213,20260303
20260213,000001.SZ,-0.013812154696132506,20260225,20260304
20260225,000001.SZ,-0.004599816007359592,20260226,20260306
20260226,000001.SZ,-0.012844036697247763,20260227,20260309
20260227,000001.SZ,-0.0036866359447004227,20260302,20260310
20260302,000001.SZ,0.0009191176470588758,20260303,20260311
20260303,000001.SZ,0.02147525676937434,20260304,20260312
20260304,000001.SZ,0.010166358595194103,20260306,20260313
20260306,000001.SZ,0.014869888475836479,20260309,20260316
20260309,000001.SZ,0.020351526364477346,20260310,20260317
20260310,000001.SZ,0.006427915518824712,20260311,20260318
20260311,000001.SZ,-0.005484460694698323,20260312,20260319
20260312,000001.SZ,-0.014638609332113472,20260313,20260320
20260313,000001.SZ,-0.04304029304029311,20260316,20260323
20260316,000001.SZ,-0.01359927470534894,20260317,20260324
20260317,000001.SZ,-0.0018248175182482562,20260318,20260325
20260318,000001.SZ,0.0055147058823528106,20260319,20260326
20260319,000001.SZ,0.0232126276694522,20260320,20260327
20260320,000001.SZ,0.05167464114832532,20260323,20260330
20260323,000001.SZ,0.018382352941176405,20260324,20260331
20260324,000001.SZ,0.019195612431444298,20260325,20260401
20260325,000001.SZ,0.030164533820840944,20260326,20260402
20260326,000001.SZ,0.00907441016333932,20260327,20260403
20260327,000001.SZ,0.0036396724294813776,20260330,20260407
20260330,000001.SZ,0.012635379061371799,20260331,20260408
20260331,000001.SZ,-0.004484304932735439,20260401,20260409
20260401,000001.SZ,-0.015971606033717833,20260402,20260410
20260402,000001.SZ,-0.004496402877697814,20260403,20260413
20260403,000001.SZ,0.012692656391659174,20260407,20260414
20260407,000001.SZ,-0.0008912655971479166,20260408,20260415
20260408,000001.SZ,-0.0009009009009008917,20260409,20260416
20260409,000001.SZ,-0.007213706041478862,20260410,20260417
20260410,000001.SZ,-0.0009033423667569318,20260413,20260420
20260413,000001.SZ,-0.008057296329453845,20260414,20260421
20260414,000001.SZ,-0.020517395182872433,20260415,20260422
20260416,000001.SZ,-0.0009082652134423386,20260417,20260424
20260417,000001.SZ,0.02893309222423146,20260420,20260427
20260420,000001.SZ,0.03429602888086647,20260421,20260428
20260421,000001.SZ,0.04918032786885229,20260422,20260429
20260422,000001.SZ,0.044545454545454444,20260423,20260430
20260423,000001.SZ,0.032727272727272716,20260424,20260506
20260424,000001.SZ,-0.0008787346221441616,20260427,20260507
20260427,000001.SZ,-0.013961605584642212,20260428,20260508
20260428,000001.SZ,-0.02083333333333326,20260429,20260511
20260429,000001.SZ,-0.02088772845953002,20260430,20260512
20260430,000001.SZ,-0.01936619718309851,20260506,20260513
20260506,000001.SZ,-0.028144239226033374,20260507,20260514
20260507,000001.SZ,-0.02743362831858409,20260508,20260515
20260508,000001.SZ,-0.037234042553191515,20260511,20260518
20260511,000001.SZ,-0.034666666666666734,20260512,20260519
20260512,000001.SZ,-0.03321364452423703,20260513,20260520
20260513,000001.SZ,-0.03167420814479649,20260514,20260521
20260514,000001.SZ,-0.02820746132848051,20260515,20260522
20260515,000001.SZ,-0.016574585635359074,20260518,20260525
20260518,000001.SZ,-0.006445672191528584,20260519,20260526
20260519,000001.SZ,-0.0009285051067781103,20260520,20260527
20260520,000001.SZ,-0.0037383177570092796,20260521,20260528
20260521,000001.SZ,0.023408239700374533,20260522,20260529
20260522,000001.SZ,0.029026217228464546,20260525,20260601
20260525,000001.SZ,0.026876737720111343,20260526,20260602
20260526,000001.SZ,0.021375464684014966,20260527,20260603
20260527,000001.SZ,0.015009380863039379,20260528,20260604
20260528,000001.SZ,0.0045745654162854255,20260529,20260605
20260529,000001.SZ,0.0036396724294813776,20260601,20260608
20260601,000001.SZ,0.004512635379061436,20260602,20260609
20260602,000001.SZ,0.0300272975432212,20260603,20260610
20260603,000001.SZ,0.044362292051756125,20260604,20260611
20260604,000001.SZ,0.057364132382804245,20260605,20260612
20260605,000001.SZ,0.035714884669188374,20260608,20260615
20260608,000001.SZ,0.015272822473176184,20260609,20260616
20260609,000001.SZ,-0.01636734725322231,20260610,20260617
20260610,000001.SZ,-0.03839237248539684,20260611,20260618
20260611,000001.SZ,-0.05249110320284689,20260612,20260622
20260612,000001.SZ,-0.031645569620253,20260615,20260623
20260615,000001.SZ,-0.039305301645338186,20260616,20260624
20260616,000001.SZ,-0.033395176252319025,20260617,20260625
20260617,000001.SZ,-0.027566539923954414,20260618,20260626
20260618,000001.SZ,-0.038497652582159536,20260622,20260629
20260622,000001.SZ,-0.06162464985994398,20260623,20260630
20260623,000001.SZ,-0.033301617507135894,20260624,20260701
20260624,000001.SZ,-0.013435700575815779,20260625,20260702
20260625,000001.SZ,0.0058651026392961825,20260626,20260703
20260626,000001.SZ,0.025390625,20260629,20260706
20260629,000001.SZ,0.04179104477611939,20260630,20260707
20260630,000001.SZ,0.04330708661417315,20260701,20260708
20260701,000001.SZ,0.020428015564202484,20260702,20260709
20260702,000001.SZ,0.01554907677356665,20260703,20260710
20260703,000001.SZ,0.003809523809523707,20260706,20260713
20260706,000001.SZ,0.02101241642788909,20260707,20260714
20260707,000001.SZ,0.02264150943396226,20260708,20260715
20260708,000001.SZ,0.026692087702573808,20260709,20260716
20260709,000001.SZ,0.03157894736842093,20260710,20260717
20260710,000001.SZ,0.04174573055028463,20260713,20260720
20260713,000001.SZ,0.014031805425631427,20260714,20260721
20260714,000001.SZ,0.012915129151291449,20260715,20260722
20260715,000001.SZ,0.028783658310120863,20260716,20260723
20260716,000001.SZ,0.029684601113172615,20260717,20260724
20240102,600036.SH,0.010082823190493473,20240103,20240110
20240103,600036.SH,0.02049622437971954,20240104,20240111
20240104,600036.SH,0.008837044892188173,20240105,20240112
20240105,600036.SH,0.02275151084251692,20240108,20240115
20240108,600036.SH,0.03407880724174661,20240109,20240116
20240109,600036.SH,0.04064171122994664,20240110,20240117
20240110,600036.SH,0.04228329809725162,20240111,20240118
20240111,600036.SH,0.041695865451996994,20240112,20240119
20240112,600036.SH,0.05144247480013897,20240115,20240122
20240115,600036.SH,0.02952282869893552,20240116,20240123
20240116,600036.SH,0.03083247687564228,20240117,20240124
20240117,600036.SH,0.04462474645030423,20240118,20240125
20240118,600036.SH,0.04675412041708715,20240119,20240126
20240119,600036.SH,0.0363636363636366,20240122,20240129
20240122,600036.SH,0.03367789263087717,20240123,20240130
20240123,600036.SH,0.020604852110335692,20240124,20240131
20240124,600036.SH,-0.015533980582524087,20240125,20240201
20240125,600036.SH,-0.02859897172236503,20240126,20240202
20240126,600036.SH,-0.020414673046251997,20240129,20240205
20240129,600036.SH,0.010645161290322447,20240130,20240206
20240130,600036.SH,0.01953760989905562,20240131,20240207
20240131,600036.SH,0.03221564760026285,20240201,20240208
20240201,600036.SH,0.045980813761164585,20240202,20240219
20240202,600036.SH,0.02246825138391384,20240205,20240220
20240205,600036.SH,0.05330354293009898,20240206,20240221
20240206,600036.SH,0.04758862983072487,20240207,20240222
20240207,600036.SH,0.04936305732484092,20240208,20240223
20240208,600036.SH,0.01992409867172662,20240219,20240226
20240219,600036.SH,0.024840764331210297,20240220,20240227
20240220,600036.SH,-0.029696969696969555,20240221,20240228
20240221,600036.SH,-0.023170731707317094,20240222,20240229
20240222,600036.SH,-0.030652503793626718,20240223,20240301
20240223,600036.SH,-0.02263565891472874,20240226,20240304
20240226,600036.SH,0.0,20240227,20240305
20240227,600036.SH,-0.004684572142411136,20240228,20240306
20240228,600036.SH,-0.0012484394506865337,20240229,20240307
20240229,600036.SH,-0.008453350031308648,20240301,20240308
20240301,600036.SH,-0.0012690355329948444,20240304,20240311
20240304,600036.SH,-0.007147296457427066,20240305,20240312
20240305,600036.SH,-0.010982114841543766,20240306,20240313
20240306,600036.SH,-0.02343749999999989,20240307,20240314
20240307,600036.SH,-0.01547205557309772,20240308,20240315
20240308,600036.SH,-0.011118170266836147,20240311,20240318
20240311,600036.SH,-0.035993740219092296,20240312,20240319
20240312,600036.SH,-0.010786802030456788,20240313,20240320
20240313,600036.SH,0.009599999999999831,20240314,20240321
20240314,600036.SH,0.0006414368184732844,20240315,20240322
20240315,600036.SH,0.007067137809187329,20240318,20240325
20240318,600036.SH,0.05194805194805174,20240319,20240326
20240319,600036.SH,0.035920461834509254,20240320,20240327
20240320,600036.SH,0.01996830427892249,20240321,20240328
20240321,600036.SH,0.03205128205128216,20240322,20240329
20240322,600036.SH,0.0411483253588516,20240325,20240401
20240325,600036.SH,0.004629629629629539,20240326,20240402
20240326,600036.SH,-0.0021671826625386803,20240327,20240403
20240327,600036.SH,0.006836544437538672,20240328,20240408
20240328,600036.SH,0.0034161490683231044,20240329,20240409
20240329,600036.SH,-0.004595588235294157,20240401,20240410
20240401,600036.SH,-0.007680491551459334,20240402,20240411
20240402,600036.SH,-0.0034129692832763903,20240403,20240412
20240403,600036.SH,0.01327160493827173,20240408,20240415
20240408,600036.SH,0.013618074899411692,20240409,20240416
20240409,600036.SH,0.024930747922437657,20240410,20240417
20240410,600036.SH,0.04179566563467496,20240411,20240418
20240411,600036.SH,0.04669987546699872,20240412,20240419
20240412,600036.SH,0.015534572037770422,20240415,20240422
20240415,600036.SH,0.01923664122137425,20240416,20240423
20240416,600036.SH,0.00480480480480483,20240417,20240424
20240417,600036.SH,0.022288261515601704,20240418,20240425
20240418,600036.SH,0.02558001189767989,20240419,20240426
20240419,600036.SH,0.04619076184763049,20240422,20240429
20240422,600036.SH,0.027860994607549427,20240423,20240430
20240423,600036.SH,0.04243873281530175,20240424,20240506
20240424,600036.SH,0.01366279069767451,20240425,20240507
20240425,600036.SH,0.0026102088167054838,20240426,20240508
20240426,600036.SH,-0.0011467889908256534,20240429,20240509
20240429,600036.SH,0.038181288254153234,20240430,20240510
20240430,600036.SH,0.02952981651376141,20240506,20240513
20240506,600036.SH,0.013478634929739108,20240507,20240514
20240507,600036.SH,0.013884871275672506,20240508,20240515
20240508,600036.SH,0.040470723306544,20240509,20240516
20240509,600036.SH,0.03453116226838859,20240510,20240517
20240510,600036.SH,0.013088276246171038,20240513,20240520
20240513,600036.SH,0.025466893039049143,20240514,20240521
20240514,600036.SH,0.028815977175463692,20240515,20240522
20240515,600036.SH,-0.020689655172413723,20240516,20240523
20240516,600036.SH,-0.05725915875169607,20240517,20240524
20240517,600036.SH,-0.0340846619021441,20240520,20240527
20240520,600036.SH,-0.038907284768211925,20240521,20240528
20240521,600036.SH,-0.041320022185246885,20240522,20240529
20240522,600036.SH,-0.03267605633802817,20240523,20240530
20240523,600036.SH,-0.013241220495106565,20240524,20240531
20240524,600036.SH,-0.028173022196926634,20240527,20240603
20240527,600036.SH,-0.008326155612977448,20240528,20240604
20240528,600036.SH,-0.016777552791437556,20240529,20240605
20240529,600036.SH,-0.00990099009900991,20240530,20240606
20240530,600036.SH,-0.008459743290548438,20240531,20240607
20240531,600036.SH,-0.023133235724743684,20240603,20240611
20240603,600036.SH,-0.04198031268094948,20240604,20240612
20240604,600036.SH,-0.034421888790820754,20240605,20240613
20240605,600036.SH,-0.005588235294117561,20240606,20240614
20240606,600036.SH,-0.007649308620182538,20240607,20240617
20240607,600036.SH,0.010491606714628343,20240611,20240618
20240611,600036.SH,0.03203384708371093,20240612,20240619
20240612,600036.SH,0.03625837903717244,20240613,20240620
20240613,600036.SH,-0.0032534753031647767,20240614,20240621
20240614,600036.SH,0.01008004743551738,20240617,20240624
20240617,600036.SH,0.01750222485909214,20240618,20240625
20240618,600036.SH,-0.002635431918008635,20240619,20240626
20240619,600036.SH,0.007350779182593303,20240620,20240627
20240620,600036.SH,0.014540059347180945,20240621,20240628
20240621,600036.SH,0.0085118872908716,20240624,20240701
20240624,600036.SH,0.02274052478134103,20240625,20240702
20240625,600036.SH,0.01174398120963005,20240626,20240703
20240626,600036.SH,0.013134851138353776,20240627,20240704
20240627,600036.SH,-0.00906697864872752,20240628,20240705
20240628,600036.SH,-0.010768335273573904,20240701,20240708
20240701,600036.SH,-0.017388825541619135,20240702,20240709
20240702,600036.SH,0.006384213580963527,20240703,20240710
20240703,600036.SH,0.005001001198869259,20240704,20240711
20240704,600036.SH,0.06404678909187211,20240705,20240712
20240705,600036.SH,0.05374054492111391,20240708,20240715
20240708,600036.SH,0.03937464563872983,20240709,20240716
20240709,600036.SH,0.04164145350407056,20240710,20240717
20240710,600036.SH,0.036170212765957555,20240711,20240718
20240711,600036.SH,0.007352941176470562,20240712,20240719
20240712,600036.SH,-0.013025458851391392,20240715,20240722
20240715,600036.SH,-0.013317549570878828,20240716,20240723
20240716,600036.SH,-0.026122688582330578,20240717,20240724
20240717,600036.SH,-0.03696098562628347,20240718,20240725
20240718,600036.SH,-0.05489051094890507,20240719,20240726
20240719,600036.SH,-0.026694661067786507,20240722,20240729
20240722,600036.SH,-0.027594481103779267,20240723,20240730
20240723,600036.SH,-0.013562386980108587,20240724,20240731
20240724,600036.SH,-0.003655193420651681,20240725,20240801
20240725,600036.SH,-0.00278035217794248,20240726,20240802
20240726,600036.SH,-0.01078582434514641,20240729,20240805
20240729,600036.SH,-0.022208513263417773,20240730,20240806
20240730,600036.SH,-0.03513596089214788,20240731,20240807
20240731,600036.SH,-0.02384591867930308,20240801,20240808
20240801,600036.SH,0.0015489467162328463,20240802,20240809
20240802,600036.SH,0.0006230529595014911,20240805,20240812
20240805,600036.SH,0.007570977917981114,20240806,20240813
20240806,600036.SH,0.008866371120962668,20240807,20240814
20240807,600036.SH,0.02599436266833699,20240808,20240815
20240808,600036.SH,0.02536343952984854,20240809,20240816
20240809,600036.SH,0.040473225404732416,20240812,20240819
20240812,600036.SH,0.04821540388227907,20240813,20240820
20240813,600036.SH,0.043314500941619816,20240814,20240821
20240814,600036.SH,0.016483516483516425,20240815,20240822
20240815,600036.SH,0.016591251885369696,20240816,20240823
20240816,600036.SH,0.010472770795930675,20240819,20240826
20240819,600036.SH,0.00657108721624855,20240820,20240827
20240820,600036.SH,0.013237063778579916,20240821,20240828
20240821,600036.SH,-0.011111111111111072,20240822,20240829
20240822,600036.SH,-0.0459940652818992,20240823,20240830
20240823,600036.SH,-0.05448623038199596,20240826,20240902
20240826,600036.SH,-0.06172106824925816,20240827,20240903
20240827,600036.SH,-0.06888361045130642,20240828,20240904
20240828,600036.SH,-0.0525356817491649,20240829,20240905
20240829,600036.SH,-0.027993779160186527,20240830,20240906
20240830,600036.SH,-0.052928280613842804,20240902,20240909
20240902,600036.SH,-0.04522454142947496,20240903,20240910
20240903,600036.SH,-0.04081632653061218,20240904,20240911
20240904,600036.SH,-0.03108974358974359,20240905,20240912
20240905,600036.SH,-0.02079999999999993,20240906,20240913
20240906,600036.SH,0.028769841269841168,20240909,20240918
20240909,600036.SH,0.0208678370321298,20240910,20240919
20240910,600036.SH,0.02859042553191493,20240911,20240920
20240911,600036.SH,0.03837247767118779,20240912,20240923
20240912,600036.SH,0.08267973856209165,20240913,20240924
20240913,600036.SH,0.09771777563484418,20240918,20240925
20240918,600036.SH,0.14795587280986378,20240919,20240926
20240919,600036.SH,0.15158371040723995,20240920,20240927
20240920,600036.SH,0.19815227779547606,20240923,20240930
20240923,600036.SH,0.2073649260488981,20240924,20241008
20240924,600036.SH,0.08374816983894595,20240925,20241009
20240925,600036.SH,0.094686263425664,20240926,20241010
20240926,600036.SH,0.07858546168958735,20240927,20241011
20240927,600036.SH,0.045732517947354445,20240930,20241014
20240930,600036.SH,-0.03749999999999998,20241008,20241015
20241008,600036.SH,0.06727911375303974,20241009,20241016
20241009,600036.SH,-0.006196746707978096,20241010,20241017
20241010,600036.SH,0.016133229247983216,20241011,20241018
20241011,600036.SH,-0.012204424103737566,20241014,20241021
20241014,600036.SH,0.01740259740259753,20241015,20241022
20241015,600036.SH,0.004050632911392293,20241016,20241023
20241016,600036.SH,0.021304234866198923,20241017,20241024
20241017,600036.SH,0.001280409731114096,20241018,20241025
20241018,600036.SH,-0.008494208494208455,20241021,20241028
20241021,600036.SH,-0.014551953025274456,20241022,20241029
20241022,600036.SH,-0.04488149268784658,20241023,20241030
20241023,600036.SH,-0.04960569829559924,20241024,20241031
20241024,600036.SH,-0.027877237851662517,20241025,20241101
20241025,600036.SH,0.0059709241952232706,20241028,20241104
20241028,600036.SH,0.012435233160621673,20241029,20241105
20241029,600036.SH,0.01795142555438245,20241030,20241106
20241030,600036.SH,0.059154175588865154,20241031,20241107
20241031,600036.SH,0.020784004209418505,20241101,20241108
20241101,600036.SH,-0.0108387096774194,20241104,20241111
20241104,600036.SH,-0.038126919140225035,20241105,20241112
20241105,600036.SH,-0.01919087136929465,20241106,20241113
20241106,600036.SH,-0.03816022239069994,20241107,20241114
20241107,600036.SH,-0.025257731958762797,20241108,20241115
20241108,600036.SH,-0.01121836681450561,20241111,20241118
20241111,600036.SH,0.0034583665868581637,20241112,20241119
20241112,600036.SH,-0.008989952406134427,20241113,20241120
20241113,600036.SH,-0.016552811350499352,20241114,20241121
20241114,600036.SH,-0.03622421998942349,20241115,20241122
20241115,600036.SH,-0.04432717678100273,20241118,20241125
20241118,600036.SH,-0.0352598091198304,20241119,20241126
20241119,600036.SH,-0.02347918890074696,20241120,20241127
20241120,600036.SH,-0.02564787603526586,20241121,20241128
20241121,600036.SH,-0.0030178326474622486,20241122,20241129
20241122,600036.SH,0.008006626173384879,20241125,20241202
20241125,600036.SH,0.020060456169277208,20241126,20241203
20241126,600036.SH,0.0057377049180327155,20241127,20241204
20241127,600036.SH,0.012064710721140681,20241128,20241205
20241128,600036.SH,0.03742432581177746,20241129,20241206
20241129,600036.SH,0.032593809915091976,20241202,20241209
20241202,600036.SH,0.0398706896551726,20241203,20241210
20241203,600036.SH,0.04047813094267849,20241204,20241211
20241204,600036.SH,0.05120563532917921,20241205,20241212
20241205,600036.SH,-0.010610079575596898,20241206,20241213
20241206,600036.SH,0.001061007957559701,20241209,20241216
20241209,600036.SH,-0.01943005181347146,20241210,20241217
20241210,600036.SH,0.005744125326370808,20241211,20241218
20241211,600036.SH,-0.020103092783504972,20241212,20241219
20241212,600036.SH,0.01635388739946375,20241213,20241220
20241213,600036.SH,0.016163222045574965,20241216,20241223
20241216,600036.SH,0.03619550858652576,20241217,20241224
20241217,600036.SH,0.022845275181723634,20241218,20241225
20241218,600036.SH,0.03840084166228275,20241219,20241226
20241219,600036.SH,0.03772091796359822,20241220,20241227
20241220,600036.SH,0.03311603650586692,20241223,20241230
20241223,600036.SH,0.0020397756246812726,20241224,20241231
20241224,600036.SH,-0.022588832487309696,20241225,20250102
20241225,600036.SH,-0.020770010131712313,20241226,20250103
20241226,600036.SH,-0.007371631926792244,20241227,20250106
20241227,600036.SH,-0.018172640080767244,20241230,20250107
20241230,600036.SH,-0.0005089058524172518,20241231,20250108
20241231,600036.SH,0.012723967800571279,20250102,20250109
20250102,600036.SH,0.008277289187790915,20250103,20250110
20250103,600036.SH,0.0005121638924456828,20250106,20250113
20250106,600036.SH,0.024421593830334265,20250107,20250114
20250107,600036.SH,0.03462321792260692,20250108,20250115
20250108,600036.SH,0.05102564102564111,20250109,20250116
20250109,600036.SH,0.04438173422267844,20250110,20250117
20250110,600036.SH,0.026874840030713942,20250113,20250120
20250113,600036.SH,0.0072772898368884675,20250114,20250121
20250114,600036.SH,-0.02928149606299213,20250115,20250122
20250115,600036.SH,-0.02829958526469878,20250116,20250123
20250116,600036.SH,-0.011053795136330202,20250117,20250124
20250117,600036.SH,0.013210368893320057,20250120,20250127
20250120,600036.SH,-0.0034877927254609586,20250121,20250205
20250121,600036.SH,0.019011406844106515,20250122,20250206
20250122,600036.SH,0.009289480291237773,20250123,20250207
20250123,600036.SH,0.008445106805762492,20250124,20250210
20250124,600036.SH,0.008118081180811698,20250127,20250211
20250127,600036.SH,0.04049999999999998,20250205,20250212
20250205,600036.SH,0.037562189054726414,20250206,20250213
20250206,600036.SH,0.045522388059701546,20250207,20250214
20250207,600036.SH,0.02758620689655178,20250210,20250217
20250210,600036.SH,0.026110297706198216,20250211,20250218
20250211,600036.SH,0.00864968765016827,20250212,20250219
20250212,600036.SH,0.0033565092304004285,20250213,20250220
20250213,600036.SH,-0.014989293361884481,20250214,20250221
20250214,600036.SH,-0.010786193672099653,20250217,20250224
20250217,600036.SH,-0.024256837098691864,20250218,20250225
20250218,600036.SH,-0.01191043353978094,20250219,20250226
20250219,600036.SH,0.012664277180406414,20250220,20250227
20250220,600036.SH,0.01570048309178751,20250221,20250228
20250221,600036.SH,0.018899927307971742,20250224,20250303
20250224,600036.SH,0.018766756032171372,20250225,20250304
20250225,600036.SH,0.03399228543876598,20250226,20250305
20250226,600036.SH,0.013685700802265055,20250227,20250306
20250227,600036.SH,0.036147443519619626,20250228,20250307
20250228,600036.SH,0.024256837098692197,20250303,20250310
20250303,600036.SH,0.040909090909091006,20250304,20250311
20250304,600036.SH,0.01515504779668908,20250305,20250312
20250305,600036.SH,0.020484171322160183,20250306,20250313
20250306,600036.SH,0.03649299977048415,20250307,20250314
20250307,600036.SH,0.04573949384722531,20250310,20250317
20250310,600036.SH,0.03746265226384726,20250311,20250318
20250311,600036.SH,0.05695911805236564,20250312,20250319
20250312,600036.SH,0.03193430656934315,20250313,20250320
20250313,600036.SH,-0.010186005314437363,20250314,20250321
20250314,600036.SH,0.00022202486678501998,20250317,20250324
20250317,600036.SH,-0.0011076650420911438,20250318,20250325
20250318,600036.SH,-0.07301173402868344,20250319,20250326
20250319,600036.SH,-0.04376657824933694,20250320,20250327
20250320,600036.SH,-0.03310961968680104,20250321,20250328
20250321,600036.SH,-0.039067702552719186,20250324,20250331
20250324,600036.SH,-0.04923486360612117,20250325,20250401
20250325,600036.SH,0.001640881387716897,20250326,20250402
20250326,600036.SH,-0.01410078594544617,20250327,20250403
20250327,600036.SH,-0.05529847292919954,20250328,20250407
20250328,600036.SH,-0.0494340494340495,20250331,20250408
20250331,600036.SH,-0.056216468392815466,20250401,20250409
20250401,600036.SH,-0.0381465012871518,20250402,20250410
20250402,600036.SH,-0.02672919109026961,20250403,20250411
20250403,600036.SH,0.01591966691158464,20250407,20250414
20250407,600036.SH,0.023086269744836185,20250408,20250415
20250408,600036.SH,0.04424122590212565,20250409,20250416
20250409,600036.SH,0.024817518248174908,20250410,20250417
20250410,600036.SH,0.029872319922910284,20250411,20250418
20250411,600036.SH,0.019286403085824633,20250414,20250421
20250414,600036.SH,-0.002137767220902753,20250415,20250422
20250415,600036.SH,-0.006153846153846176,20250416,20250423
20250416,600036.SH,0.002136752136752129,20250417,20250424
20250417,600036.SH,-0.01567251461988306,20250418,20250425
20250418,600036.SH,0.0016556291390728006,20250421,20250428
20250421,600036.SH,-0.0002380385622470227,20250422,20250429
20250422,600036.SH,-0.029768992617289824,20250423,20250430
20250423,600036.SH,-0.019900497512437942,20250424,20250506
20250424,600036.SH,-0.001425855513307872,20250425,20250507
20250425,600036.SH,0.010625737898465104,20250428,20250508
20250428,600036.SH,0.03523809523809507,20250429,20250509
20250429,600036.SH,0.07511045655375526,20250430,20250512
20250430,600036.SH,0.07710901619531074,20250506,20250513
20250506,600036.SH,0.06639695383150857,20250507,20250514
20250507,600036.SH,0.04953271028037398,20250508,20250515
20250508,600036.SH,0.018169273229071026,20250509,20250516
20250509,600036.SH,0.0009132420091324533,20250512,20250519
20250512,600036.SH,-0.014811490125673399,20250513,20250520
20250513,600036.SH,-0.020307966971658153,20250514,20250521
20250514,600036.SH,-0.00912733748886907,20250515,20250522
20250515,600036.SH,-0.004969505308335287,20250516,20250523
20250516,600036.SH,-0.0009124087591242391,20250519,20250526
20250519,600036.SH,-0.0036446469248290203,20250520,20250527
20250520,600036.SH,-0.005011389521639931,20250521,20250528
20250521,600036.SH,-0.02336553583464407,20250522,20250529
20250522,600036.SH,-0.014074914869466437,20250523,20250530
20250523,600036.SH,0.0038812785388129267,20250526,20250603
20250526,600036.SH,0.007315957933241801,20250527,20250604
20250527,600036.SH,0.01579670329670324,20250528,20250605
20250528,600036.SH,0.0230043708304577,20250529,20250606
20250529,600036.SH,0.026939903292654943,20250530,20250609
20250530,600036.SH,0.015919945417329995,20250603,20250610
20250603,600036.SH,0.028370403994552706,20250604,20250611
20250604,600036.SH,0.01938246562993018,20250605,20250612
20250605,600036.SH,0.015965819653699365,20250606,20250613
20250606,600036.SH,0.026457399103138934,20250609,20250616
20250609,600036.SH,0.029326169688829173,20250610,20250617
20250610,600036.SH,0.011917898918561098,20250611,20250618
20250611,600036.SH,0.00884368781782019,20250612,20250619
20250612,600036.SH,0.017928286852589626,20250613,20250620
20250613,600036.SH,0.010266491917868104,20250616,20250623
20250616,600036.SH,0.01674641148325362,20250617,20250624
20250617,600036.SH,0.03598691384950925,20250618,20250625
20250618,600036.SH,0.04930966469428011,20250619,20250626
20250619,600036.SH,0.00500108719286807,20250620,20250627
20250620,600036.SH,-0.00648648648648642,20250623,20250630
20250623,600036.SH,-0.0064171122994651775,20250624,20250701
20250624,600036.SH,-0.01263157894736855,20250625,20250702
20250625,600036.SH,-0.02652464494569773,20250626,20250703
20250626,600036.SH,0.018390307226308966,20250627,20250704
20250627,600036.SH,0.027203482045701888,20250630,20250707
20250630,600036.SH,0.025188374596340157,20250701,20250708
20250701,600036.SH,0.004904051172707868,20250702,20250709
20250702,600036.SH,0.03497103625831377,20250703,20250710
20250703,600036.SH,0.011557729919096094,20250704,20250711
20250704,600036.SH,0.007224464102858041,20250707,20250714
20250707,600036.SH,-0.009326827016586492,20250708,20250715
20250708,600036.SH,-0.0014619398493995739,20250709,20250716
20250709,600036.SH,-0.02681714236472943,20250710,20250717
20250710,600036.SH,-0.012927256792287567,20250711,20250718
20250711,600036.SH,-0.015799868334430478,20250714,20250721
20250714,600036.SH,-0.006191950464396356,20250715,20250722
20250715,600036.SH,0.00022168033695413314,20250716,20250723
20250716,600036.SH,-0.002666666666666595,20250717,20250724
20250717,600036.SH,-0.004883462819089912,20250718,20250725
20250718,600036.SH,-0.009141583054626645,20250721,20250728
20250721,600036.SH,-0.017801513128615887,20250722,20250729
20250722,600036.SH,-0.015514184397163122,20250723,20250730
20250723,600036.SH,-0.008912655971479722,20250724,20250731
20250724,600036.SH,-0.009145661387463644,20250725,20250801
20250725,600036.SH,0.01035103510351032,20250728,20250804
20250728,600036.SH,0.025147258722247434,20250729,20250805
20250729,600036.SH,0.01575866726699693,20250730,20250806
20250730,600036.SH,0.015062949640287648,20250731,20250807
20250731,600036.SH,0.002476361999099508,20250801,20250808
20250801,600036.SH,-0.017817371937638993,20250804,20250811
20250804,600036.SH,-0.027624309392265234,20250805,20250812
20250805,600036.SH,-0.03501773049645396,20250806,20250813
20250806,600036.SH,-0.03034330011074171,20250807,20250814
20250807,600036.SH,-0.02762182798113655,20250808,20250815
20250808,600036.SH,-0.013378684807256347,20250811,20250818
20250811,600036.SH,-0.01363636363636389,20250812,20250819
20250812,600036.SH,-0.002067064768029314,20250813,20250820
20250813,600036.SH,-0.007080858839652926,20250814,20250821
20250814,600036.SH,-0.0009237875288682362,20250815,20250822
20250815,600036.SH,0.008273960009193448,20250818,20250825
20250818,600036.SH,0.0027649769585256223,20250819,20250826
20250819,600036.SH,-0.010356731875719172,20250820,20250827
20250820,600036.SH,-0.011272141706924477,20250821,20250828
20250821,600036.SH,-0.008552935737401679,20250822,20250829
20250822,600036.SH,-0.04308183268748589,20250825,20250901
20250825,600036.SH,-0.0018382352941176405,20250826,20250902
20250826,600036.SH,-0.0023255813953488857,20250827,20250903
20250827,600036.SH,0.0016286644951140072,20250828,20250904
20250828,600036.SH,-0.0030310095593378827,20250829,20250905
20250829,600036.SH,0.010719390185802702,20250901,20250908
20250901,600036.SH,-0.014042357274401507,20250902,20250909
20250902,600036.SH,0.002331002331002363,20250903,20250910
20250903,600036.SH,0.005807200929152101,20250904,20250911
20250904,600036.SH,-0.005144995322731494,20250905,20250912
20250905,600036.SH,-0.004949328305444145,20250908,20250915
20250908,600036.SH,-0.025215970114405684,20250909,20250916
20250909,600036.SH,-0.028837209302325695,20250910,20250917
20250910,600036.SH,-0.057043879907621275,20250911,20250918
20250911,600036.SH,-0.036201222378937414,20250912,20250919
20250912,600036.SH,-0.030791094268119434,20250915,20250922
20250915,600036.SH,-0.004790419161676884,20250916,20250923
20250916,600036.SH,-0.010536398467432817,20250917,20250924
20250917,600036.SH,-0.0002449179524858236,20250918,20250925
20250918,600036.SH,-0.004878048780488031,20250919,20250926
20250919,600036.SH,-0.0058651026392962935,20250922,20250929
20250922,600036.SH,-0.027436823104693087,20250923,20250930
20250923,600036.SH,-0.023959341723136518,20250924,20251009
20250924,600036.SH,-0.015678588926996584,20250925,20251010
20250925,600036.SH,-0.016911764705882182,20250926,20251013
20250926,600036.SH,0.014257620452310826,20250929,20251014
20250929,600036.SH,0.026973521405592837,20250930,20251015
20250930,600036.SH,0.03967270022315894,20251009,20251016
20251009,600036.SH,0.03509208561473365,20251010,20251017
20251010,600036.SH,0.032660184492645294,20251013,20251020
20251013,600036.SH,0.017450315075133283,20251014,20251021
20251014,600036.SH,0.010843373493975905,20251015,20251022
20251015,600036.SH,0.007393274505127723,20251016,20251023
20251016,600036.SH,0.008655926905506206,20251017,20251024
20251017,600036.SH,0.004104297440849836,20251020,20251027
20251020,600036.SH,-0.009051929490233257,20251021,20251028
20251021,600036.SH,-0.028128724672228933,20251022,20251029
20251022,600036.SH,-0.024621212121212044,20251023,20251030
20251023,600036.SH,-0.02526817640047685,20251024,20251031
20251024,600036.SH,0.0048088482808368305,20251027,20251103
20251027,600036.SH,0.033894230769230704,20251028,20251104
20251028,600036.SH,0.04979151336767207,20251029,20251105
20251029,600036.SH,0.02766990291262128,20251030,20251106
20251030,600036.SH,0.039618488628026416,20251031,20251107
20251031,600036.SH,0.022254127781766053,20251103,20251110
20251103,600036.SH,-0.0011625203441060217,20251104,20251111
20251104,600036.SH,0.0030373831775700744,20251105,20251112
20251105,600036.SH,0.020547945205479312,20251106,20251113
20251106,600036.SH,0.01740766878381561,20251107,20251114
20251107,600036.SH,-0.001638576779026124,20251110,20251117
20251110,600036.SH,-0.0018621973929234814,20251111,20251118
20251111,600036.SH,0.006755182855811892,20251112,20251119
20251112,600036.SH,0.0004628558204118338,20251113,20251120
20251113,600036.SH,-0.005780346820809301,20251114,20251121
20251114,600036.SH,-0.0004689331770222349,20251117,20251124
20251117,600036.SH,0.008628731343283569,20251118,20251125
20251118,600036.SH,0.0006941230911614582,20251119,20251126
20251119,600036.SH,-0.0009252833680313266,20251120,20251127
20251120,600036.SH,-0.0011627906976744429,20251121,20251128
20251121,600036.SH,0.0190007037297677,20251124,20251201
20251124,600036.SH,0.0030057803468208633,20251125,20251202
20251125,600036.SH,-0.005549132947976987,20251126,20251203
20251126,600036.SH,0.0006946052326928243,20251127,20251204
20251127,600036.SH,0.011641443538998875,20251128,20251205
20251128,600036.SH,-0.005985267034990915,20251201,20251208
20251201,600036.SH,-0.007837713231904186,20251202,20251209
20251202,600036.SH,-0.0304580330155777,20251203,20251210
20251203,600036.SH,-0.03563165201295715,20251204,20251211
20251204,600036.SH,-0.039355581127733075,20251205,20251212
20251205,600036.SH,-0.031959240389069055,20251208,20251215
20251208,600036.SH,-0.031133828996282475,20251209,20251216
20251209,600036.SH,-0.004316546762589968,20251210,20251217
20251210,600036.SH,0.016554702495201745,20251211,20251218
20251211,600036.SH,0.005989458552946747,20251212,20251219
20251212,600036.SH,-0.0007177033492821172,20251215,20251222
20251215,600036.SH,0.005035971223021463,20251216,20251223
20251216,600036.SH,0.007466281310211764,20251217,20251224
20251217,600036.SH,-0.013924946896388901,20251218,20251225
20251218,600036.SH,-0.006906406287211175,20251219,20251226
20251219,600036.SH,0.0023940627244434243,20251222,20251229
20251222,600036.SH,0.008828441899308315,20251223,20251230
20251223,600036.SH,0.00645469758546513,20251224,20251231
20251224,600036.SH,0.013642891335567287,20251225,20260105
20251225,600036.SH,0.02470023980815328,20251226,20260106
20251226,600036.SH,0.0066873656556007965,20251229,20260107
20251229,600036.SH,-0.016556291390728672,20251230,20260108
20251230,600036.SH,-0.01900237529691229,20251231,20260109
20251231,600036.SH,-0.029043683589138225,20260105,20260112
20260105,600036.SH,-0.037444418441375915,20260106,20260113
20260106,600036.SH,-0.04934756820877828,20260107,20260114
20260107,600036.SH,-0.03535353535353525,20260108,20260115
20260108,600036.SH,-0.03817869954215436,20260109,20260116
20260109,600036.SH,-0.03820975007483973,20260112,20260119
20260112,600036.SH,-0.03395383406495944,20260113,20260120
20260113,600036.SH,-0.020943770877281165,20260114,20260121
20260114,600036.SH,-0.03189532892100544,20260115,20260122
20260115,600036.SH,-0.031508264462809854,20260116,20260123
20260116,600036.SH,-0.013748378728923427,20260119,20260126
20260119,600036.SH,-0.016266460108442904,20260120,20260127
20260120,600036.SH,-0.011506276150627714,20260121,20260128
20260121,600036.SH,0.017965653896961697,20260122,20260129
20260122,600036.SH,0.031199999999999894,20260123,20260130
20260123,600036.SH,0.011309836927932748,20260126,20260202
20260126,600036.SH,0.005249343832020914,20260127,20260203
20260127,600036.SH,0.032010582010582045,20260128,20260204
20260128,600036.SH,0.030625486633791832,20260129,20260205
20260129,600036.SH,0.024049650892164598,20260130,20260206
20260130,600036.SH,0.0267880364109232,20260202,20260209
20260202,600036.SH,0.027154046997389214,20260203,20260210
20260203,600036.SH,0.009997436554729733,20260204,20260211
20260204,600036.SH,-0.018131453034500034,20260205,20260212
20260205,600036.SH,-0.022474747474747536,20260206,20260213
20260206,600036.SH,-0.01773049645390068,20260209,20260225
20260209,600036.SH,-0.01626842907981696,20260210,20260226
20260210,600036.SH,-0.016497461928933976,20260211,20260227
20260211,600036.SH,-0.008207232623749783,20260212,20260302
20260212,600036.SH,0.012141565486954331,20260213,20260303
20260213,600036.SH,-0.004641567818463033,20260225,20260304
20260225,600036.SH,0.012919896640826822,20260226,20260306
20260226,600036.SH,0.0010322580645161228,20260227,20260309
20260227,600036.SH,0.01422291181794666,20260302,20260310
20260302,600036.SH,0.008167432363450633,20260303,20260311
20260303,600036.SH,0.023316062176165664,20260304,20260312
20260304,600036.SH,0.014285714285714013,20260306,20260313
20260306,600036.SH,0.028873420984789844,20260309,20260316
20260309,600036.SH,0.022947475777664428,20260310,20260317
20260310,600036.SH,0.010632911392405298,20260311,20260318
20260311,600036.SH,0.006835443037974898,20260312,20260319
20260312,600036.SH,-0.00025150905432591575,20260313,20260320
20260313,600036.SH,-0.030819218184369168,20260316,20260323
20260316,600036.SH,-0.021684945164506364,20260317,20260324
20260317,600036.SH,-0.016533066132264684,20260318,20260325
20260318,600036.SH,-0.005280362081971246,20260319,20260326
20260319,600036.SH,-0.007798742138364734,20260320,20260327
20260320,600036.SH,0.02068239126885829,20260323,20260330
20260323,600036.SH,0.0017834394904459039,20260324,20260331
20260324,600036.SH,0.01426388181355076,20260325,20260401
20260325,600036.SH,0.005055611729019027,20260326,20260402
20260326,600036.SH,-0.001014198782961384,20260327,20260403
20260327,600036.SH,-0.01241134751773032,20260330,20260407
20260330,600036.SH,0.007629704984740471,20260331,20260408
20260331,600036.SH,-0.01406328478151686,20260401,20260409
20260401,600036.SH,-0.013832997987927476,20260402,20260410
20260402,600036.SH,-0.010659898477157426,20260403,20260413
20260403,600036.SH,0.0035906642728904536,20260407,20260414
20260407,600036.SH,0.007067137809187329,20260408,20260415
20260408,600036.SH,0.01655629139072845,20260409,20260416
20260409,600036.SH,0.007906146391226887,20260410,20260417
20260410,600036.SH,0.02283222165212928,20260413,20260420
20260413,600036.SH,0.018911321236902534,20260414,20260421
20260414,600036.SH,-0.004010025062656464,20260415,20260422
20260415,600036.SH,-0.002505637684790618,20260416,20260423
20260416,600036.SH,-0.003542510121457565,20260417,20260424
20260417,600036.SH,-0.012289942312515678,20260420,20260427
20260420,600036.SH,-0.006772009029345272,20260421,20260428
20260421,600036.SH,-0.03120281831907412,20260422,20260429
20260422,600036.SH,-0.03868374780205974,20260423,20260430
20260423,600036.SH,-0.03504316912138139,20260424,20260506
20260424,600036.SH,-0.03631284916201105,20260427,20260507
20260427,600036.SH,-0.041919191919192134,20260428,20260508
20260428,600036.SH,-0.01376623376623376,20260429,20260511
20260429,600036.SH,-0.009668147373922187,20260430,20260512
20260430,600036.SH,-0.0031578947368420263,20260506,20260513
20260506,600036.SH,-0.0036890645586298287,20260507,20260514
20260507,600036.SH,-0.007643647865050007,20260508,20260515
20260508,600036.SH,-0.013168290755859902,20260511,20260518
20260511,600036.SH,-0.013984168865435409,20260512,20260519
20260512,600036.SH,-0.01874340021119325,20260513,20260520
20260513,600036.SH,-0.01745569955038362,20260514,20260521
20260514,600036.SH,-0.01673306772908356,20260515,20260522
20260515,600036.SH,-0.014144649052575398,20260518,20260525
20260518,600036.SH,-0.00990099009900991,20260519,20260526
20260519,600036.SH,-0.004573580844767444,20260520,20260527
20260520,600036.SH,-0.0008075370121131131,20260521,20260528
20260521,600036.SH,0.02674230145867096,20260522,20260529
20260522,600036.SH,0.034109366540335806,20260525,20260601
20260525,600036.SH,0.048648648648648596,20260526,20260602
20260526,600036.SH,0.04054054054054057,20260527,20260603
20260527,600036.SH,0.026400862068965747,20260528,20260604
20260528,600036.SH,0.014996053670086829,20260529,20260605
20260529,600036.SH,0.007853403141361293,20260601,20260608
20260601,600036.SH,-0.007989690721649456,20260602,20260609
20260602,600036.SH,0.010389610389610393,20260603,20260610
20260603,600036.SH,0.016535433070866024,20260604,20260611
20260604,600036.SH,0.01969932607568703,20260605,20260612
20260605,600036.SH,0.011688311688311748,20260608,20260615
20260608,600036.SH,0.002078461938165743,20260609,20260616
20260609,600036.SH,-0.01722365038560414,20260610,20260617
20260610,600036.SH,-0.03795507358636707,20260611,20260618
20260611,600036.SH,-0.042958820538891884,20260612,20260622
20260612,600036.SH,-0.03979460847240057,20260615,20260623
20260615,600036.SH,-0.04692766398755521,20260616,20260624
20260616,600036.SH,-0.05231493591420344,20260617,20260625
20260617,600036.SH,-0.033816425120772986,20260618,20260626
20260618,600036.SH,-0.03266932270916323,20260622,20260629
20260622,600036.SH,-0.050802139037433136,20260623,20260630
20260623,600036.SH,-0.023122959738846482,20260624,20260701
20260624,600036.SH,0.010212531051614793,20260625,20260702
20260625,600036.SH,0.023055555555555607,20260626,20260703
20260626,600036.SH,0.03596924766611753,20260629,20260706
20260629,600036.SH,0.05774647887323936,20260630,20260707
20260630,600036.SH,0.0565302144249511,20260701,20260708
20260701,600036.SH,0.025956284153005438,20260702,20260709
20260702,600036.SH,0.02883935536998794,20260703,20260710
20260703,600036.SH,0.01437338792125975,20260706,20260713
20260706,600036.SH,0.017320554213128725,20260707,20260714
20260707,600036.SH,0.022569969040429294,20260708,20260715
20260708,600036.SH,0.030727952587642937,20260709,20260716
20260709,600036.SH,0.03091106290672463,20260710,20260717
20260710,600036.SH,0.04456375838926152,20260713,20260720
20260713,600036.SH,0.021785906401291077,20260714,20260721
20260714,600036.SH,0.025158898305084776,20260715,20260722
20260715,600036.SH,0.032917440934430386,20260716,20260723
20260716,600036.SH,0.031036296685954756,20260717,20260724
20240102,000858.SZ,-0.04507710557532607,20240103,20240110
20240103,000858.SZ,-0.020405078597339643,20240104,20240111
20240104,000858.SZ,-0.018972874123742822,20240105,20240112
20240105,000858.SZ,0.004527712724434085,20240108,20240115
20240108,000858.SZ,0.004694468351459147,20240109,20240116
20240109,000858.SZ,-0.028416149068323016,20240110,20240117
20240110,000858.SZ,-0.013269557167103985,20240111,20240118
20240111,000858.SZ,0.0010873786407765706,20240112,20240119
20240112,000858.SZ,-0.0130556419023935,20240115,20240122
20240115,000858.SZ,-0.008021182150922845,20240116,20240123
20240116,000858.SZ,0.02325395556976173,20240117,20240124
20240117,000858.SZ,0.025097732603596823,20240118,20240125
20240118,000858.SZ,0.01637054852975428,20240119,20240126
20240119,000858.SZ,0.037637795275590635,20240122,20240129
20240122,000858.SZ,0.002590673575129543,20240123,20240130
20240123,000858.SZ,-0.013666536509176042,20240124,20240131
20240124,000858.SZ,-0.035161314926397735,20240125,20240201
20240125,000858.SZ,-0.05480916030534355,20240126,20240202
20240126,000858.SZ,-0.03953558961906212,20240129,20240205
20240129,000858.SZ,0.04134366925064592,20240130,20240206
20240130,000858.SZ,0.05993665874901044,20240131,20240207
20240131,000858.SZ,0.05604743083003938,20240201,20240208
20240201,000858.SZ,0.09958003553545458,20240202,20240219
20240202,000858.SZ,0.06170498538358227,20240205,20240220
20240205,000858.SZ,0.06038047973531846,20240206,20240221
20240206,000858.SZ,0.054007619332187895,20240207,20240222
20240207,000858.SZ,0.06078299273897758,20240208,20240223
20240208,000858.SZ,0.02651487330150548,20240219,20240226
20240219,000858.SZ,0.04003571960113095,20240220,20240227
20240220,000858.SZ,-0.010565877180541805,20240221,20240228
20240221,000858.SZ,0.008150248051027598,20240222,20240229
20240222,000858.SZ,0.006209865217698063,20240223,20240301
20240223,000858.SZ,0.004078420148826867,20240226,20240304
20240226,000858.SZ,0.01309387521465366,20240227,20240305
20240227,000858.SZ,-0.0033684512291264346,20240228,20240306
20240228,000858.SZ,-0.028119507908611507,20240229,20240307
20240229,000858.SZ,-0.02924468756574805,20240301,20240308
20240301,000858.SZ,0.005914629801182736,20240304,20240311
20240304,000858.SZ,0.04746097888268941,20240305,20240312
20240305,000858.SZ,0.06256292247950523,20240306,20240313
20240306,000858.SZ,0.08180831826401436,20240307,20240314
20240307,000858.SZ,0.10164716081491143,20240308,20240315
20240308,000858.SZ,0.08741853216208573,20240311,20240318
20240311,000858.SZ,0.06108826107477583,20240312,20240319
20240312,000858.SZ,0.0621954520844612,20240313,20240320
20240313,000858.SZ,0.04713827226531153,20240314,20240321
20240314,000858.SZ,0.006164338645157086,20240315,20240322
20240315,000858.SZ,-0.011596091205211767,20240318,20240325
20240318,000858.SZ,-0.013662070280231364,20240319,20240326
20240319,000858.SZ,-0.02733354571519586,20240320,20240327
20240320,000858.SZ,-0.022412361918140666,20240321,20240328
20240321,000858.SZ,0.0005214104151729515,20240322,20240329
20240322,000858.SZ,0.036646453994199746,20240325,20240401
20240325,000858.SZ,0.001803891251127343,20240326,20240402
20240326,000858.SZ,0.012707978514345575,20240327,20240403
20240327,000858.SZ,-0.037949052906597,20240328,20240408
20240328,000858.SZ,-0.04579506221093088,20240329,20240409
20240329,000858.SZ,-0.09003051881993884,20240401,20240410
20240401,000858.SZ,-0.08463022508038565,20240402,20240411
20240402,000858.SZ,-0.09126778783958589,20240403,20240412
20240403,000858.SZ,0.0002036798153302044,20240408,20240415
20240408,000858.SZ,-0.010308574549426575,20240409,20240416
20240409,000858.SZ,0.015231973169368196,20240410,20240417
20240410,000858.SZ,0.01854714064914975,20240411,20240418
20240411,000858.SZ,0.017154245853797434,20240412,20240419
20240412,000858.SZ,-0.018734727124626538,20240415,20240422
20240415,000858.SZ,0.01420983651790042,20240416,20240423
20240416,000858.SZ,0.025326909841706602,20240417,20240424
20240417,000858.SZ,0.027590012415505516,20240418,20240425
20240418,000858.SZ,0.06543037088873316,20240419,20240426
20240419,000858.SZ,0.049737133370227005,20240422,20240429
20240422,000858.SZ,0.023124532408351994,20240423,20240430
20240423,000858.SZ,0.04047523157470789,20240424,20240506
20240424,000858.SZ,0.046717680225533575,20240425,20240507
20240425,000858.SZ,0.01806239737274229,20240426,20240508
20240426,000858.SZ,0.020362438220757895,20240429,20240509
20240429,000858.SZ,0.026590440736555365,20240430,20240510
20240430,000858.SZ,-0.025224179085220233,20240506,20240513
20240506,000858.SZ,-0.029498525073746173,20240507,20240514
20240507,000858.SZ,-0.023419354838709716,20240508,20240515
20240508,000858.SZ,-0.005102040816326481,20240509,20240516
20240509,000858.SZ,0.012821343003302399,20240510,20240517
20240510,000858.SZ,0.041032428855062975,20240513,20240520
20240513,000858.SZ,0.03435971983613029,20240514,20240521
20240514,000858.SZ,0.02477373323644061,20240515,20240522
20240515,000858.SZ,-0.002921129503408171,20240516,20240523
20240516,000858.SZ,-0.033629563327152834,20240517,20240524
20240517,000858.SZ,-0.036363636363636376,20240520,20240527
20240520,000858.SZ,-0.04158681487159821,20240521,20240528
20240521,000858.SZ,-0.038099535843218124,20240522,20240529
20240522,000858.SZ,-0.04778645833333328,20240523,20240530
20240523,000858.SZ,-0.029440952695997558,20240524,20240531
20240524,000858.SZ,-0.03694418788758436,20240527,20240603
20240527,000858.SZ,-0.014997000599879962,20240528,20240604
20240528,000858.SZ,-0.023121774679981222,20240529,20240605
20240529,000858.SZ,-0.009298509503623653,20240530,20240606
20240530,000858.SZ,-0.029720518064076273,20240531,20240607
20240531,000858.SZ,-0.05137690094533487,20240603,20240611
20240603,000858.SZ,-0.06685613750169173,20240604,20240612
20240604,000858.SZ,-0.07683863885839748,20240605,20240613
20240605,000858.SZ,-0.06363008971704609,20240606,20240614
20240606,000858.SZ,-0.046438105943515606,20240607,20240617
20240607,000858.SZ,-0.033145580589254875,20240611,20240618
20240611,000858.SZ,-0.02668600435097901,20240612,20240619
20240612,000858.SZ,-0.01753864447086806,20240613,20240620
20240613,000858.SZ,-0.04038915094339646,20240614,20240621
20240614,000858.SZ,-0.0346275694393281,20240617,20240624
20240617,000858.SZ,-0.017775786093061408,20240618,20240625
20240618,000858.SZ,-0.021755327074951425,20240619,20240626
20240619,000858.SZ,-0.019288956127080148,20240620,20240627
20240620,000858.SZ,-0.01658986175115207,20240621,20240628
20240621,000858.SZ,-0.02083492330000747,20240624,20240701
20240624,000858.SZ,0.0003801992243936958,20240625,20240702
20240625,000858.SZ,-0.0022848438690022954,20240626,20240703
20240626,000858.SZ,0.007250289240262386,20240627,20240704
20240627,000858.SZ,0.007107154014370343,20240628,20240705
20240628,000858.SZ,-0.0186282151208107,20240701,20240708
20240701,000858.SZ,-0.034128914563697266,20240702,20240709
20240702,000858.SZ,-0.034045801526717656,20240703,20240710
20240703,000858.SZ,-0.0008423309594915995,20240704,20240711
20240704,000858.SZ,0.024655836828485933,20240705,20240712
20240705,000858.SZ,0.05021906425627942,20240708,20240715
20240708,000858.SZ,0.04046856013388811,20240709,20240716
20240709,000858.SZ,0.07170934724664257,20240710,20240717
20240710,000858.SZ,0.04205029394240367,20240711,20240718
20240711,000858.SZ,0.04725274725274731,20240712,20240719
20240712,000858.SZ,0.029176470588235137,20240715,20240722
20240715,000858.SZ,-0.005334170065892874,20240716,20240723
20240716,000858.SZ,-0.035943713673906474,20240717,20240724
20240717,000858.SZ,-0.04057971014492745,20240718,20240725
20240718,000858.SZ,-0.05411482536351375,20240719,20240726
20240719,000858.SZ,-0.05426002133821073,20240722,20240729
20240722,000858.SZ,-0.027681388012618102,20240723,20240730
20240723,000858.SZ,0.006346184356655682,20240724,20240731
20240724,000858.SZ,-0.014151693432978285,20240725,20240801
20240725,000858.SZ,-0.019809825673533954,20240726,20240802
20240726,000858.SZ,0.015310233682514163,20240729,20240805
20240729,000858.SZ,0.0211696001297752,20240730,20240806
20240730,000858.SZ,0.0011035787482263082,20240731,20240807
20240731,000858.SZ,0.03508064516129017,20240801,20240808
20240801,000858.SZ,0.03540824575586088,20240802,20240809
20240802,000858.SZ,0.013571428571428568,20240805,20240812
20240805,000858.SZ,-0.002382843526608447,20240806,20240813
20240806,000858.SZ,-0.02102362204724395,20240807,20240814
20240807,000858.SZ,-0.026490066225165476,20240808,20240815
20240808,000858.SZ,-0.023969394128669608,20240809,20240816
20240809,000858.SZ,-0.029441703860308532,20240812,20240819
20240812,000858.SZ,-0.019506369426751435,20240813,20240820
20240813,000858.SZ,-0.017131826590525256,20240814,20240821
20240814,000858.SZ,-0.03169267707082846,20240815,20240822
20240815,000858.SZ,-0.03119750419966405,20240816,20240823
20240816,000858.SZ,-0.04703509479628876,20240819,20240826
20240819,000858.SZ,-0.044254973609419435,20240820,20240827
20240820,000858.SZ,-0.06710310965630129,20240821,20240828
20240821,000858.SZ,-0.018265972394412633,20240822,20240829
20240822,000858.SZ,0.015853356452811385,20240823,20240830
20240823,000858.SZ,0.0074500507958008555,20240826,20240902
20240826,000858.SZ,0.022259983007646422,20240827,20240903
20240827,000858.SZ,0.04482456140350877,20240828,20240904
20240828,000858.SZ,0.006482572823707677,20240829,20240905
20240829,000858.SZ,-0.04470454360725018,20240830,20240906
20240830,000858.SZ,-0.023361344537815132,20240902,20240909
20240902,000858.SZ,-0.032330452127659504,20240903,20240910
20240903,000858.SZ,-0.026026362186214236,20240904,20240911
20240904,000858.SZ,-0.051777498954412304,20240905,20240912
20240905,000858.SZ,-0.0708755211435379,20240906,20240913
20240906,000858.SZ,-0.07339528480468083,20240909,20240918
20240909,000858.SZ,-0.047496349738039956,20240910,20240919
20240910,000858.SZ,-0.04939229376777876,20240911,20240920
20240911,000858.SZ,-0.009438955539873062,20240912,20240923
20240912,000858.SZ,0.10219780219780228,20240913,20240924
20240913,000858.SZ,0.13381001021450478,20240918,20240925
20240918,000858.SZ,0.2110910730387736,20240919,20240926
20240919,000858.SZ,0.33968081247733073,20240920,20240927
20240920,000858.SZ,0.44723483836494804,20240923,20240930
20240923,000858.SZ,0.36299435028248594,20240924,20241008
20240924,000858.SZ,0.20950040950040938,20240925,20241009
20240925,000858.SZ,0.13156131337949528,20240926,20241010
20240926,000858.SZ,0.01292811696223084,20240927,20241011
20240927,000858.SZ,-0.07845671035628587,20240930,20241014
20240930,000858.SZ,-0.12221883572081693,20241008,20241015
20241008,000858.SZ,-0.040831527627302355,20241009,20241016
20241009,000858.SZ,-0.09231477826029755,20241010,20241017
20241010,000858.SZ,-0.044437019712663006,20241011,20241018
20241011,000858.SZ,-0.04507211538461542,20241014,20241021
20241014,000858.SZ,0.010000000000000009,20241015,20241022
20241015,000858.SZ,0.048570420049417695,20241016,20241023
20241016,000858.SZ,0.061689017760058196,20241017,20241024
20241017,000858.SZ,0.03573426573426586,20241018,20241025
20241018,000858.SZ,0.07663799734284327,20241021,20241028
20241021,000858.SZ,0.03685368536853684,20241022,20241029
20241022,000858.SZ,0.0018178145829126358,20241023,20241030
20241023,000858.SZ,0.002526287040830244,20241024,20241031
20241024,000858.SZ,-0.0012828303288099363,20241025,20241101
20241025,000858.SZ,-0.034876924076118754,20241028,20241104
20241028,000858.SZ,0.01326259946949615,20241029,20241105
20241029,000858.SZ,0.016465053763440762,20241030,20241106
20241030,000858.SZ,0.10495130422938104,20241031,20241107
20241031,000858.SZ,0.05780151433207159,20241101,20241108
20241101,000858.SZ,0.04185733512785994,20241104,20241111
20241104,000858.SZ,0.00981675392670156,20241105,20241112
20241105,000858.SZ,0.017785123966942207,20241106,20241113
20241106,000858.SZ,-0.05393244575936895,20241107,20241114
20241107,000858.SZ,-0.03310538761423931,20241108,20241115
20241108,000858.SZ,-0.03546053481462341,20241111,20241118
20241111,000858.SZ,-0.03791315618924185,20241112,20241119
20241112,000858.SZ,-0.028192802390541782,20241113,20241120
20241113,000858.SZ,-0.025995178839012256,20241114,20241121
20241114,000858.SZ,-0.042302862053010704,20241115,20241122
20241115,000858.SZ,-0.03703207660885277,20241118,20241125
20241118,000858.SZ,-0.024587403166049127,20241119,20241126
20241119,000858.SZ,-0.017045454545454475,20241120,20241127
20241120,000858.SZ,-0.03678929765886296,20241121,20241128
20241121,000858.SZ,0.012975360618400211,20241122,20241129
20241122,000858.SZ,0.025034770514603677,20241125,20241202
20241125,000858.SZ,0.015124309392265278,20241126,20241203
20241126,000858.SZ,-0.00897653859231562,20241127,20241204
20241127,000858.SZ,0.007152777777777786,20241128,20241205
20241128,000858.SZ,-0.002248415888805755,20241129,20241206
20241129,000858.SZ,-0.011126187245590335,20241202,20241209
20241202,000858.SZ,0.014354718008027678,20241203,20241210
20241203,000858.SZ,0.025183558635833547,20241204,20241211
20241204,000858.SZ,0.046817899744880265,20241205,20241212
20241205,000858.SZ,0.010925976509150503,20241206,20241213
20241206,000858.SZ,-0.00802689352360031,20241209,20241216
20241209,000858.SZ,-0.02823608316566062,20241210,20241217
20241210,000858.SZ,-0.028112449799196915,20241211,20241218
20241211,000858.SZ,-0.05447240152812527,20241212,20241219
20241212,000858.SZ,-0.03262631721156439,20241213,20241220
20241213,000858.SZ,-0.014800470295318058,20241216,20241223
20241216,000858.SZ,-0.009731520463800214,20241217,20241224
20241217,000858.SZ,-0.01460055096418722,20241218,20241225
20241218,000858.SZ,-0.007384186694531447,20241219,20241226
20241219,000858.SZ,-0.004818099294742084,20241220,20241227
20241220,000858.SZ,-0.008704808704808609,20241223,20241230
20241223,000858.SZ,-0.02397546696403685,20241224,20241231
20241224,000858.SZ,-0.042563600782778765,20241225,20250102
20241225,000858.SZ,-0.04975787774580687,20241226,20250103
20241226,000858.SZ,-0.08202357563850671,20241227,20250106
20241227,000858.SZ,-0.07336590892996253,20241230,20250107
20241230,000858.SZ,-0.073836046843759,20241231,20250108
20241231,000858.SZ,-0.0467917366231112,20250102,20250109
20250102,000858.SZ,-0.05022156573116687,20250103,20250110
20250103,000858.SZ,-0.012458916150730248,20250106,20250113
20250106,000858.SZ,0.016583874665647702,20250107,20250114
20250107,000858.SZ,0.023670007710100416,20250108,20250115
20250108,000858.SZ,0.006892326543115113,20250109,20250116
20250109,000858.SZ,0.028771384136858646,20250110,20250117
20250110,000858.SZ,0.03947368421052655,20250113,20250120
20250113,000858.SZ,0.002781536611035751,20250114,20250121
20250114,000858.SZ,-0.01822700911350461,20250115,20250122
20250115,000858.SZ,-0.001796851232126473,20250116,20250123
20250116,000858.SZ,-0.015154950869236683,20250117,20250124
20250117,000858.SZ,-0.03377128720005762,20250120,20250127
20250120,000858.SZ,-0.043928608567165295,20250121,20250205
20250121,000858.SZ,-0.014665850006805425,20250122,20250206
20250122,000858.SZ,-0.007928488146133006,20250123,20250207
20250123,000858.SZ,-0.0014876291888505921,20250124,20250210
20250124,000858.SZ,-0.007389937106918154,20250127,20250211
20250127,000858.SZ,0.02151827853771704,20250205,20250212
20250205,000858.SZ,0.044559173947577246,20250206,20250213
20250206,000858.SZ,0.02820653451382915,20250207,20250214
20250207,000858.SZ,0.03152199482474716,20250210,20250217
20250210,000858.SZ,0.03120544907334044,20250211,20250218
20250211,000858.SZ,0.02670321064996095,20250212,20250219
20250212,000858.SZ,-0.007680024332750279,20250213,20250220
20250213,000858.SZ,-0.0008382229673092878,20250214,20250221
20250214,000858.SZ,0.002660585328772447,20250217,20250224
20250217,000858.SZ,-0.011136712749615918,20250218,20250225
20250218,000858.SZ,-0.009991610098390669,20250219,20250226
20250219,000858.SZ,0.01724137931034475,20250220,20250227
20250220,000858.SZ,0.003508236729713232,20250221,20250228
20250221,000858.SZ,-0.008036391205458737,20250224,20250303
20250224,000858.SZ,0.007766990291262044,20250225,20250304
20250225,000858.SZ,-0.009167950693374394,20250226,20250305
20250226,000858.SZ,-0.008060263653483779,20250227,20250306
20250227,000858.SZ,0.024471804225566274,20250228,20250307
20250228,000858.SZ,0.014139406909202012,20250303,20250310
20250303,000858.SZ,0.04200385356454728,20250304,20250311
20250304,000858.SZ,0.033900940828862414,20250305,20250312
20250305,000858.SZ,0.005391859052247705,20250306,20250313
20250306,000858.SZ,0.04451038575667643,20250307,20250314
20250307,000858.SZ,0.05388499510136402,20250310,20250317
20250310,000858.SZ,0.03217455621301801,20250311,20250318
20250311,000858.SZ,0.04474693539896202,20250312,20250319
20250312,000858.SZ,0.02719238613188324,20250313,20250320
20250313,000858.SZ,-0.04403409090909094,20250314,20250321
20250314,000858.SZ,-0.039545194508009085,20250317,20250324
20250317,000858.SZ,-0.04292368326764617,20250318,20250325
20250318,000858.SZ,-0.04009501871580745,20250319,20250326
20250319,000858.SZ,-0.015368777115964294,20250320,20250327
20250320,000858.SZ,-0.010178306092124889,20250321,20250328
20250321,000858.SZ,-0.02203856749311295,20250324,20250331
20250324,000858.SZ,-0.013252470799640648,20250325,20250401
20250325,000858.SZ,-0.0164979377577803,20250326,20250402
20250326,000858.SZ,-0.014189693801344383,20250327,20250403
20250327,000858.SZ,-0.048412519702769496,20250328,20250407
20250328,000858.SZ,-0.00449181575942148,20250331,20250408
20250331,000858.SZ,0.003490401396160525,20250401,20250409
20250401,000858.SZ,0.015249714067861131,20250402,20250410
20250402,000858.SZ,-0.00303030303030305,20250403,20250411
20250403,000858.SZ,0.03360151443445325,20250407,20250414
20250407,000858.SZ,0.004512083205873374,20250408,20250415
20250408,000858.SZ,0.00037807183364857444,20250409,20250416
20250409,000858.SZ,-0.004656402553511074,20250410,20250417
20250410,000858.SZ,0.0011398176291792517,20250411,20250418
20250411,000858.SZ,-0.005341880341880434,20250414,20250421
20250414,000858.SZ,-0.009516558812333598,20250415,20250422
20250415,000858.SZ,-0.0176114890400606,20250416,20250423
20250416,000858.SZ,-0.02618275107522816,20250417,20250424
20250417,000858.SZ,-0.020493358633775993,20250418,20250425
20250418,000858.SZ,0.003912843332821936,20250421,20250428
20250421,000858.SZ,-0.004227517294388861,20250422,20250429
20250422,000858.SZ,-0.00977148572747577,20250423,20250430
20250423,000858.SZ,0.0033317836665116563,20250424,20250506
20250424,000858.SZ,0.007283998450213103,20250425,20250507
20250425,000858.SZ,0.007260221627818142,20250428,20250508
20250428,000858.SZ,0.01566962562717089,20250429,20250509
20250429,000858.SZ,0.03317793317793338,20250430,20250512
20250430,000858.SZ,0.02702911421731402,20250506,20250513
20250506,000858.SZ,0.04054158012154763,20250507,20250514
20250507,000858.SZ,0.014188163884673477,20250508,20250515
20250508,000858.SZ,-0.0037999696002432026,20250509,20250516
20250509,000858.SZ,-0.027600210573813566,20250512,20250519
20250512,000858.SZ,-0.02902473870215827,20250513,20250520
20250513,000858.SZ,-0.04435901227266004,20250514,20250521
20250514,000858.SZ,-0.0342634847011295,20250515,20250522
20250515,000858.SZ,-0.0223527616722613,20250516,20250523
20250516,000858.SZ,-0.022351121423047404,20250519,20250526
20250519,000858.SZ,-0.02300007744133803,20250520,20250527
20250520,000858.SZ,-0.01810304812006802,20250521,20250528
20250521,000858.SZ,-0.013711364164536555,20250522,20250529
20250522,000858.SZ,-0.013343737807257172,20250523,20250530
20250523,000858.SZ,-0.013685626137172502,20250526,20250603
20250526,000858.SZ,-0.012761572606214355,20250527,20250604
20250527,000858.SZ,-0.014891270091396236,20250528,20250605
20250528,000858.SZ,-0.017514923028589258,20250529,20250606
20250529,000858.SZ,-0.011705156596013788,20250530,20250609
20250530,000858.SZ,-0.0023259544433751334,20250603,20250610
20250603,000858.SZ,0.001204335608189444,20250604,20250611
20250604,000858.SZ,-0.020235143565544234,20250605,20250612
20250605,000858.SZ,-0.04772563754097059,20250606,20250613
20250606,000858.SZ,-0.05353713188220233,20250609,20250616
20250609,000858.SZ,-0.053702066082482514,20250610,20250617
20250610,000858.SZ,-0.051082598235765775,20250611,20250618
20250611,000858.SZ,-0.04261224489795912,20250612,20250619
20250612,000858.SZ,0.003693754197447996,20250613,20250620
20250613,000858.SZ,8.455229559478639e-05,20250616,20250623
20250616,000858.SZ,0.017330728060487743,20250617,20250624
20250617,000858.SZ,0.015634243218118904,20250618,20250625
20250618,000858.SZ,0.02089017735334231,20250619,20250626
20250619,000858.SZ,-0.003178320508531285,20250620,20250627
20250620,000858.SZ,0.005241799120730528,20250623,20250630
20250623,000858.SZ,-0.009352818371607508,20250624,20250701
20250624,000858.SZ,-0.00832085205525046,20250625,20250702
20250625,000858.SZ,-0.0009187338177566451,20250626,20250703
20250626,000858.SZ,0.01015271018627284,20250627,20250704
20250627,000858.SZ,0.00849453322119409,20250630,20250707
20250630,000858.SZ,0.018123577509904676,20250701,20250708
20250701,000858.SZ,0.020305420372545457,20250702,20250709
20250702,000858.SZ,0.024745025915398733,20250703,20250710
20250703,000858.SZ,0.032477780546557034,20250704,20250711
20250704,000858.SZ,0.045867734133933746,20250707,20250714
20250707,000858.SZ,0.034939559529723496,20250708,20250715
20250708,000858.SZ,0.03026315789473699,20250709,20250716
20250709,000858.SZ,0.02643171806167377,20250710,20250717
20250710,000858.SZ,0.021546288473692332,20250711,20250718
20250711,000858.SZ,0.0025251697126096317,20250714,20250721
20250714,000858.SZ,0.03018735854570065,20250715,20250722
20250715,000858.SZ,0.025182737405419875,20250716,20250723
20250716,000858.SZ,0.02363643756427858,20250717,20250724
20250717,000858.SZ,-0.0019389238972369327,20250718,20250725
20250718,000858.SZ,0.01223890339425604,20250721,20250728
20250721,000858.SZ,-0.01601210865928482,20250722,20250729
20250722,000858.SZ,-0.005431309904153303,20250723,20250730
20250723,000858.SZ,-0.035045798486658564,20250724,20250731
20250724,000858.SZ,-0.020560142463979192,20250725,20250801
20250725,000858.SZ,-0.025310333709495425,20250728,20250804
20250728,000858.SZ,-0.012710492227979264,20250729,20250805
20250729,000858.SZ,-0.018952778670093262,20250730,20250806
20250730,000858.SZ,0.011555922410235064,20250731,20250807
20250731,000858.SZ,0.010082644628099269,20250801,20250808
20250801,000858.SZ,0.02497519020840233,20250804,20250811
20250804,000858.SZ,0.010168101681016894,20250805,20250812
20250805,000858.SZ,0.008431565160445409,20250806,20250813
20250806,000858.SZ,0.002366381068951595,20250807,20250814
20250807,000858.SZ,0.007200130911471092,20250808,20250815
20250808,000858.SZ,-0.0015329998386316435,20250811,20250818
20250811,000858.SZ,0.009903401250101362,20250812,20250819
20250812,000858.SZ,0.02102443380144492,20250813,20250820
20250813,000858.SZ,0.02124715076522299,20250814,20250821
20250814,000858.SZ,0.02185215272136487,20250815,20250822
20250815,000858.SZ,0.04993939393939417,20250818,20250825
20250818,000858.SZ,0.0428422152560084,20250819,20250826
20250819,000858.SZ,0.0066783272380346315,20250820,20250827
20250820,000858.SZ,0.0001594260661617053,20250821,20250828
20250821,000858.SZ,0.02973209317115799,20250822,20250829
20250822,000858.SZ,-0.008158239051797245,20250825,20250901
20250825,000858.SZ,-0.009095113303530078,20250826,20250902
20250826,000858.SZ,0.0,20250827,20250903
20250827,000858.SZ,0.00031880130708539234,20250828,20250904
20250828,000858.SZ,-0.020998996371496936,20250829,20250905
20250829,000858.SZ,0.0017071467370217697,20250901,20250908
20250901,000858.SZ,0.0018668326073427721,20250902,20250909
20250902,000858.SZ,0.011372610961933205,20250903,20250910
20250903,000858.SZ,0.02398215281650873,20250904,20250911
20250904,000858.SZ,0.0029966091002286976,20250905,20250912
20250905,000858.SZ,-0.01890154156015178,20250908,20250915
20250908,000858.SZ,-0.02329192546583858,20250909,20250916
20250909,000858.SZ,-0.016398563173512515,20250910,20250917
20250910,000858.SZ,-0.03563647681294746,20250911,20250918
20250911,000858.SZ,-0.024451607830804245,20250912,20250919
20250912,000858.SZ,-0.03276746940386899,20250915,20250922
20250915,000858.SZ,-0.02869634340222582,20250916,20250923
20250916,000858.SZ,-0.02850111146395662,20250917,20250924
20250917,000858.SZ,-0.019525576892044594,20250918,20250925
20250918,000858.SZ,-0.03151192778852352,20250919,20250926
20250919,000858.SZ,-0.004734693877551099,20250922,20250929
20250922,000858.SZ,-0.005810622800556331,20250923,20250930
20250923,000858.SZ,-0.009888044455340528,20250924,20251009
20250924,000858.SZ,-0.00650098749177086,20250925,20251010
20250925,000858.SZ,-0.002662894233169899,20250926,20251013
20250926,000858.SZ,0.0012303149606298636,20250929,20251014
20250929,000858.SZ,0.004856766545933366,20250930,20251015
20250930,000858.SZ,0.013040607461208387,20251009,20251016
20251009,000858.SZ,0.002816201441232291,20251010,20251017
20251010,000858.SZ,0.005089695452649146,20251013,20251020
20251013,000858.SZ,-0.01269763250593925,20251014,20251021
20251014,000858.SZ,-0.016138281314000302,20251015,20251022
20251015,000858.SZ,-0.011487697572103661,20251016,20251023
20251016,000858.SZ,-0.006442553894441039,20251017,20251024
20251017,000858.SZ,-0.0014112568487462118,20251020,20251027
20251020,000858.SZ,-0.0034848987719882096,20251021,20251028
20251021,000858.SZ,-0.010574521232306289,20251022,20251029
20251022,000858.SZ,-0.02357207615593826,20251023,20251030
20251023,000858.SZ,-0.01080721589492084,20251024,20251031
20251024,000858.SZ,-0.010890348324881671,20251027,20251103
20251027,000858.SZ,-0.02447960033305574,20251028,20251104
20251028,000858.SZ,-0.02230076579988216,20251029,20251105
20251029,000858.SZ,-0.019414197687178225,20251030,20251106
20251030,000858.SZ,-0.018825111353895196,20251031,20251107
20251031,000858.SZ,0.015296688519078838,20251103,20251110
20251103,000858.SZ,0.030897917377944895,20251104,20251111
20251104,000858.SZ,0.03615080048201058,20251105,20251112
20251105,000858.SZ,0.04329861410002578,20251106,20251113
20251106,000858.SZ,0.02963597430406839,20251107,20251114
20251107,000858.SZ,-0.005380794701986602,20251110,20251117
20251110,000858.SZ,-0.003477396920020026,20251111,20251118
20251111,000858.SZ,-0.0040704435952815254,20251112,20251119
20251112,000858.SZ,-0.007838283828382697,20251113,20251120
20251113,000858.SZ,-0.004408951002412231,20251114,20251121
20251114,000858.SZ,-0.013566375364128413,20251117,20251124
20251117,000858.SZ,-0.015370555001661623,20251118,20251125
20251118,000858.SZ,-0.013595796146467665,20251119,20251126
20251119,000858.SZ,-0.019209979209979244,20251120,20251127
20251120,000858.SZ,-0.015290775401069712,20251121,20251128
20251121,000858.SZ,-0.00734053324333428,20251124,20251201
20251124,000858.SZ,-0.016369926588473582,20251125,20251202
20251125,000858.SZ,-0.02249281244715029,20251126,20251203
20251126,000858.SZ,-0.029591317619128366,20251127,20251204
20251127,000858.SZ,-0.024522698345354366,20251128,20251205
20251128,000858.SZ,-0.03722906927326808,20251201,20251208
20251201,000858.SZ,-0.048811872694518366,20251202,20251209
20251202,000858.SZ,-0.034429065743944554,20251203,20251210
20251203,000858.SZ,-0.022280471821756187,20251204,20251211
20251204,000858.SZ,-0.029227557411273364,20251205,20251212
20251205,000858.SZ,-0.007239339630970232,20251208,20251215
20251208,000858.SZ,0.019119769119769092,20251209,20251216
20251209,000858.SZ,0.01594696290987274,20251210,20251217
20251210,000858.SZ,0.0098206903337541,20251211,20251218
20251211,000858.SZ,0.013452164429225588,20251212,20251219
20251212,000858.SZ,0.003971622466808267,20251215,20251222
20251215,000858.SZ,-0.006438774296723904,20251216,20251223
20251216,000858.SZ,-0.013913732135181434,20251217,20251224
20251217,000858.SZ,0.0015394367472605364,20251218,20251225
20251218,000858.SZ,-0.006785488102777348,20251219,20251226
20251219,000858.SZ,-0.020574639717212073,20251222,20251229
20251222,000858.SZ,-0.021509296390813004,20251223,20251230
20251223,000858.SZ,-0.03056368960468525,20251224,20251231
20251224,000858.SZ,-0.02441229656419519,20251225,20260105
20251225,000858.SZ,-0.014665695026416459,20251226,20260106
20251226,000858.SZ,-0.0049972237645752315,20251229,20260107
20251229,000858.SZ,-0.004284649776452931,20251230,20260108
20251230,000858.SZ,0.011327166320558746,20251231,20260109
20251231,000858.SZ,0.0060240963855420215,20260105,20260112
20260105,000858.SZ,-0.0015716002588519462,20260106,20260113
20260106,000858.SZ,-0.004464285714285698,20260107,20260114
20260107,000858.SZ,-0.007577174929841002,20260108,20260115
20260108,000858.SZ,-0.01848049281314179,20260109,20260116
20260109,000858.SZ,-0.036849378166743274,20260112,20260119
20260112,000858.SZ,-0.028611111111111143,20260113,20260120
20260113,000858.SZ,-0.03727578475336335,20260114,20260121
20260114,000858.SZ,-0.03138844377415395,20260115,20260122
20260115,000858.SZ,-0.02063522251806782,20260116,20260123
20260116,000858.SZ,-0.021138211382113803,20260119,20260126
20260119,000858.SZ,-0.03707940139166899,20260120,20260127
20260120,000858.SZ,-0.02280446385249868,20260121,20260128
20260121,000858.SZ,0.07794861813935383,20260122,20260129
20260122,000858.SZ,0.019516457908534957,20260123,20260130
20260123,000858.SZ,0.048368184483095655,20260126,20260202
20260126,000858.SZ,0.06196792714313992,20260127,20260203
20260127,000858.SZ,0.07765640516385286,20260128,20260204
20260128,000858.SZ,-0.016972104360386542,20260129,20260205
20260129,000858.SZ,0.019047619047619202,20260130,20260206
20260130,000858.SZ,0.0006524373194145561,20260202,20260209
20260202,000858.SZ,-0.007270693512304138,20260203,20260210
20260203,000858.SZ,-0.022852930335421906,20260204,20260211
20260204,000858.SZ,-0.0392138855725962,20260205,20260212
20260205,000858.SZ,-0.008785046728972068,20260206,20260213
20260206,000858.SZ,-0.020398658718330798,20260209,20260225
20260209,000858.SZ,-0.02460093896713622,20260210,20260226
20260210,000858.SZ,-0.018766503206337215,20260211,20260227
20260211,000858.SZ,-0.01338176256929835,20260212,20260302
20260212,000858.SZ,-0.033094474825570375,20260213,20260303
20260213,000858.SZ,-0.039459922030997574,20260225,20260304
20260225,000858.SZ,-0.014247208317289206,20260226,20260306
20260226,000858.SZ,-0.02431523306102834,20260227,20260309
20260227,000858.SZ,-0.01133501259445846,20260302,20260310
20260302,000858.SZ,-0.0036079960994637172,20260303,20260311
20260303,000858.SZ,0.012373787368837874,20260304,20260312
20260304,000858.SZ,0.005371093750000222,20260306,20260313
20260306,000858.SZ,0.02974783293932237,20260309,20260316
20260309,000858.SZ,0.02684958353748179,20260310,20260317
20260310,000858.SZ,0.015071442552358594,20260311,20260318
20260311,000858.SZ,0.0025422900166225393,20260312,20260319
20260312,000858.SZ,-0.005342399222923899,20260313,20260320
20260313,000858.SZ,-0.041228253878867194,20260316,20260323
20260316,000858.SZ,-0.03292298883481248,20260317,20260324
20260317,000858.SZ,-0.012244504435017345,20260318,20260325
20260318,000858.SZ,-0.012191553691602297,20260319,20260326
20260319,000858.SZ,0.00244140625,20260320,20260327
20260320,000858.SZ,0.03222589757565353,20260323,20260330
20260323,000858.SZ,0.019044799684231117,20260324,20260331
20260324,000858.SZ,0.01893606637384071,20260325,20260401
20260325,000858.SZ,0.03672985781990512,20260326,20260402
20260326,000858.SZ,0.00818314661470998,20260327,20260403
20260327,000858.SZ,-0.003382949932341006,20260330,20260407
20260330,000858.SZ,0.008908685968819885,20260331,20260408
20260331,000858.SZ,-0.01714723632531856,20260401,20260409
20260401,000858.SZ,-0.027904761904761988,20260402,20260410
20260402,000858.SZ,-0.010339163204174162,20260403,20260413
20260403,000858.SZ,-9.698380370470883e-05,20260407,20260414
20260407,000858.SZ,-0.006142624052212442,20260408,20260415
20260408,000858.SZ,0.008187134502924076,20260409,20260416
20260409,000858.SZ,-0.002057411580287938,20260410,20260417
20260410,000858.SZ,-0.010447178285491132,20260413,20260420
20260413,000858.SZ,-0.018622696411251027,20260414,20260421
20260414,000858.SZ,-0.02810236600675997,20260415,20260422
20260416,000858.SZ,-0.005792263891616023,20260417,20260424
20260417,000858.SZ,-0.011346817957572641,20260420,20260427
20260420,000858.SZ,-0.009685708638070722,20260421,20260428
20260421,000858.SZ,-0.022853736089030185,20260422,20260429
20260422,000858.SZ,-0.04052184226131661,20260423,20260430
20260423,000858.SZ,-0.08897007998420048,20260424,20260506
20260424,000858.SZ,-0.0758483033932138,20260427,20260507
20260427,000858.SZ,-0.08053892215568881,20260428,20260508
20260428,000858.SZ,-0.06640227781167374,20260429,20260511
20260429,000858.SZ,-0.06716110424392252,20260430,20260512
20260430,000858.SZ,-0.03370908302623021,20260506,20260513
20260506,000858.SZ,-0.038984881209503164,20260507,20260514
20260507,000858.SZ,-0.057093237816129294,20260508,20260515
20260508,000858.SZ,-0.06796645245615962,20260511,20260518
20260511,000858.SZ,-0.05278268551236753,20260512,20260519
20260512,000858.SZ,-0.0412787436904094,20260513,20260520
20260513,000858.SZ,-0.04090347230025837,20260514,20260521
20260514,000858.SZ,-0.03269252906642117,20260515,20260522
20260515,000858.SZ,-0.016711464298235224,20260518,20260525
20260518,000858.SZ,-0.028211704359990653,20260519,20260526
20260519,000858.SZ,-0.018486018486018496,20260520,20260527
20260520,000858.SZ,-0.04522554188635042,20260521,20260528
20260521,000858.SZ,0.010234440080923335,20260522,20260529
20260522,000858.SZ,-0.008676016163537081,20260525,20260601
20260525,000858.SZ,-0.007797504798464638,20260526,20260602
20260526,000858.SZ,-0.01835737275002991,20260527,20260603
20260527,000858.SZ,-0.00478586329610986,20260528,20260604
20260528,000858.SZ,-0.04488161149723169,20260529,20260605
20260529,000858.SZ,-0.041361947008752065,20260601,20260608
20260601,000858.SZ,-0.04352557127312284,20260602,20260609
20260602,000858.SZ,-0.03897996357012745,20260603,20260610
20260603,000858.SZ,-0.016152897657213172,20260604,20260611
20260604,000858.SZ,-0.014306857424765562,20260605,20260612
20260605,000858.SZ,-0.004127063531765729,20260608,20260615
20260608,000858.SZ,-0.009859689040576325,20260609,20260616
20260609,000858.SZ,-0.020849128127369276,20260610,20260617
20260610,000858.SZ,-0.049379621506454696,20260611,20260618
20260611,000858.SZ,-0.042167167167167285,20260612,20260622
20260612,000858.SZ,-0.061157855079743806,20260615,20260623
20260615,000858.SZ,-0.06421549853185249,20260616,20260624
20260616,000858.SZ,-0.03213317847464181,20260617,20260625
20260617,000858.SZ,-0.03533289386947913,20260618,20260626
20260618,000858.SZ,-0.03331156107119526,20260622,20260629
20260622,000858.SZ,-0.01016586409844833,20260623,20260630
20260623,000858.SZ,0.016643929058663076,20260624,20260701
20260624,000858.SZ,-0.020000000000000018,20260625,20260702
20260625,000858.SZ,0.0005466721333879931,20260626,20260703
20260626,000858.SZ,-0.00324324324324321,20260629,20260706
20260629,000858.SZ,-0.03081081081081094,20260630,20260707
20260630,000858.SZ,-0.04079441760601166,20260701,20260708
20260701,000858.SZ,-0.03537414965986385,20260702,20260709
20260702,000858.SZ,0.006556481355006305,20260703,20260710
20260703,000858.SZ,-0.012744034707158458,20260706,20260713
20260706,000858.SZ,0.02342442833240388,20260707,20260714
20260707,000858.SZ,0.06883044208170119,20260708,20260715
20260708,000858.SZ,0.07870993080262312,20260709,20260716
20260709,000858.SZ,0.021858137134956657,20260710,20260717
20260710,000858.SZ,0.08352437773964905,20260713,20260720
20260713,000858.SZ,0.04873699378435514,20260714,20260721
20260714,000858.SZ,0.01256826536487532,20260715,20260722
20260715,000858.SZ,0.012719891745602174,20260716,20260723
20260716,000858.SZ,0.011132490379329063,20260717,20260724
20240102,002594.SZ,-0.01490914738313398,20240103,20240110
20240103,002594.SZ,0.01947984664801572,20240104,20240111
20240104,002594.SZ,0.016555947685281236,20240105,20240112
20240105,002594.SZ,0.027507919746568188,20240108,20240115
20240108,002594.SZ,0.012651664419786268,20240109,20240116
20240109,002594.SZ,-0.018340427768143375,20240110,20240117
20240110,002594.SZ,-0.032015448724463935,20240111,20240118
20240111,002594.SZ,-0.03333843876040232,20240112,20240119
20240112,002594.SZ,-0.04763372899645457,20240115,20240122
20240115,002594.SZ,-0.038146441372247875,20240116,20240123
20240116,002594.SZ,0.010171306209850073,20240117,20240124
20240117,002594.SZ,-0.003044939101217836,20240118,20240125
20240118,002594.SZ,-0.018379634519911203,20240119,20240126
20240119,002594.SZ,-0.03722887665911301,20240122,20240129
20240122,002594.SZ,-0.08453553367048172,20240123,20240130
20240123,002594.SZ,-0.09523052464228932,20240124,20240131
20240124,002594.SZ,-0.10010531858873095,20240125,20240201
20240125,002594.SZ,-0.10147422791348326,20240126,20240202
20240126,002594.SZ,-0.05850706119704108,20240129,20240205
20240129,002594.SZ,0.022678374135023605,20240130,20240206
20240130,002594.SZ,0.05171908861945762,20240131,20240207
20240131,002594.SZ,0.06015565568494341,20240201,20240208
20240201,002594.SZ,0.0988023952095809,20240202,20240219
20240202,002594.SZ,0.06559523809523826,20240205,20240220
20240205,002594.SZ,0.04054130892136243,20240206,20240221
20240206,002594.SZ,0.019102249944308536,20240207,20240222
20240207,002594.SZ,0.008334713252746262,20240208,20240223
20240208,002594.SZ,0.013623978201634968,20240219,20240226
20240219,002594.SZ,0.08200201094849735,20240220,20240227
20240220,002594.SZ,0.02732240437158473,20240221,20240228
20240221,002594.SZ,0.04486583966336943,20240222,20240229
20240222,002594.SZ,0.0520035033939128,20240223,20240301
20240223,002594.SZ,0.01758064516129032,20240226,20240304
20240226,002594.SZ,-0.014868353123386746,20240227,20240305
20240227,002594.SZ,0.01941489361702131,20240228,20240306
20240228,002594.SZ,-0.012081589958159,20240229,20240307
20240229,002594.SZ,-0.021282131335206622,20240301,20240308
20240301,002594.SZ,0.050034342473714855,20240304,20240311
20240304,002594.SZ,0.07483492296404992,20240305,20240312
20240305,002594.SZ,0.07675450039133835,20240306,20240313
20240306,002594.SZ,0.12276986605961149,20240307,20240314
20240307,002594.SZ,0.11366898825030569,20240308,20240315
20240308,002594.SZ,0.09706148737043363,20240311,20240318
20240311,002594.SZ,0.057045343734763554,20240312,20240319
20240312,002594.SZ,0.05873231246365562,20240313,20240320
20240313,002594.SZ,0.03239343643907944,20240314,20240321
20240314,002594.SZ,0.035709170764309794,20240315,20240322
20240315,002594.SZ,-0.017566389946337746,20240318,20240325
20240318,002594.SZ,0.012915129151291449,20240319,20240326
20240319,002594.SZ,-0.0297510069571586,20240320,20240327
20240320,002594.SZ,-0.04827586206896539,20240321,20240328
20240321,002594.SZ,-0.06402396865637228,20240322,20240329
20240322,002594.SZ,-0.010224089635854305,20240325,20240401
20240325,002594.SZ,-0.033060109289617445,20240326,20240402
20240326,002594.SZ,-0.018020567978111024,20240327,20240403
20240327,002594.SZ,0.01737210864766281,20240328,20240408
20240328,002594.SZ,0.044420368364030294,20240329,20240409
20240329,002594.SZ,-0.0008018489693882858,20240401,20240410
20240401,002594.SZ,0.003014034096260776,20240402,20240411
20240402,002594.SZ,0.011721752498078386,20240403,20240412
20240403,002594.SZ,0.007641509433962357,20240408,20240415
20240408,002594.SZ,-0.002121840814786946,20240409,20240416
20240409,002594.SZ,0.005475830815709903,20240410,20240417
20240410,002594.SZ,0.002911071462109227,20240411,20240418
20240411,002594.SZ,-0.002231718898385582,20240412,20240419
20240412,002594.SZ,-0.023686920700308978,20240415,20240422
20240415,002594.SZ,-0.031139252468931677,20240416,20240423
20240416,002594.SZ,-0.026197183098591537,20240417,20240424
20240417,002594.SZ,-0.021816479400749045,20240418,20240425
20240418,002594.SZ,0.043972778756008246,20240419,20240426
20240419,002594.SZ,0.061469121595703724,20240422,20240429
20240422,002594.SZ,0.065645727662895,20240423,20240430
20240423,002594.SZ,0.09102304502940894,20240424,20240506
20240424,002594.SZ,0.10022015889729108,20240425,20240507
20240425,002594.SZ,0.03127136800838759,20240426,20240508
20240426,002594.SZ,0.030580901617129008,20240429,20240509
20240429,002594.SZ,0.04256292906178505,20240430,20240510
20240430,002594.SZ,-0.0026513477684489972,20240506,20240513
20240506,002594.SZ,-0.02161997563946405,20240507,20240514
20240507,002594.SZ,-0.031339786942492065,20240508,20240515
20240508,002594.SZ,-0.04312952005259696,20240509,20240516
20240509,002594.SZ,-0.036040386303775374,20240510,20240517
20240510,002594.SZ,-0.012538768276473267,20240513,20240520
20240513,002594.SZ,-0.0272553465830776,20240514,20240521
20240514,002594.SZ,-0.010130510176143193,20240515,20240522
20240515,002594.SZ,-0.015390957812285389,20240516,20240523
20240516,002594.SZ,-0.046860057379662035,20240517,20240524
20240517,002594.SZ,-0.06515008749495232,20240520,20240527
20240520,002594.SZ,-0.052107139592284524,20240521,20240528
20240521,002594.SZ,0.03586575696109162,20240522,20240529
20240522,002594.SZ,0.06006047918120516,20240523,20240530
20240523,002594.SZ,0.09421882465360731,20240524,20240531
20240524,002594.SZ,0.1379889608831295,20240527,20240603
20240527,002594.SZ,0.14837496383450688,20240528,20240604
20240528,002594.SZ,0.07160658655985763,20240529,20240605
20240529,002594.SZ,0.04669533924339486,20240530,20240606
20240530,002594.SZ,0.02829447209850655,20240531,20240607
20240531,002594.SZ,0.03175875158161112,20240603,20240611
20240603,002594.SZ,0.019945412555112396,20240604,20240612
20240604,002594.SZ,0.0506665559200965,20240605,20240613
20240605,002594.SZ,0.0610062893081762,20240606,20240614
20240606,002594.SZ,0.09218683651804671,20240607,20240617
20240607,002594.SZ,0.045006744880022875,20240611,20240618
20240611,002594.SZ,0.045697818032111925,20240612,20240619
20240612,002594.SZ,-0.005889560852207709,20240613,20240620
20240613,002594.SZ,-0.00940525587828489,20240614,20240621
20240614,002594.SZ,-0.028264841957933107,20240617,20240624
20240617,002594.SZ,-0.006376153966515252,20240618,20240625
20240618,002594.SZ,-0.005039370078740113,20240619,20240626
20240619,002594.SZ,-0.007952286282306154,20240620,20240627
20240620,002594.SZ,-0.0016755096341803943,20240621,20240628
20240621,002594.SZ,-0.012563015123629562,20240624,20240701
20240624,002594.SZ,-0.03952600291327124,20240625,20240702
20240625,002594.SZ,-0.03806584362139909,20240626,20240703
20240626,002594.SZ,-0.019519038076152184,20240627,20240704
20240627,002594.SZ,-0.032847152847152894,20240628,20240705
20240628,002594.SZ,-0.007333873581847672,20240701,20240708
20240701,002594.SZ,0.035373201623150496,20240702,20240709
20240702,002594.SZ,0.03866721513780336,20240703,20240710
20240703,002594.SZ,0.03446020520786486,20240704,20240711
20240704,002594.SZ,0.08507209850018604,20240705,20240712
20240705,002594.SZ,0.06824768357892141,20240708,20240715
20240708,002594.SZ,0.025296912114014303,20240709,20240716
20240709,002594.SZ,0.027762376237623787,20240710,20240717
20240710,002594.SZ,0.03307516004109723,20240711,20240718
20240711,002594.SZ,0.005483207676490576,20240712,20240719
20240712,002594.SZ,0.014901990753123817,20240715,20240722
20240715,002594.SZ,-0.022240240935943678,20240716,20240723
20240716,002594.SZ,-0.036684520827713785,20240717,20240724
20240717,002594.SZ,-0.04222927743564253,20240718,20240725
20240718,002594.SZ,-0.034499734908732815,20240719,20240726
20240719,002594.SZ,-0.050632468848016865,20240722,20240729
20240722,002594.SZ,-0.02496653883406541,20240723,20240730
20240723,002594.SZ,0.000385274872563679,20240724,20240731
20240724,002594.SZ,-0.012734983211597495,20240725,20240801
20240725,002594.SZ,-0.067795594937751,20240726,20240802
20240726,002594.SZ,-0.071938980329185,20240729,20240805
20240729,002594.SZ,-0.061375097371981435,20240730,20240806
20240730,002594.SZ,-0.07326452135195327,20240731,20240807
20240731,002594.SZ,-0.07268632268632269,20240801,20240808
20240801,002594.SZ,-0.01345940880824592,20240802,20240809
20240802,002594.SZ,-0.0033739942901634956,20240805,20240812
20240805,002594.SZ,-0.0009172709006728397,20240806,20240813
20240806,002594.SZ,-0.010264249836208772,20240807,20240814
20240807,002594.SZ,0.022256568778979968,20240808,20240815
20240808,002594.SZ,0.015067783438390325,20240809,20240816
20240809,002594.SZ,0.021788194444444242,20240812,20240819
20240812,002594.SZ,0.03388274384645662,20240813,20240820
20240813,002594.SZ,0.06354810238305375,20240814,20240821
20240814,002594.SZ,0.03900816449954636,20240815,20240822
20240815,002594.SZ,0.017991578410105902,20240816,20240823
20240816,002594.SZ,0.016948432588565154,20240819,20240826
20240819,002594.SZ,0.018267929634641522,20240820,20240827
20240820,002594.SZ,-0.017219917012448183,20240821,20240828
20240821,002594.SZ,-0.023573923166472666,20240822,20240829
20240822,002594.SZ,0.04211581850087742,20240823,20240830
20240823,002594.SZ,0.007059020091057189,20240826,20240902
20240826,002594.SZ,0.026079734219268902,20240827,20240903
20240827,002594.SZ,0.056871437618746024,20240828,20240904
20240828,002594.SZ,0.07664466680860138,20240829,20240905
20240829,002594.SZ,0.008740277443669342,20240830,20240906
20240830,002594.SZ,0.03683119037743654,20240902,20240909
20240902,002594.SZ,0.010401489396147046,20240903,20240910
20240903,002594.SZ,0.031080217321828085,20240904,20240911
20240904,002594.SZ,0.01645244215938302,20240905,20240912
20240905,002594.SZ,0.013473767885532562,20240906,20240913
20240906,002594.SZ,0.033802704216337576,20240909,20240918
20240909,002594.SZ,0.022872020829160844,20240910,20240919
20240910,002594.SZ,-0.00774893452150327,20240911,20240920
20240911,002594.SZ,-0.02727520329948263,20240912,20240923
20240912,002594.SZ,-0.002745205694340891,20240913,20240924
20240913,002594.SZ,0.016909801493634635,20240918,20240925
20240918,002594.SZ,0.0558035714285714,20240919,20240926
20240919,002594.SZ,0.10890277235454882,20240920,20240927
20240920,002594.SZ,0.2292400000000001,20240923,20240930
20240923,002594.SZ,0.2874277399819103,20240924,20241008
20240924,002594.SZ,0.1632039573820394,20240925,20241009
20240925,002594.SZ,0.17165535402989507,20240926,20241010
20240926,002594.SZ,0.05655128701714851,20240927,20241011
20240927,002594.SZ,-0.0010087533760698708,20240930,20241014
20240930,002594.SZ,-0.08974280652452804,20241008,20241015
20241008,002594.SZ,-0.05201347770617282,20241009,20241016
20241009,002594.SZ,-0.08379499192756956,20241010,20241017
20241010,002594.SZ,0.0008331944675885605,20241011,20241018
20241011,002594.SZ,-0.0017915309446253636,20241014,20241021
20241014,002594.SZ,0.022651006711409405,20241015,20241022
20241015,002594.SZ,0.06587528900238104,20241016,20241023
20241016,002594.SZ,0.04927095570451234,20241017,20241024
20241017,002594.SZ,0.026107226107226156,20241018,20241025
20241018,002594.SZ,-0.004405286343612258,20241021,20241028
20241021,002594.SZ,0.0021328958162427636,20241022,20241029
20241022,002594.SZ,-0.010780885780885763,20241023,20241030
20241023,002594.SZ,-0.034542939936775596,20241024,20241031
20241024,002594.SZ,-0.05786330888557145,20241025,20241101
20241025,002594.SZ,0.006161914126515899,20241028,20241104
20241028,002594.SZ,0.006876227897838927,20241029,20241105
20241029,002594.SZ,-0.016985763377516006,20241030,20241106
20241030,002594.SZ,0.029298407176233665,20241031,20241107
20241031,002594.SZ,0.026144466260204613,20241101,20241108
20241101,002594.SZ,-0.025050491888722437,20241104,20241111
20241104,002594.SZ,-0.02175609756097563,20241105,20241112
20241105,002594.SZ,0.0006991610067919041,20241106,20241113
20241106,002594.SZ,-0.023295115647160136,20241107,20241114
20241107,002594.SZ,-0.026518966096005347,20241108,20241115
20241108,002594.SZ,-0.03545056634033894,20241111,20241118
20241111,002594.SZ,-0.04261826402047808,20241112,20241119
20241112,002594.SZ,-0.040290115447316865,20241113,20241120
20241113,002594.SZ,-0.02968617472434254,20241114,20241121
20241114,002594.SZ,-0.03968965517241363,20241115,20241122
20241115,002594.SZ,-0.019675765553554103,20241118,20241125
20241118,002594.SZ,-0.024236952671967904,20241119,20241126
20241119,002594.SZ,-0.02586147126117999,20241120,20241127
20241120,002594.SZ,-0.03993006993007009,20241121,20241128
20241121,002594.SZ,-0.013142303134762612,20241122,20241129
20241122,002594.SZ,-0.0021201413427561766,20241125,20241202
20241125,002594.SZ,0.005836091242304331,20241126,20241203
20241126,002594.SZ,-0.00362989323843399,20241127,20241204
20241127,002594.SZ,0.0024765095782650626,20241128,20241205
20241128,002594.SZ,0.019830440636029456,20241129,20241206
20241129,002594.SZ,-0.006763456090651543,20241202,20241209
20241202,002594.SZ,-0.000353794445427158,20241203,20241210
20241203,002594.SZ,0.0028216301164367685,20241204,20241211
20241204,002594.SZ,0.030589261062268447,20241205,20241212
20241205,002594.SZ,-0.013450834879406126,20241206,20241213
20241206,002594.SZ,-0.019751149773610477,20241209,20241216
20241209,002594.SZ,0.0008847991505929187,20241210,20241217
20241210,002594.SZ,0.013819140221533521,20241211,20241218
20241211,002594.SZ,0.006063169768753207,20241212,20241219
20241212,002594.SZ,0.013344906151676161,20241213,20241220
20241213,002594.SZ,0.020912893253318687,20241216,20241223
20241216,002594.SZ,0.019872701555869954,20241217,20241224
20241217,002594.SZ,0.0044616195327595864,20241218,20241225
20241218,002594.SZ,-0.0018920812894180905,20241219,20241226
20241219,002594.SZ,0.02169878658101343,20241220,20241227
20241220,002594.SZ,0.015283220520128316,20241223,20241230
20241223,002594.SZ,-0.019970875806116117,20241224,20241231
20241224,002594.SZ,-0.0518326804700614,20241225,20250102
20241225,002594.SZ,-0.04960331390858663,20241226,20250103
20241226,002594.SZ,-0.052396255414279724,20241227,20250106
20241227,002594.SZ,-0.03845748973648211,20241230,20250107
20241230,002594.SZ,-0.04768980400481149,20241231,20250108
20241231,002594.SZ,-0.006307635558834512,20250102,20250109
20250102,002594.SZ,-0.017397407010675048,20250103,20250110
20250103,002594.SZ,-0.01946328516661744,20250106,20250113
20250106,002594.SZ,0.008283764551326511,20250107,20250114
20250107,002594.SZ,0.02046957426257512,20250108,20250115
20250108,002594.SZ,0.012509744236979925,20250109,20250116
20250109,002594.SZ,0.03977144575595837,20250110,20250117
20250110,002594.SZ,0.0692857142857144,20250113,20250120
20250113,002594.SZ,0.03528773072747016,20250114,20250121
20250114,002594.SZ,0.028432050675306852,20250115,20250122
20250115,002594.SZ,0.01594808622965238,20250116,20250123
20250116,002594.SZ,0.008966015907447389,20250117,20250124
20250117,002594.SZ,-0.03491192912140073,20250120,20250127
20250120,002594.SZ,-0.011361650061178175,20250121,20250205
20250121,002594.SZ,0.1011681415929202,20250122,20250206
20250122,002594.SZ,0.17967594096207273,20250123,20250207
20250123,002594.SZ,0.182922459509818,20250124,20250210
20250124,002594.SZ,0.20182149362477242,20250127,20250211
20250127,002594.SZ,0.22012022630834505,20250205,20250212
20250205,002594.SZ,0.09714542882859711,20250206,20250213
20250206,002594.SZ,0.08917100030590408,20250207,20250214
20250207,002594.SZ,0.05564474600914804,20250210,20250217
20250210,002594.SZ,0.07978175204607463,20250211,20250218
20250211,002594.SZ,0.038979857991595424,20250212,20250219
20250212,002594.SZ,0.06293583357749788,20250213,20250220
20250213,002594.SZ,0.07569161634601884,20250214,20250221
20250214,002594.SZ,0.07971305595408884,20250217,20250224
20250217,002594.SZ,0.04567402167200041,20250218,20250225
20250218,002594.SZ,0.03793584379358439,20250219,20250226
20250219,002594.SZ,0.035062572357903,20250220,20250227
20250220,002594.SZ,-0.055300261096605796,20250221,20250228
20250221,002594.SZ,-0.04270755820133931,20250224,20250303
20250224,002594.SZ,-0.0742301806759913,20250225,20250304
20250225,002594.SZ,-0.04875033593120126,20250226,20250305
20250226,002594.SZ,-0.04412782956058592,20250227,20250306
20250227,002594.SZ,-0.014979824221988958,20250228,20250307
20250228,002594.SZ,-0.025568418422586836,20250303,20250310
20250303,002594.SZ,0.016065421644820832,20250304,20250311
20250304,002594.SZ,-0.00836252683919092,20250305,20250312
20250305,002594.SZ,-0.012342239433873026,20250306,20250313
20250306,002594.SZ,0.05482603815937148,20250307,20250314
20250307,002594.SZ,0.08333333333333348,20250310,20250317
20250310,002594.SZ,0.09757977053484779,20250311,20250318
20250311,002594.SZ,0.13125356125356125,20250312,20250319
20250312,002594.SZ,0.12832157968970392,20250313,20250320
20250313,002594.SZ,-0.010480395807841658,20250314,20250321
20250314,002594.SZ,-0.012859960552268235,20250317,20250324
20250317,002594.SZ,-0.03895259640637594,20250318,20250325
20250318,002594.SZ,-0.05303850706424562,20250319,20250326
20250319,002594.SZ,-0.03372584314607874,20250320,20250327
20250320,002594.SZ,0.02822580645161299,20250321,20250328
20250321,002594.SZ,-0.001225490196078649,20250324,20250331
20250324,002594.SZ,-0.011066316729348658,20250325,20250401
20250325,002594.SZ,-0.04124890295470862,20250326,20250402
20250326,002594.SZ,-0.075006468305304,20250327,20250403
20250327,002594.SZ,-0.15879738562091505,20250328,20250407
20250328,002594.SZ,-0.12640704187783403,20250331,20250408
20250331,002594.SZ,-0.11190150478796168,20250401,20250409
20250401,002594.SZ,-0.06685159500693483,20250402,20250410
20250402,002594.SZ,-0.007076725126569872,20250403,20250411
20250403,002594.SZ,0.11573843858776733,20250407,20250414
20250407,002594.SZ,0.09911147751213711,20250408,20250415
20250408,002594.SZ,0.08487369069624151,20250409,20250416
20250409,002594.SZ,0.03947681331747921,20250410,20250417
20250410,002594.SZ,-0.025297199842244766,20250411,20250418
20250411,002594.SZ,-0.028523676880222837,20250414,20250421
20250414,002594.SZ,-0.014251187598966708,20250415,20250422
20250415,002594.SZ,0.05633962799943215,20250416,20250423
20250416,002594.SZ,0.04667124227865482,20250417,20250424
20250417,002594.SZ,0.07176300578034689,20250418,20250425
20250418,002594.SZ,0.03222846656726697,20250421,20250428
20250421,002594.SZ,0.00045090745124576337,20250422,20250429
20250422,002594.SZ,-0.05080781741444673,20250423,20250430
20250423,002594.SZ,-0.0165027322404373,20250424,20250506
20250424,002594.SZ,-0.03136207965914306,20250425,20250507
20250425,002594.SZ,-0.002000000000000113,20250428,20250508
20250428,002594.SZ,0.023154929577464678,20250429,20250509
20250429,002594.SZ,0.04868447138123422,20250430,20250512
20250430,002594.SZ,0.018168685409490015,20250506,20250513
20250506,002594.SZ,0.03869710467706011,20250507,20250514
20250507,002594.SZ,0.04876419505678031,20250508,20250515
20250508,002594.SZ,0.07144430372776833,20250509,20250516
20250509,002594.SZ,0.03383925677865407,20250512,20250519
20250512,002594.SZ,0.0772169167803547,20250513,20250520
20250513,002594.SZ,0.0720986330742428,20250514,20250521
20250514,002594.SZ,0.0583864118895967,20250515,20250522
20250515,002594.SZ,0.040676311123673425,20250516,20250523
20250516,002594.SZ,-0.004728194143308717,20250519,20250526
20250519,002594.SZ,-0.05671225937183377,20250520,20250527
20250520,002594.SZ,-0.09279999999999988,20250521,20250528
20250521,002594.SZ,-0.09445837512537625,20250522,20250529
20250522,002594.SZ,-0.13012345679012338,20250523,20250530
20250523,002594.SZ,-0.06561679790026242,20250526,20250603
20250526,002594.SZ,-0.031927177036062626,20250527,20250604
20250527,002594.SZ,-0.005869708994709066,20250528,20250605
20250528,002594.SZ,-0.0032398305319414344,20250529,20250606
20250529,002594.SZ,-0.011808118081180985,20250530,20250609
20250530,002594.SZ,-0.00806179775280913,20250603,20250610
20250603,002594.SZ,0.004077443692444227,20250604,20250611
20250604,002594.SZ,-0.020817740817740682,20250605,20250612
20250605,002594.SZ,-0.03878208689854423,20250606,20250613
20250606,002594.SZ,-0.010656632389268617,20250609,20250616
20250609,002594.SZ,-0.026590773935944223,20250610,20250617
20250610,002594.SZ,-0.041548109063786365,20250611,20250618
20250611,002594.SZ,-0.03606613067602771,20250612,20250619
20250612,002594.SZ,-0.016618497109826658,20250613,20250620
20250613,002594.SZ,-0.018087855297157507,20250616,20250623
20250616,002594.SZ,-0.0010473031942747069,20250617,20250624
20250617,002594.SZ,0.006686842484507904,20250618,20250625
20250618,002594.SZ,-0.008986784140969095,20250619,20250626
20250619,002594.SZ,-0.01766348273328422,20250620,20250627
20250620,002594.SZ,-0.01859846244825547,20250623,20250630
20250623,002594.SZ,-0.03506319529384372,20250624,20250701
20250624,002594.SZ,-0.053282560769604914,20250625,20250702
20250625,002594.SZ,-0.008534850640113945,20250626,20250703
20250626,002594.SZ,-0.009693633317376826,20250627,20250704
20250627,002594.SZ,-0.010002711578440127,20250630,20250707
20250630,002594.SZ,-0.01346049375264069,20250701,20250708
20250701,002594.SZ,-0.01469787697332614,20250702,20250709
20250702,002594.SZ,-0.039843376374940176,20250703,20250710
20250703,002594.SZ,-0.021419939577039138,20250704,20250711
20250704,002594.SZ,-0.030737393103867916,20250707,20250714
20250707,002594.SZ,-0.011716837983357764,20250708,20250715
20250708,002594.SZ,-0.006384284837323451,20250709,20250716
20250709,002594.SZ,0.02113750272390491,20250710,20250717
20250710,002594.SZ,0.016053842116637185,20250711,20250718
20250711,002594.SZ,0.04907532418600269,20250714,20250721
20250714,002594.SZ,0.057700046432440644,20250715,20250722
20250715,002594.SZ,0.04432843197825265,20250716,20250723
20250716,002594.SZ,0.04481434058898848,20250717,20250724
20250717,002594.SZ,0.026799550302330388,20250718,20250725
20250718,002594.SZ,0.00861965760804484,20250721,20250728
20250721,002594.SZ,-0.010065745609938892,20250722,20250729
20250722,002594.SZ,-0.02389086444886601,20250723,20250730
20250723,002594.SZ,-0.06778334623500581,20250724,20250731
20250724,002594.SZ,-0.04953881389019865,20250725,20250801
20250725,002594.SZ,-0.05520356746438626,20250728,20250804
20250728,002594.SZ,-0.05887632381978092,20250729,20250805
20250729,002594.SZ,-0.0400183992640295,20250730,20250806
20250730,002594.SZ,0.0008551881413911833,20250731,20250807
20250731,002594.SZ,-0.017674858223062362,20250801,20250808
20250801,002594.SZ,0.006102212051868783,20250804,20250811
20250804,002594.SZ,0.007724585161167141,20250805,20250812
20250805,002594.SZ,0.023766171538093017,20250806,20250813
20250806,002594.SZ,0.009873730181334972,20250807,20250814
20250807,002594.SZ,0.02059078225728861,20250808,20250815
20250808,002594.SZ,0.027009097801364623,20250811,20250818
20250811,002594.SZ,0.018548310778839783,20250812,20250819
20250812,002594.SZ,0.01329214640082399,20250813,20250820
20250813,002594.SZ,0.006862837266146338,20250814,20250821
20250814,002594.SZ,0.043273310078250304,20250815,20250822
20250815,002594.SZ,0.029897573129094912,20250818,20250825
20250818,002594.SZ,0.056861469850413515,20250819,20250826
20250819,002594.SZ,0.022448036951500994,20250820,20250827
20250820,002594.SZ,0.02072829131652676,20250821,20250828
20250821,002594.SZ,0.03072474245436463,20250822,20250829
20250822,002594.SZ,-0.01711316190305523,20250825,20250901
20250825,002594.SZ,-0.03279120879120878,20250826,20250902
20250826,002594.SZ,-0.03135164438019522,20250827,20250903
20250827,002594.SZ,-0.04866447127698492,20250828,20250904
20250828,002594.SZ,-0.059617745046466664,20250829,20250905
20250829,002594.SZ,-0.031449407474931745,20250901,20250908
20250901,002594.SZ,-0.04117433193964748,20250902,20250909
20250902,002594.SZ,-0.018748251095979662,20250903,20250910
20250903,002594.SZ,0.024903846153846,20250904,20250911
20250904,002594.SZ,-0.012586239045310643,20250905,20250912
20250905,002594.SZ,0.023058823529411798,20250908,20250915
20250908,002594.SZ,0.021897810218978186,20250909,20250916
20250909,002594.SZ,0.05503802281368819,20250910,20250917
20250910,002594.SZ,0.02927103855896429,20250911,20250918
20250911,002594.SZ,0.030025493343404985,20250912,20250919
20250912,002594.SZ,-0.006531738730450876,20250915,20250922
20250915,002594.SZ,-0.020408163265306034,20250916,20250923
20250916,002594.SZ,-0.04757185332011893,20250917,20250924
20250917,002594.SZ,-0.020144016042293322,20250918,20250925
20250918,002594.SZ,-0.016500137501145984,20250919,20250926
20250919,002594.SZ,0.0057412723400316334,20250922,20250929
20250922,002594.SZ,0.034185606060606055,20250923,20250930
20250923,002594.SZ,0.04625863210670689,20250924,20251009
20250924,002594.SZ,0.0026976744186046897,20250925,20251010
20250925,002594.SZ,-0.014912853015192407,20250926,20251013
20250926,002594.SZ,-0.024123008931037804,20250929,20251014
20250929,002594.SZ,-0.019320575038915933,20250930,20251015
20250930,002594.SZ,-0.032911392405063356,20251009,20251016
20251009,002594.SZ,-0.031171722794322232,20251010,20251017
20251010,002594.SZ,-0.011070110701106972,20251013,20251020
20251013,002594.SZ,-0.011604868383809697,20251014,20251021
20251014,002594.SZ,-0.03099906629318383,20251015,20251022
20251015,002594.SZ,-0.03057217651458488,20251016,20251023
20251016,002594.SZ,-0.006415780905869917,20251017,20251024
20251017,002594.SZ,-0.0048794489092995885,20251020,20251027
20251020,002594.SZ,-0.0099274532264223,20251021,20251028
20251021,002594.SZ,0.007130468298323311,20251022,20251029
20251022,002594.SZ,-0.0007715305236762893,20251023,20251030
20251023,002594.SZ,-0.028623747108712516,20251024,20251031
20251024,002594.SZ,-0.04239976925295663,20251027,20251103
20251027,002594.SZ,-0.0570767450829156,20251028,20251104
20251028,002594.SZ,-0.0834290088021431,20251029,20251105
20251029,002594.SZ,-0.05877811022102131,20251030,20251106
20251030,002594.SZ,-0.03561861295763469,20251031,20251107
20251031,002594.SZ,-0.00210843373493963,20251103,20251110
20251103,002594.SZ,0.009304703476482601,20251104,20251111
20251104,002594.SZ,0.020563674321502967,20251105,20251112
20251105,002594.SZ,0.023687448728465954,20251106,20251113
20251106,002594.SZ,0.012037037037037068,20251107,20251114
20251107,002594.SZ,-0.013180400442700524,20251110,20251117
20251110,002594.SZ,-0.022490122581298788,20251111,20251118
20251111,002594.SZ,-0.026593024445126123,20251112,20251119
20251112,002594.SZ,-0.062305920064108844,20251113,20251120
20251113,002594.SZ,-0.057639524245196694,20251114,20251121
20251114,002594.SZ,-0.04231239804241427,20251117,20251124
20251117,002594.SZ,-0.026738522126645292,20251118,20251125
20251118,002594.SZ,-0.0008406010297363764,20251119,20251126
20251119,002594.SZ,0.007264181177224716,20251120,20251127
20251120,002594.SZ,0.02664509169363538,20251121,20251128
20251121,002594.SZ,0.019589055679761325,20251124,20251201
20251124,002594.SZ,0.028857416675540648,20251125,20251202
20251125,002594.SZ,-0.0004206541171520861,20251126,20251203
20251126,002594.SZ,0.010075299607593458,20251127,20251204
20251127,002594.SZ,0.0085110854260797,20251128,20251205
20251128,002594.SZ,0.007935679231492188,20251201,20251208
20251201,002594.SZ,-0.00610639619126474,20251202,20251209
20251202,002594.SZ,0.014939505523408725,20251203,20251210
20251203,002594.SZ,0.010394792104158057,20251204,20251211
20251204,002594.SZ,0.010627214002917329,20251205,20251212
20251205,002594.SZ,-0.010359473738734137,20251208,20251215
20251208,002594.SZ,-0.018535874205977465,20251209,20251216
20251209,002594.SZ,-0.01306105525033685,20251210,20251217
20251210,002594.SZ,-0.02805777823963429,20251211,20251218
20251211,002594.SZ,-0.028556701030927778,20251212,20251219
20251212,002594.SZ,-0.012142782372029814,20251215,20251222
20251215,002594.SZ,0.0059416445623343694,20251216,20251223
20251216,002594.SZ,-0.008297447747085407,20251217,20251224
20251217,002594.SZ,0.014006201218860426,20251218,20251225
20251218,002594.SZ,0.061339276238989715,20251219,20251226
20251219,002594.SZ,0.06188407332838808,20251222,20251229
20251222,002594.SZ,0.05210420841683372,20251223,20251230
20251223,002594.SZ,0.03495022241050627,20251224,20251231
20251224,002594.SZ,0.03447912273302389,20251225,20260105
20251225,002594.SZ,-0.00019998000199994426,20251226,20260106
20251226,002594.SZ,-0.026045304859794394,20251229,20260107
20251229,002594.SZ,-0.02877192982456145,20251230,20260108
20251230,002594.SZ,-0.007265656979123958,20251231,20260109
20251231,002594.SZ,-0.00652329018448683,20260105,20260112
20260105,002594.SZ,-0.028002800280027995,20260106,20260113
20260106,002594.SZ,-0.015368852459016424,20260107,20260114
20260107,002594.SZ,-0.012489677952105649,20260108,20260115
20260108,002594.SZ,-0.011854447995052197,20260109,20260116
20260109,002594.SZ,-0.013132245819226562,20260112,20260119
20260112,002594.SZ,-0.025208354769009067,20260113,20260120
20260113,002594.SZ,-0.020811654526534773,20260114,20260121
20260114,002594.SZ,-0.016201526079230644,20260115,20260122
20260115,002594.SZ,-0.023054454412685166,20260116,20260123
20260116,002594.SZ,-0.037010084208337624,20260119,20260126
20260119,002594.SZ,-0.030926746886214884,20260120,20260127
20260120,002594.SZ,-0.008076514346439856,20260121,20260128
20260121,002594.SZ,-0.019230769230769273,20260122,20260129
20260122,002594.SZ,-0.029471436198611922,20260123,20260130
20260123,002594.SZ,-0.060239663176076874,20260126,20260202
20260126,002594.SZ,-0.04836074501688281,20260127,20260203
20260127,002594.SZ,-0.04499678594386114,20260128,20260204
20260128,002594.SZ,-0.023832737514895563,20260129,20260205
20260129,002594.SZ,-0.011772472219166108,20260130,20260206
20260130,002594.SZ,0.03457782883400351,20260202,20260209
20260202,002594.SZ,0.039372782419594854,20260203,20260210
20260203,002594.SZ,0.03522548799641023,20260204,20260211
20260204,002594.SZ,0.01165242481411588,20260205,20260212
20260205,002594.SZ,0.005010020040080443,20260206,20260213
20260206,002594.SZ,0.015434155007772787,20260209,20260225
20260209,002594.SZ,-0.010571522960026503,20260210,20260226
20260210,002594.SZ,-0.03207628955353292,20260211,20260227
20260211,002594.SZ,0.06175954365949976,20260212,20260302
20260212,002594.SZ,0.05472471474465479,20260213,20260303
20260213,002594.SZ,0.04964461454346614,20260225,20260304
20260225,002594.SZ,0.04195882025598241,20260226,20260306
20260226,002594.SZ,0.09180474697716079,20260227,20260309
20260227,002594.SZ,-0.0019630127079244275,20260302,20260310
20260302,002594.SZ,0.04211742464026891,20260303,20260311
20260303,002594.SZ,0.03239920825085951,20260304,20260312
20260304,002594.SZ,0.064622943815424,20260306,20260313
20260306,002594.SZ,0.07280557834290424,20260309,20260316
20260309,002594.SZ,0.06490683229813676,20260310,20260317
20260310,002594.SZ,0.024894174561580495,20260311,20260318
20260311,002594.SZ,0.03239152371342091,20260312,20260319
20260312,002594.SZ,0.03371124711548101,20260313,20260320
20260313,002594.SZ,0.028770640561254446,20260316,20260323
20260316,002594.SZ,0.03664819675318354,20260317,20260324
20260317,002594.SZ,0.04828400039335223,20260318,20260325
20260318,002594.SZ,0.008112598963933015,20260319,20260326
20260319,002594.SZ,0.02203241774240494,20260320,20260327
20260320,002594.SZ,-0.014679779283612415,20260323,20260330
20260323,002594.SZ,-0.013034508627156827,20260324,20260331
20260324,002594.SZ,-0.037054409005628286,20260325,20260401
20260325,002594.SZ,-0.01444638355633121,20260326,20260402
20260326,002594.SZ,-0.059734093067426275,20260327,20260403
20260327,002594.SZ,-0.07609618104667604,20260330,20260407
20260330,002594.SZ,-0.03828978622327783,20260331,20260408
20260331,002594.SZ,-0.03526546517291773,20260401,20260409
20260401,002594.SZ,0.0001967535661584474,20260402,20260410
20260402,002594.SZ,0.05292394707605297,20260403,20260413
20260403,002594.SZ,0.059604000816492864,20260407,20260414
20260407,002594.SZ,0.017881841533293752,20260408,20260415
20260408,002594.SZ,0.06573765525598319,20260409,20260416
20260409,002594.SZ,0.02075341792072405,20260410,20260417
20260410,002594.SZ,-0.012853717026378941,20260413,20260420
20260413,002594.SZ,-0.0220574070506645,20260414,20260421
20260414,002594.SZ,-0.01368533436863062,20260415,20260422
20260416,002594.SZ,-0.041626517633455595,20260417,20260424
20260417,002594.SZ,-0.005538820328442329,20260420,20260427
20260420,002594.SZ,-0.0004924652811975072,20260421,20260428
20260421,002594.SZ,0.03719740208620359,20260422,20260429
20260422,002594.SZ,0.030006001200240107,20260423,20260430
20260423,002594.SZ,0.01297003820631426,20260424,20260506
20260424,002594.SZ,-0.018370138753175724,20260427,20260507
20260427,002594.SZ,-0.014387071344107327,20260428,20260508
20260428,002594.SZ,-0.04705882352941182,20260429,20260511
20260429,002594.SZ,-0.03641483783258881,20260430,20260512
20260430,002594.SZ,-0.021339950372208483,20260506,20260513
20260506,002594.SZ,-0.01722078439179764,20260507,20260514
20260507,002594.SZ,-0.03719256148770245,20260508,20260515
20260508,002594.SZ,-0.059040223018717586,20260511,20260518
20260511,002594.SZ,-0.03255063992744134,20260512,20260519
20260512,002594.SZ,-0.05314401622718057,20260513,20260520
20260513,002594.SZ,-0.05287146763901529,20260514,20260521
20260514,002594.SZ,-0.026479750778816147,20260515,20260522
20260515,002594.SZ,0.015342291820971132,20260518,20260525
20260518,002594.SZ,0.005729166666666563,20260519,20260526
20260519,002594.SZ,0.019922879177377784,20260520,20260527
20260520,002594.SZ,0.025344882900224297,20260521,20260528
20260521,002594.SZ,0.025919999999999943,20260522,20260529
20260522,002594.SZ,-0.02407253022092526,20260525,20260601
20260525,002594.SZ,0.002175038839979493,20260526,20260602
20260526,002594.SZ,-0.004200798151648755,20260527,20260603
20260527,002594.SZ,-0.025448477263245728,20260528,20260604
20260528,002594.SZ,-0.03295903514244114,20260529,20260605
20260529,002594.SZ,-0.026268019220501815,20260601,20260608
20260601,002594.SZ,-0.050330715171558627,20260602,20260609
20260602,002594.SZ,-0.047563805104408274,20260603,20260610
20260603,002594.SZ,-0.0389554794520548,20260604,20260611
20260604,002594.SZ,-0.015159660251585882,20260605,20260612
20260605,002594.SZ,-0.0040574624410572024,20260608,20260615
20260608,002594.SZ,-0.02448579823702246,20260609,20260616
20260609,002594.SZ,-0.03144723729376586,20260610,20260617
20260610,002594.SZ,-0.018596881959910938,20260611,20260618
20260611,002594.SZ,-0.04377729257641916,20260612,20260622
20260612,002594.SZ,-0.06408280114512221,20260615,20260623
20260615,002594.SZ,-0.07072735385988416,20260616,20260624
20260616,002594.SZ,-0.06024922830684809,20260617,20260625
20260617,002594.SZ,-0.11267445818676936,20260618,20260626
20260618,002594.SZ,-0.0907637858202992,20260622,20260629
20260622,002594.SZ,-0.0623529411764705,20260623,20260630
20260623,002594.SZ,-0.031692677070828346,20260624,20260701
20260624,002594.SZ,0.016666666666666607,20260625,20260702
20260625,002594.SZ,0.1313299232736571,20260626,20260703
20260626,002594.SZ,0.09919638372677064,20260629,20260706
20260629,002594.SZ,0.08230865746549565,20260630,20260707
20260630,002594.SZ,0.08851971237292333,20260701,20260708
20260701,002594.SZ,0.03948785449323955,20260702,20260709
20260702,002594.SZ,0.01729399796541209,20260703,20260710
20260703,002594.SZ,-0.006397075622572523,20260706,20260713
20260706,002594.SZ,0.045444006492000755,20260707,20260714
20260707,002594.SZ,0.04510250569476093,20260708,20260715
20260708,002594.SZ,0.0836882698284791,20260709,20260716
20260709,002594.SZ,0.038555555555555454,20260710,20260717
20260710,002594.SZ,0.07978845711657834,20260713,20260720
20260713,002594.SZ,0.04568640496784204,20260714,20260721
20260714,002594.SZ,-0.0020706190061029472,20260715,20260722
20260715,002594.SZ,-0.015827490970894198,20260716,20260723
20260716,002594.SZ,-0.01690381940729646,20260717,20260724
20240102,600030.SH,-0.03567888999008917,20240103,20240110
20240103,600030.SH,-0.020000000000000018,20240104,20240111
20240104,600030.SH,-0.013643254168772101,20240105,20240112
20240105,600030.SH,0.003089598352214118,20240108,20240115
20240108,600030.SH,0.006166495375128367,20240109,20240116
20240109,600030.SH,-0.012332990750256956,20240110,20240117
20240110,600030.SH,-0.0056122448979593065,20240111,20240118
20240111,600030.SH,-0.0025614754098360892,20240112,20240119
20240112,600030.SH,-0.017967145790554473,20240115,20240122
20240115,600030.SH,0.010214504596527396,20240116,20240123
20240116,600030.SH,0.06763787721123826,20240117,20240124
20240117,600030.SH,0.054899948691636835,20240118,20240125
20240118,600030.SH,0.0698510529019003,20240119,20240126
20240119,600030.SH,0.07579717720857282,20240122,20240129
20240122,600030.SH,0.03336703741152669,20240123,20240130
20240123,600030.SH,-0.0009746588693956282,20240124,20240131
20240124,600030.SH,-0.005836575875486361,20240125,20240201
20240125,600030.SH,-0.031204992798847697,20240126,20240202
20240126,600030.SH,-0.01943634596695809,20240129,20240205
20240129,600030.SH,0.03424657534246567,20240130,20240206
20240130,600030.SH,0.0331707317073171,20240131,20240207
20240131,600030.SH,0.03962818003913893,20240201,20240208
20240201,600030.SH,0.03320118929633309,20240202,20240219
20240202,600030.SH,0.040138751238850245,20240205,20240220
20240205,600030.SH,0.011352885525070855,20240206,20240221
20240206,600030.SH,0.02596789423984891,20240207,20240222
20240207,600030.SH,0.012705882352941122,20240208,20240223
20240208,600030.SH,0.023501199040767418,20240219,20240226
20240219,600030.SH,0.02239161505478804,20240220,20240227
20240220,600030.SH,-0.017773620205799645,20240221,20240228
20240221,600030.SH,-0.01978831109065804,20240222,20240229
20240222,600030.SH,-0.009293680297397855,20240223,20240301
20240223,600030.SH,-0.008434864104967188,20240226,20240304
20240226,600030.SH,-0.013047530288909592,20240227,20240305
20240227,600030.SH,0.004761904761904745,20240228,20240306
20240228,600030.SH,-0.023004694835680684,20240229,20240307
20240229,600030.SH,-0.024390243902438824,20240301,20240308
20240301,600030.SH,0.0014177693761814325,20240304,20240311
20240304,600030.SH,0.010387157695939564,20240305,20240312
20240305,600030.SH,-0.0014218009478672577,20240306,20240313
20240306,600030.SH,-0.0004805382027869287,20240307,20240314
20240307,600030.SH,0.0033653846153844924,20240308,20240315
20240308,600030.SH,0.003303445021236584,20240311,20240318
20240311,600030.SH,-0.026635514018691686,20240312,20240319
20240312,600030.SH,-0.010915994304698695,20240313,20240320
20240313,600030.SH,0.0014423076923075762,20240314,20240321
20240314,600030.SH,-0.01772879731672261,20240315,20240322
20240315,600030.SH,-0.08278457196613376,20240318,20240325
20240318,600030.SH,-0.059049447911665776,20240319,20240326
20240319,600030.SH,-0.07149712092130511,20240320,20240327
20240320,600030.SH,-0.07297167546807493,20240321,20240328
20240321,600030.SH,-0.06341463414634152,20240322,20240329
20240322,600030.SH,-0.004615384615384577,20240325,20240401
20240325,600030.SH,-0.01479591836734706,20240326,20240402
20240326,600030.SH,-0.009819121447028567,20240327,20240403
20240327,600030.SH,-0.020196789228378864,20240328,20240408
20240328,600030.SH,-0.014062499999999978,20240329,20240409
20240329,600030.SH,-0.05151983513652758,20240401,20240410
20240401,600030.SH,-0.05023303987571193,20240402,20240411
20240402,600030.SH,-0.06367432150313146,20240403,20240412
20240403,600030.SH,-0.06236786469344624,20240408,20240415
20240408,600030.SH,-0.06867406233491802,20240409,20240416
20240409,600030.SH,-0.016838674633351314,20240410,20240417
20240410,600030.SH,-0.0070883315158123406,20240411,20240418
20240411,600030.SH,0.010590858416945403,20240412,20240419
20240412,600030.SH,0.030439684329199634,20240415,20240422
20240415,600030.SH,0.03630175836642091,20240416,20240423
20240416,600030.SH,0.009392265193369997,20240417,20240424
20240417,600030.SH,-0.0016474464579901982,20240418,20240425
20240418,600030.SH,0.05681191395477114,20240419,20240426
20240419,600030.SH,0.060175054704595166,20240422,20240429
20240422,600030.SH,0.0405035577449373,20240423,20240430
20240423,600030.SH,0.05145046524356878,20240424,20240506
20240424,600030.SH,0.0517051705170517,20240425,20240507
20240425,600030.SH,-0.019832985386221136,20240426,20240508
20240426,600030.SH,-0.0242518059855521,20240429,20240509
20240429,600030.SH,0.002630194634402727,20240430,20240510
20240430,600030.SH,-0.011972930765226542,20240506,20240513
20240506,600030.SH,-0.005753138075313746,20240507,20240514
20240507,600030.SH,-0.0015974440894569453,20240508,20240515
20240508,600030.SH,-0.00687466948704385,20240509,20240516
20240509,600030.SH,0.006820566631689617,20240510,20240517
20240510,600030.SH,0.016332982086406655,20240513,20240520
20240513,600030.SH,0.012098895318253478,20240514,20240521
20240514,600030.SH,0.029866666666666708,20240515,20240522
20240515,600030.SH,0.004792332268370503,20240516,20240523
20240516,600030.SH,-0.03126628452318925,20240517,20240524
20240517,600030.SH,-0.02903058579574902,20240520,20240527
20240520,600030.SH,-0.03222453222453214,20240521,20240528
20240521,600030.SH,-0.03417918177110302,20240522,20240529
20240522,600030.SH,-0.01642819289878128,20240523,20240530
20240523,600030.SH,0.0016137708445402854,20240524,20240531
20240524,600030.SH,-0.016017084890549982,20240527,20240603
20240527,600030.SH,-0.0032223415682063328,20240528,20240604
20240528,600030.SH,-0.0058981233243967646,20240529,20240605
20240529,600030.SH,-0.0037715517241380114,20240530,20240606
20240530,600030.SH,-0.012889366272824998,20240531,20240607
20240531,600030.SH,-0.004883342376559963,20240603,20240611
20240603,600030.SH,-0.015086206896551602,20240604,20240612
20240604,600030.SH,-0.015102481121898381,20240605,20240613
20240605,600030.SH,0.007571660356949783,20240606,20240614
20240606,600030.SH,0.015233949945593128,20240607,20240617
20240607,600030.SH,0.020174482006543037,20240611,20240618
20240611,600030.SH,0.013676148796498921,20240612,20240619
20240612,600030.SH,0.006571741511500306,20240613,20240620
20240613,600030.SH,-0.010198604401502775,20240614,20240621
20240614,600030.SH,-0.012861736334405127,20240617,20240624
20240617,600030.SH,-0.031533939070016004,20240618,20240625
20240618,600030.SH,-0.007015650296816167,20240619,20240626
20240619,600030.SH,0.0010881392818280489,20240620,20240627
20240620,600030.SH,-0.01138828633405653,20240621,20240628
20240621,600030.SH,-0.011943539630836053,20240624,20240701
20240624,600030.SH,0.003863134657836609,20240625,20240702
20240625,600030.SH,-0.0010869565217390686,20240626,20240703
20240626,600030.SH,-0.019565217391304235,20240627,20240704
20240627,600030.SH,-0.023038946791003934,20240628,20240705
20240628,600030.SH,-0.03846153846153855,20240701,20240708
20240701,600030.SH,-0.018141836173721893,20240702,20240709
20240702,600030.SH,-0.011425462459194624,20240703,20240710
20240703,600030.SH,0.015521064301552201,20240704,20240711
20240704,600030.SH,0.03088152723189208,20240705,20240712
20240705,600030.SH,0.05485714285714294,20240708,20240715
20240708,600030.SH,0.048712206047032636,20240709,20240716
20240709,600030.SH,0.03742432581177746,20240710,20240717
20240710,600030.SH,0.03548034934497801,20240711,20240718
20240711,600030.SH,0.05610021786492392,20240712,20240719
20240712,600030.SH,0.09371614301191777,20240715,20240722
20240715,600030.SH,0.02509343299519462,20240716,20240723
20240716,600030.SH,0.0015915119363394403,20240717,20240724
20240717,600030.SH,0.0026357406431207764,20240718,20240725
20240718,600030.SH,-0.0067044868488911336,20240719,20240726
20240719,600030.SH,-0.06488360574541863,20240722,20240729
20240722,600030.SH,-0.01458333333333317,20240723,20240730
20240723,600030.SH,0.04872881355932224,20240724,20240731
20240724,600030.SH,0.029442691903259766,20240725,20240801
20240725,600030.SH,-0.0025960539979231756,20240726,20240802
20240726,600030.SH,0.012711864406779627,20240729,20240805
20240729,600030.SH,0.010042283298097088,20240730,20240806
20240730,600030.SH,-0.04191919191919202,20240731,20240807
20240731,600030.SH,-0.026046986721143917,20240801,20240808
20240801,600030.SH,-0.01665799062988038,20240802,20240809
20240802,600030.SH,-0.013075313807531241,20240805,20240812
20240805,600030.SH,-0.0026164311878598134,20240806,20240813
20240806,600030.SH,-0.006325777543489619,20240807,20240814
20240807,600030.SH,0.004195070791819466,20240808,20240815
20240808,600030.SH,0.011116993118051921,20240809,20240816
20240809,600030.SH,0.009009009009008917,20240812,20240819
20240812,600030.SH,-0.006820566631689284,20240813,20240820
20240813,600030.SH,0.003713527851458842,20240814,20240821
20240814,600030.SH,-0.02193211488250635,20240815,20240822
20240815,600030.SH,0.0,20240816,20240823
20240816,600030.SH,-0.0057358248174697035,20240819,20240826
20240819,600030.SH,4.1727177780170877e-05,20240820,20240827
20240820,600030.SH,-0.00105577176865157,20240821,20240828
20240821,600030.SH,0.028788359113519624,20240822,20240829
20240822,600030.SH,0.03570458578536839,20240823,20240830
20240823,600030.SH,0.024918743228602436,20240826,20240902
20240826,600030.SH,0.03575297941495115,20240827,20240903
20240827,600030.SH,0.037438958220293195,20240828,20240904
20240828,600030.SH,0.01703033528472586,20240829,20240905
20240829,600030.SH,-0.011923276308968389,20240830,20240906
20240830,600030.SH,0.003171247357293794,20240902,20240909
20240902,600030.SH,-0.012552301255230214,20240903,20240910
20240903,600030.SH,-0.006276150627615107,20240904,20240911
20240904,600030.SH,-0.012035583464154898,20240905,20240912
20240905,600030.SH,-0.007345225603357708,20240906,20240913
20240906,600030.SH,-0.0021074815595363283,20240909,20240918
20240909,600030.SH,0.02436440677966112,20240910,20240919
20240910,600030.SH,0.015263157894736867,20240911,20240920
20240911,600030.SH,0.022775423728813582,20240912,20240923
20240912,600030.SH,0.10042283298097243,20240913,20240924
20240913,600030.SH,0.1172122492080252,20240918,20240925
20240918,600030.SH,0.1623578076525336,20240919,20240926
20240919,600030.SH,0.28201140487299114,20240920,20240927
20240920,600030.SH,0.40859658208182315,20240923,20240930
20240923,600030.SH,0.4370797310278578,20240924,20241008
20240924,600030.SH,0.434310018903592,20240925,20241009
20240925,600030.SH,0.23443060498220647,20240926,20241010
20240926,600030.SH,0.1391023048928428,20240927,20241011
20240927,600030.SH,0.00955882352941173,20240930,20241014
20240930,600030.SH,-0.1069518716577541,20241008,20241015
20241008,600030.SH,-0.12981878088962118,20241009,20241016
20241009,600030.SH,-0.05729729729729727,20241010,20241017
20241010,600030.SH,-0.009229676961306499,20241011,20241018
20241011,600030.SH,0.0,20241014,20241021
20241014,600030.SH,0.03555389221556893,20241015,20241022
20241015,600030.SH,0.043922756531616924,20241016,20241023
20241016,600030.SH,0.042813455657492394,20241017,20241024
20241017,600030.SH,-0.014690075241848843,20241018,20241025
20241018,600030.SH,0.0010924981791695654,20241021,20241028
20241021,600030.SH,-0.015901698590531255,20241022,20241029
20241022,600030.SH,-0.0039898440333696605,20241023,20241030
20241023,600030.SH,0.030791788856304958,20241024,20241031
20241024,600030.SH,0.016363636363636358,20241025,20241101
20241025,600030.SH,0.05711167697344499,20241028,20241104
20241028,600030.SH,0.11898641204553795,20241029,20241105
20241029,600030.SH,0.1318281136198105,20241030,20241106
20241030,600030.SH,0.21586059743954467,20241031,20241107
20241031,600030.SH,0.24794275491949902,20241101,20241108
20241101,600030.SH,0.20027529249827958,20241104,20241111
20241104,600030.SH,0.11355431572038088,20241105,20241112
20241105,600030.SH,0.059202059202059454,20241106,20241113
20241106,600030.SH,-0.04445744369698734,20241107,20241114
20241107,600030.SH,-0.10751146788990829,20241108,20241115
20241108,600030.SH,-0.12069954128440363,20241111,20241118
20241111,600030.SH,-0.07751252578838796,20241112,20241119
20241112,600030.SH,-0.035844471445929615,20241113,20241120
20241113,600030.SH,-0.023875114784205786,20241114,20241121
20241114,600030.SH,-0.025698682942499218,20241115,20241122
20241115,600030.SH,-0.032931203130094566,20241118,20241125
20241118,600030.SH,-0.050479233226837006,20241119,20241126
20241119,600030.SH,-0.04599873976055446,20241120,20241127
20241120,600030.SH,-0.06334274067105672,20241121,20241128
20241121,600030.SH,0.013847675568743778,20241122,20241129
20241122,600030.SH,0.05428186109238031,20241125,20241202
20241125,600030.SH,0.04576043068640634,20241126,20241203
20241126,600030.SH,0.017173051519154603,20241127,20241204
20241127,600030.SH,0.034482758620689724,20241128,20241205
20241128,600030.SH,0.015934959349593436,20241129,20241206
20241129,600030.SH,-0.004796929964822394,20241202,20241209
20241202,600030.SH,0.012870012870012992,20241203,20241210
20241203,600030.SH,0.01753246753246751,20241204,20241211
20241204,600030.SH,0.02459546925566336,20241205,20241212
20241205,600030.SH,-0.02624839948783597,20241206,20241213
20241206,600030.SH,-0.035025706940874146,20241209,20241216
20241209,600030.SH,-0.039707750952985954,20241210,20241217
20241210,600030.SH,-0.03350350989151252,20241211,20241218
20241211,600030.SH,-0.04200884396715099,20241212,20241219
20241212,600030.SH,0.005325322763389817,20241213,20241220
20241213,600030.SH,0.004283927288260658,20241216,20241223
20241216,600030.SH,0.010977068988095917,20241217,20241224
20241217,600030.SH,0.0013206431680432562,20241218,20241225
20241218,600030.SH,0.001994093320691448,20241219,20241226
20241219,600030.SH,-0.0039551746868820015,20241220,20241227
20241220,600030.SH,0.019719251336898225,20241223,20241230
20241223,600030.SH,-0.037928759894459096,20241224,20241231
20241224,600030.SH,-0.08773678963110665,20241225,20250102
20241225,600030.SH,-0.10547263681592034,20241226,20250103
20241226,600030.SH,-0.1045665122435473,20241227,20250106
20241227,600030.SH,-0.10980006555227784,20241230,20250107
20241230,600030.SH,-0.0750771340418237,20241231,20250108
20241231,600030.SH,-0.02040072859744979,20250102,20250109
20250102,600030.SH,-0.018909899888765236,20250103,20250110
20250103,600030.SH,-0.020325203252032464,20250106,20250113
20250106,600030.SH,0.01988217967599404,20250107,20250114
20250107,600030.SH,0.014455151964418045,20250108,20250115
20250108,600030.SH,0.013387876534027399,20250109,20250116
20250109,600030.SH,0.03212396069538914,20250110,20250117
20250110,600030.SH,0.03357223689173883,20250113,20250120
20250113,600030.SH,-0.010108303249097506,20250114,20250121
20250114,600030.SH,-0.005115089514066473,20250115,20250122
20250115,600030.SH,0.007339449541284404,20250116,20250123
20250116,600030.SH,0.008421823507872572,20250117,20250124
20250117,600030.SH,-0.017153284671532876,20250120,20250127
20250120,600030.SH,-0.017140773158278666,20250121,20250205
20250121,600030.SH,0.005141388174807249,20250122,20250206
20250122,600030.SH,0.02513661202185813,20250123,20250207
20250123,600030.SH,0.022149600580972928,20250124,20250210
20250124,600030.SH,0.038618640920905944,20250127,20250211
20250127,600030.SH,0.048979591836734615,20250205,20250212
20250205,600030.SH,0.027402265253927638,20250206,20250213
20250206,600030.SH,0.003553660270078085,20250207,20250214
20250207,600030.SH,0.00497335701598578,20250210,20250217
20250210,600030.SH,-0.015373614587057438,20250211,20250218
20250211,600030.SH,-0.009904492394764763,20250212,20250219
20250212,600030.SH,-0.008179231863442493,20250213,20250220
20250213,600030.SH,0.007790368271954673,20250214,20250221
20250214,600030.SH,0.0021208907741252503,20250217,20250224
20250217,600030.SH,0.010530137981118237,20250218,20250225
20250218,600030.SH,0.01643444087173984,20250219,20250226
20250219,600030.SH,0.012549300824668208,20250220,20250227
20250220,600030.SH,-0.0397048489107521,20250221,20250228
20250221,600030.SH,-0.03492063492063491,20250224,20250303
20250224,600030.SH,-0.01688825008983097,20250225,20250304
20250225,600030.SH,-0.03901581722319847,20250226,20250305
20250226,600030.SH,-0.008498583569405027,20250227,20250306
20250227,600030.SH,0.009147457006952076,20250228,20250307
20250228,600030.SH,-0.004385964912280715,20250303,20250310
20250303,600030.SH,-0.002192982456140302,20250304,20250311
20250304,600030.SH,-0.001463057790782707,20250305,20250312
20250305,600030.SH,-0.03214285714285725,20250306,20250313
20250306,600030.SH,0.017766497461928932,20250307,20250314
20250307,600030.SH,0.022760646108663796,20250310,20250317
20250310,600030.SH,0.023809523809523725,20250311,20250318
20250311,600030.SH,0.023076923076922995,20250312,20250319
20250312,600030.SH,0.021402214022140376,20250313,20250320
20250313,600030.SH,-0.034912718204488824,20250314,20250321
20250314,600030.SH,-0.02404881550610194,20250317,20250324
20250317,600030.SH,-0.03327370304114485,20250318,20250325
20250318,600030.SH,-0.0340136054421768,20250319,20250326
20250319,600030.SH,-0.02817919075144515,20250320,20250327
20250320,600030.SH,-0.010705057216685132,20250321,20250328
20250321,600030.SH,-0.02464141228392791,20250324,20250331
20250324,600030.SH,-0.021465581051073324,20250325,20250401
20250325,600030.SH,-0.01630837657524098,20250326,20250402
20250326,600030.SH,-0.017100371747211907,20250327,20250403
20250327,600030.SH,-0.10373134328358213,20250328,20250407
20250328,600030.SH,-0.07616892911010564,20250331,20250408
20250331,600030.SH,-0.05862329803328281,20250401,20250409
20250401,600030.SH,-0.05275056518462706,20250402,20250410
20250402,600030.SH,-0.04084720121028751,20250403,20250411
20250403,600030.SH,0.05037468776020004,20250407,20250414
20250407,600030.SH,0.024897959183673546,20250408,20250415
20250408,600030.SH,0.010445962233828654,20250409,20250416
20250409,600030.SH,0.0011933174224345588,20250410,20250417
20250410,600030.SH,-0.008280757097791747,20250411,20250418
20250411,600030.SH,0.0,20250414,20250421
20250414,600030.SH,-0.0011947431302271605,20250415,20250422
20250415,600030.SH,-0.0007952286282305598,20250416,20250423
20250416,600030.SH,-0.006754072308303716,20250417,20250424
20250417,600030.SH,0.001988071570576455,20250418,20250425
20250418,600030.SH,-0.003963535473642588,20250421,20250428
20250421,600030.SH,-0.002791068580542011,20250422,20250429
20250422,600030.SH,-0.0019896538002388553,20250423,20250430
20250423,600030.SH,0.020400000000000196,20250424,20250506
20250424,600030.SH,0.018650793650793807,20250425,20250507
20250425,600030.SH,0.02904894548348569,20250428,20250508
20250428,600030.SH,0.021591363454618095,20250429,20250509
20250429,600030.SH,0.04864433811802238,20250430,20250512
20250430,600030.SH,0.02273618188945492,20250506,20250513
20250506,600030.SH,0.05453837164004671,20250507,20250514
20250507,600030.SH,0.02784222737819042,20250508,20250515
20250508,600030.SH,0.025831702544031332,20250509,20250516
20250509,600030.SH,-0.00722433460076044,20250512,20250519
20250512,600030.SH,0.0,20250513,20250520
20250513,600030.SH,-0.03804950129294438,20250514,20250521
20250514,600030.SH,-0.022197140707298835,20250515,20250522
20250515,600030.SH,-0.020602823349866406,20250516,20250523
20250516,600030.SH,-0.018766756032171594,20250519,20250526
20250519,600030.SH,-0.022230739747029382,20250520,20250527
20250520,600030.SH,-0.023809523809523725,20250521,20250528
20250521,600030.SH,-0.011158137745286734,20250522,20250529
20250522,600030.SH,-0.005843396961433767,20250523,20250530
20250523,600030.SH,-0.0011709601873536313,20250526,20250603
20250526,600030.SH,0.014896119168953392,20250527,20250604
20250527,600030.SH,0.029897718332021928,20250528,20250605
20250528,600030.SH,0.010894941634241206,20250529,20250606
20250529,600030.SH,0.03565830721003138,20250530,20250609
20250530,600030.SH,0.014067995310668158,20250603,20250610
20250603,600030.SH,0.018926226342216967,20250604,20250611
20250604,600030.SH,0.009931245225363039,20250605,20250612
20250605,600030.SH,0.012317167051578037,20250606,20250613
20250606,600030.SH,0.009458948164964065,20250609,20250616
20250609,600030.SH,0.028901734104046284,20250610,20250617
20250610,600030.SH,0.0,20250611,20250618
20250611,600030.SH,-0.020045385779122515,20250612,20250619
20250612,600030.SH,-0.0159695817490495,20250613,20250620
20250613,600030.SH,-0.016866566716641773,20250616,20250623
20250616,600030.SH,0.00786516853932584,20250617,20250624
20250617,600030.SH,0.06254738438210761,20250618,20250625
20250618,600030.SH,0.06406792744114242,20250619,20250626
20250619,600030.SH,0.06568778979907286,20250620,20250627
20250620,600030.SH,0.05299275638581791,20250623,20250630
20250623,600030.SH,0.01783723522853964,20250624,20250701
20250624,600030.SH,-0.026757046022119257,20250625,20250702
20250625,600030.SH,0.0036271309394269036,20250626,20250703
20250626,600030.SH,0.0029006526468455807,20250627,20250704
20250627,600030.SH,0.006154960173786916,20250630,20250707
20250630,600030.SH,0.02300109529025196,20250701,20250708
20250701,600030.SH,0.019428152492668493,20250702,20250709
20250702,600030.SH,0.02023852547885796,20250703,20250710
20250703,600030.SH,0.03615328994938527,20250704,20250711
20250704,600030.SH,0.022310183519251625,20250707,20250714
20250707,600030.SH,0.007851534618129818,20250708,20250715
20250708,600030.SH,0.009708737864077666,20250709,20250716
20250709,600030.SH,0.000708466170740385,20250710,20250717
20250710,600030.SH,-0.011165387299371998,20250711,20250718
20250711,600030.SH,0.017247448081661343,20250714,20250721
20250714,600030.SH,0.024433427762039717,20250715,20250722
20250715,600030.SH,0.06054131054131062,20250716,20250723
20250716,600030.SH,0.06336283185840719,20250717,20250724
20250717,600030.SH,0.04798870853916726,20250718,20250725
20250718,600030.SH,0.03667820069204164,20250721,20250728
20250721,600030.SH,0.035257518147251865,20250722,20250729
20250722,600030.SH,0.0,20250723,20250730
20250723,600030.SH,-0.03395472703062585,20250724,20250731
20250724,600030.SH,-0.03198653198653201,20250725,20250801
20250725,600030.SH,-0.035046728971962704,20250728,20250804
20250728,600030.SH,-0.02570951585976622,20250729,20250805
20250729,600030.SH,-0.02081934184016121,20250730,20250806
20250730,600030.SH,0.003101309441764233,20250731,20250807
20250731,600030.SH,0.004521739130434854,20250801,20250808
20250801,600030.SH,0.016257350397786308,20250804,20250811
20250804,600030.SH,0.010281014393420218,20250805,20250812
20250805,600030.SH,0.01577503429355276,20250806,20250813
20250806,600030.SH,0.018550326348333757,20250807,20250814
20250807,600030.SH,0.07686980609418281,20250808,20250815
20250808,600030.SH,0.07896528250510548,20250811,20250818
20250811,600030.SH,0.052238805970149294,20250812,20250819
20250812,600030.SH,0.05165428764348401,20250813,20250820
20250813,600030.SH,0.04148397976391238,20250814,20250821
20250814,600030.SH,0.03536977491961424,20250815,20250822
20250815,600030.SH,0.022774126473778633,20250818,20250825
20250818,600030.SH,0.03023547964523665,20250819,20250826
20250819,600030.SH,0.00035231167291605026,20250820,20250827
20250820,600030.SH,0.029026087283282598,20250821,20250828
20250821,600030.SH,-0.013784157437948918,20250822,20250829
20250822,600030.SH,-0.03018046048537637,20250825,20250901
20250825,600030.SH,-0.02840909090909094,20250826,20250902
20250826,600030.SH,-0.03561022984784723,20250827,20250903
20250827,600030.SH,-0.061587301587301635,20250828,20250904
20250828,600030.SH,-0.052414231257941646,20250829,20250905
20250829,600030.SH,-0.055181264035932154,20250901,20250908
20250901,600030.SH,-0.040935672514619936,20250902,20250909
20250902,600030.SH,-0.010406176569318526,20250903,20250910
20250903,600030.SH,0.02604871447902557,20250904,20250911
20250904,600030.SH,-0.0016761649346295204,20250905,20250912
20250905,600030.SH,0.004753820033955858,20250908,20250915
20250908,600030.SH,-0.008130081300812941,20250909,20250916
20250909,600030.SH,-0.01662143826322937,20250910,20250917
20250910,600030.SH,-0.06528189910979221,20250911,20250918
20250911,600030.SH,-0.04936198791135005,20250912,20250919
20250912,600030.SH,-0.02737411287597158,20250915,20250922
20250915,600030.SH,-0.026639344262295195,20250916,20250923
20250916,600030.SH,-0.01034839599862003,20250917,20250924
20250917,600030.SH,0.012698412698412875,20250918,20250925
20250918,600030.SH,0.014482515012363084,20250919,20250926
20250919,600030.SH,0.05663655316191796,20250922,20250929
20250922,600030.SH,0.04912280701754379,20250923,20250930
20250923,600030.SH,0.03346113628441949,20250924,20251009
20250924,600030.SH,0.03378613723441304,20250925,20251010
20250925,600030.SH,0.016713091922005763,20250926,20251013
20250926,600030.SH,-0.04537980927326535,20250929,20251014
20250929,600030.SH,-0.007023411371237409,20250930,20251015
20250930,600030.SH,0.0,20251009,20251016
20251009,600030.SH,-0.01987870619946086,20251010,20251017
20251010,600030.SH,0.001027397260273899,20251013,20251020
20251013,600030.SH,0.011367550809507465,20251014,20251021
20251014,600030.SH,-0.016840687100033613,20251015,20251022
20251015,600030.SH,-0.0043844856661046094,20251016,20251023
20251016,600030.SH,0.026813337916810065,20251017,20251024
20251017,600030.SH,0.0260006842285323,20251020,20251027
20251020,600030.SH,0.02179836512261568,20251021,20251028
20251021,600030.SH,0.038026721479959,20251022,20251029
20251022,600030.SH,0.005420054200542035,20251023,20251030
20251023,600030.SH,-0.01640441914964852,20251024,20251031
20251024,600030.SH,-0.025675225075024954,20251027,20251103
20251027,600030.SH,-0.03066666666666662,20251028,20251104
20251028,600030.SH,-0.040924092409241,20251029,20251105
20251029,600030.SH,-0.01650943396226412,20251030,20251106
20251030,600030.SH,-0.01293396868618113,20251031,20251107
20251031,600030.SH,0.002737850787132068,20251103,20251110
20251103,600030.SH,-0.0006877579092159358,20251104,20251111
20251104,600030.SH,-0.005505849965588561,20251105,20251112
20251105,600030.SH,-0.0037684138403563106,20251106,20251113
20251106,600030.SH,-0.012413793103448256,20251107,20251114
20251107,600030.SH,-0.03447098976109231,20251110,20251117
20251110,600030.SH,-0.02890571231933936,20251111,20251118
20251111,600030.SH,-0.02076124567474036,20251112,20251119
20251112,600030.SH,-0.026822558459422274,20251113,20251120
20251113,600030.SH,-0.046787709497206675,20251114,20251121
20251114,600030.SH,-0.03181336161187687,20251117,20251124
20251117,600030.SH,-0.02657689581856837,20251118,20251125
20251118,600030.SH,-0.024734982332155542,20251119,20251126
20251119,600030.SH,-0.02544169611307434,20251120,20251127
20251120,600030.SH,0.010622710622710585,20251121,20251128
20251121,600030.SH,0.010222709017889686,20251124,20251201
20251124,600030.SH,-0.0036403349108117267,20251125,20251202
20251125,600030.SH,-0.01630434782608714,20251126,20251203
20251126,600030.SH,-0.01377810007251623,20251127,20251204
20251127,600030.SH,0.009786154403769398,20251128,20251205
20251128,600030.SH,0.03722443079147064,20251201,20251208
20251201,600030.SH,0.04238217025940805,20251202,20251209
20251202,600030.SH,0.050460405156537824,20251203,20251210
20251203,600030.SH,0.040073529411764675,20251204,20251211
20251204,600030.SH,0.019741564967695524,20251205,20251212
20251205,600030.SH,-0.00522648083623678,20251208,20251215
20251208,600030.SH,-0.001752541184717904,20251209,20251216
20251209,600030.SH,0.01577840112201967,20251210,20251217
20251210,600030.SH,0.008483563096500779,20251211,20251218
20251211,600030.SH,0.009503695881731833,20251212,20251219
20251212,600030.SH,0.003502626970227629,20251215,20251222
20251215,600030.SH,0.005266853932584192,20251216,20251223
20251216,600030.SH,-0.00793924749741115,20251217,20251224
20251217,600030.SH,0.015071854188573264,20251218,20251225
20251218,600030.SH,0.014644351464435212,20251219,20251226
20251219,600030.SH,0.010122164048865567,20251222,20251229
20251222,600030.SH,0.006985679357317531,20251223,20251230
20251223,600030.SH,-0.0010438413361166798,20251224,20251231
20251224,600030.SH,0.012776243093922668,20251225,20260105
20251225,600030.SH,0.03745704467353961,20251226,20260106
20251226,600030.SH,0.01935038009675183,20251229,20260107
20251229,600030.SH,-0.010058966354491883,20251230,20260108
20251230,600030.SH,-0.004876349703935912,20251231,20260109
20251231,600030.SH,-0.018752130923968546,20260105,20260112
20260105,600030.SH,-0.054322623385226865,20260106,20260113
20260106,600030.SH,-0.04305084745762722,20260107,20260114
20260107,600030.SH,-0.009110021023125303,20260108,20260115
20260108,600030.SH,-0.017150857542877262,20260109,20260116
20260109,600030.SH,-0.030229325920778316,20260112,20260119
20260112,600030.SH,-0.01751313485113848,20260113,20260120
20260113,600030.SH,-0.010272759475734916,20260114,20260121
20260114,600030.SH,-0.012729844413012836,20260115,20260122
20260115,600030.SH,-0.011039886039886038,20260116,20260123
20260116,600030.SH,0.005732712289501896,20260119,20260126
20260119,600030.SH,-0.006773618538324366,20260120,20260127
20260120,600030.SH,0.0,20260121,20260128
20260121,600030.SH,0.022922636103151817,20260122,20260129
20260122,600030.SH,0.011163125675188956,20260123,20260130
20260123,600030.SH,-0.007481296758104716,20260126,20260202
20260126,600030.SH,0.003948312993538927,20260127,20260203
20260127,600030.SH,0.015748031496062742,20260128,20260204
20260128,600030.SH,-0.00945378151260512,20260129,20260205
20260129,600030.SH,0.002849002849002913,20260130,20260206
20260130,600030.SH,0.017658986246658515,20260202,20260209
20260202,600030.SH,0.014740490630308578,20260203,20260210
20260203,600030.SH,-0.0016993923150097068,20260204,20260211
20260204,600030.SH,-0.004595181870660214,20260205,20260212
20260205,600030.SH,-0.008970137758150587,20260206,20260213
20260206,600030.SH,-0.01140413399857454,20260209,20260225
20260209,600030.SH,-0.02527589889640447,20260210,20260226
20260210,600030.SH,-0.023894436519258044,20260211,20260227
20260211,600030.SH,-0.028704700394689642,20260212,20260302
20260212,600030.SH,-0.029688631426502576,20260213,20260303
20260213,600030.SH,-0.05767844268204758,20260225,20260304
20260225,600030.SH,-0.034696859021183246,20260226,20260306
20260226,600030.SH,-0.05443916697113649,20260227,20260309
20260227,600030.SH,-0.03472478758773556,20260302,20260310
20260302,600030.SH,-0.026119402985074647,20260303,20260311
20260303,600030.SH,-0.008033664881407665,20260304,20260312
20260304,600030.SH,-0.025728339008702306,20260306,20260313
20260306,600030.SH,-0.01468315301391021,20260309,20260316
20260309,600030.SH,-0.008419441255262061,20260310,20260317
20260310,600030.SH,-0.004980842911877503,20260311,20260318
20260311,600030.SH,-0.01234091785576552,20260312,20260319
20260312,600030.SH,-0.01747572815533982,20260313,20260320
20260313,600030.SH,-0.047451052075897504,20260316,20260323
20260316,600030.SH,-0.059822462369741425,20260317,20260324
20260317,600030.SH,-0.05044281863688871,20260318,20260325
20260318,600030.SH,-0.05778992581023046,20260319,20260326
20260319,600030.SH,-0.041106719367588807,20260320,20260327
20260320,600030.SH,-0.007822074366523712,20260323,20260330
20260323,600030.SH,-0.013136288998357948,20260324,20260331
20260324,600030.SH,-0.006082725060827188,20260325,20260401
20260325,600030.SH,0.0,20260326,20260402
20260326,600030.SH,-0.011541632316570571,20260327,20260403
20260327,600030.SH,-0.007468879668049766,20260330,20260407
20260330,600030.SH,0.027454242928452555,20260331,20260408
20260331,600030.SH,-0.014687882496940086,20260401,20260409
20260401,600030.SH,0.07335267302113535,20260402,20260410
20260402,600030.SH,0.08798999165971644,20260403,20260413
20260403,600030.SH,0.09489966555183948,20260407,20260414
20260407,600030.SH,0.05303643724696361,20260408,20260415
20260408,600030.SH,0.08944099378881987,20260409,20260416
20260409,600030.SH,0.013899613899614138,20260410,20260417
20260410,600030.SH,0.00804906094289004,20260413,20260420
20260413,600030.SH,0.00420007636502473,20260414,20260421
20260414,600030.SH,0.026912725874663534,20260415,20260422
20260415,600030.SH,0.00646142151273299,20260416,20260423
20260416,600030.SH,-0.0011424219345013142,20260417,20260424
20260417,600030.SH,0.017870722433459996,20260420,20260427
20260420,600030.SH,0.03802281368821281,20260421,20260428
20260421,600030.SH,0.02283788843129897,20260422,20260429
20260422,600030.SH,0.02794561933534756,20260423,20260430
20260423,600030.SH,0.04803659931376281,20260424,20260506
20260424,600030.SH,0.017183414269704933,20260427,20260507
20260427,600030.SH,-0.012820512820512886,20260428,20260508
20260428,600030.SH,0.00036603221083453263,20260429,20260511
20260429,600030.SH,0.0,20260430,20260512
20260430,600030.SH,-0.012368133866860753,20260506,20260513
20260506,600030.SH,-0.02093279471171494,20260507,20260514
20260507,600030.SH,-0.02226345083487935,20260508,20260515
20260508,600030.SH,-0.04281009879253572,20260511,20260518
20260511,600030.SH,-0.03490080822924335,20260512,20260519
20260512,600030.SH,-0.03941068139963155,20260513,20260520
20260513,600030.SH,-0.01650412603150797,20260514,20260521
20260514,600030.SH,-0.018216318785578722,20260515,20260522
20260515,600030.SH,0.0011467889908258755,20260518,20260525
20260518,600030.SH,-0.0022839741149598414,20260519,20260526
20260519,600030.SH,-0.011886503067484733,20260520,20260527
20260520,600030.SH,-0.03318077803203656,20260521,20260528
20260521,600030.SH,0.006957866254348577,20260522,20260529
20260522,600030.SH,-0.01985490645284471,20260525,20260601
20260525,600030.SH,-0.02403662724151112,20260526,20260602
20260526,600030.SH,-0.006596818005432548,20260527,20260603
20260527,600030.SH,0.009467455621301912,20260528,20260604
20260528,600030.SH,-0.014587332053742852,20260529,20260605
20260529,600030.SH,-0.009349435138293782,20260601,20260608
20260601,600030.SH,-0.0023455824863174435,20260602,20260609
20260602,600030.SH,0.01870955952611153,20260603,20260610
20260603,600030.SH,0.01315027716260131,20260604,20260611
20260604,600030.SH,0.04087460363201756,20260605,20260612
20260605,600030.SH,0.07347848108880606,20260608,20260615
20260608,600030.SH,0.08522435405210804,20260609,20260616
20260609,600030.SH,0.06664068589243977,20260610,20260617
20260610,600030.SH,0.041160329282634134,20260611,20260618
20260611,600030.SH,0.08938759984785105,20260612,20260622
20260612,600030.SH,0.054355919583023216,20260615,20260623
20260615,600030.SH,0.023486238532110182,20260616,20260624
20260616,600030.SH,0.05882352941176472,20260617,20260625
20260617,600030.SH,0.04442771084337349,20260618,20260626
20260618,600030.SH,-0.005237430167597812,20260622,20260629
20260622,600030.SH,0.014477401129943557,20260623,20260630
20260623,600030.SH,0.05665112943707418,20260624,20260701
20260624,600030.SH,-0.012422360248447117,20260625,20260702
20260625,600030.SH,0.04361932227829857,20260626,20260703
20260626,600030.SH,0.025974025974025983,20260629,20260706
20260629,600030.SH,-0.009745910198398877,20260630,20260707
20260630,600030.SH,-0.04988123515439424,20260701,20260708
20260701,600030.SH,0.002096436058700135,20260702,20260709
20260702,600030.SH,-0.01899827288428324,20260703,20260710
20260703,600030.SH,-0.03797468354430378,20260706,20260713
20260706,600030.SH,-0.01581722319859391,20260707,20260714
20260707,600030.SH,0.021428571428571352,20260708,20260715
20260708,600030.SH,-0.02022315202231506,20260709,20260716
20260709,600030.SH,-0.028169014084506894,20260710,20260717
20260710,600030.SH,0.005689900426742556,20260713,20260720
20260713,600030.SH,0.012142857142857233,20260714,20260721
20260714,600030.SH,-0.010489510489510523,20260715,20260722
20260715,600030.SH,0.0185053380782918,20260716,20260723
20260716,600030.SH,0.0126811594202898,20260717,20260724
20240102,600900.SH,-0.017676767676767735,20240103,20240110
20240103,600900.SH,-0.026050420168067245,20240104,20240111
20240104,600900.SH,-0.00884582982308324,20240105,20240112
20240105,600900.SH,-0.00423728813559332,20240108,20240115
20240108,600900.SH,0.0004248088360239155,20240109,20240116
20240109,600900.SH,-0.0008568980291345785,20240110,20240117
20240110,600900.SH,0.006039689387402847,20240111,20240118
20240111,600900.SH,-0.0012749681257968604,20240112,20240119
20240112,600900.SH,-0.011489361702127665,20240115,20240122
20240115,600900.SH,-0.01273885350318471,20240116,20240123
20240116,600900.SH,0.02272727272727293,20240117,20240124
20240117,600900.SH,0.026586620926243754,20240118,20240125
20240118,600900.SH,0.02680851063829781,20240119,20240126
20240119,600900.SH,0.0447696943607403,20240122,20240129
20240122,600900.SH,0.03655913978494629,20240123,20240130
20240123,600900.SH,0.023060796645702153,20240124,20240131
20240124,600900.SH,0.008771929824561209,20240125,20240201
20240125,600900.SH,0.006216328222130141,20240126,20240202
20240126,600900.SH,0.020189534404614795,20240129,20240205
20240129,600900.SH,0.025726141078838083,20240130,20240206
20240130,600900.SH,0.012295081967213184,20240131,20240207
20240131,600900.SH,0.020289855072463947,20240201,20240208
20240201,600900.SH,0.03789126853377267,20240202,20240219
20240202,600900.SH,0.03150242326332786,20240205,20240220
20240205,600900.SH,0.027103559870550242,20240206,20240221
20240206,600900.SH,0.0344129554655872,20240207,20240222
20240207,600900.SH,0.042613636363636465,20240208,20240223
20240208,600900.SH,-0.009920634920634885,20240219,20240226
20240219,600900.SH,-0.023884103367267095,20240220,20240227
20240220,600900.SH,-0.0035447026388341074,20240221,20240228
20240221,600900.SH,-0.019569471624266144,20240222,20240229
20240222,600900.SH,-0.02685869988322309,20240223,20240301
20240223,600900.SH,0.02004008016032066,20240226,20240304
20240226,600900.SH,0.04051343762535109,20240227,20240305
20240227,600900.SH,0.02213438735177853,20240228,20240306
20240228,600900.SH,0.0339321357285427,20240229,20240307
20240229,600900.SH,0.033199999999999896,20240301,20240308
20240301,600900.SH,0.012180746561886169,20240304,20240311
20240304,600900.SH,-0.04279105628373181,20240305,20240312
20240305,600900.SH,-0.0375096674400619,20240306,20240313
20240306,600900.SH,-0.04671814671814656,20240307,20240314
20240307,600900.SH,-0.043360433604335835,20240308,20240315
20240308,600900.SH,-0.04231366459627328,20240311,20240318
20240311,600900.SH,-0.004430124848973094,20240312,20240319
20240312,600900.SH,0.004419445560466029,20240313,20240320
20240313,600900.SH,0.010125556905629773,20240314,20240321
20240314,600900.SH,0.01214083367057861,20240315,20240322
20240315,600900.SH,0.012565869477097591,20240318,20240325
20240318,600900.SH,0.004854368932038833,20240319,20240326
20240319,600900.SH,-0.006800000000000139,20240320,20240327
20240320,600900.SH,-0.0036086607858861752,20240321,20240328
20240321,600900.SH,-0.003198720511795372,20240322,20240329
20240322,600900.SH,-0.010008006405124115,20240325,20240401
20240325,600900.SH,-0.00805152979066015,20240326,20240402
20240326,600900.SH,-0.015706806282722363,20240327,20240403
20240327,600900.SH,0.020523138832997834,20240328,20240408
20240328,600900.SH,0.00882470918571987,20240329,20240409
20240329,600900.SH,0.036393044884755144,20240401,20240410
20240401,600900.SH,0.03936688311688297,20240402,20240411
20240402,600900.SH,0.0400981996726677,20240403,20240412
20240403,600900.SH,0.020899053627760455,20240408,20240415
20240408,600900.SH,0.031013916500993943,20240409,20240416
20240409,600900.SH,0.013655872024970872,20240410,20240417
20240410,600900.SH,0.01327606403748538,20240411,20240418
20240411,600900.SH,0.02281667977970092,20240412,20240419
20240412,600900.SH,-0.0011587485515642815,20240415,20240422
20240415,600900.SH,-0.006170458927882705,20240416,20240423
20240416,600900.SH,-0.008083140877598094,20240417,20240424
20240417,600900.SH,-0.010404624277456587,20240418,20240425
20240418,600900.SH,-0.016538461538461502,20240419,20240426
20240419,600900.SH,-0.014694508894044889,20240422,20240429
20240422,600900.SH,0.0007760962359333323,20240423,20240430
20240423,600900.SH,-0.011641443538998875,20240424,20240506
20240424,600900.SH,-0.012850467289719503,20240425,20240507
20240425,600900.SH,-0.010168165819319674,20240426,20240508
20240426,600900.SH,-0.004709576138147598,20240429,20240509
20240429,600900.SH,-0.01202016285381935,20240430,20240510
20240430,600900.SH,0.005889281507656108,20240506,20240513
20240506,600900.SH,0.009072978303747314,20240507,20240514
20240507,600900.SH,0.006716712761754229,20240508,20240515
20240508,600900.SH,0.0023659305993692925,20240509,20240516
20240509,600900.SH,0.011773940345368938,20240510,20240517
20240510,600900.SH,0.014441842310694675,20240513,20240520
20240513,600900.SH,0.020328381548084584,20240514,20240521
20240514,600900.SH,0.019623233908948157,20240515,20240522
20240515,600900.SH,0.02871754523996839,20240516,20240523
20240516,600900.SH,0.020170674941815347,20240517,20240524
20240517,600900.SH,0.02000769526741064,20240520,20240527
20240520,600900.SH,0.023371647509578652,20240521,20240528
20240521,600900.SH,0.02732871439568907,20240522,20240529
20240522,600900.SH,0.021032504780114758,20240523,20240530
20240523,600900.SH,0.011787072243345964,20240524,20240531
20240524,600900.SH,0.03470388532629176,20240527,20240603
20240527,600900.SH,0.028828154249344706,20240528,20240604
20240528,600900.SH,0.04758336455601353,20240529,20240605
20240529,600900.SH,0.04981273408239706,20240530,20240606
20240530,600900.SH,0.06388575723412249,20240531,20240607
20240531,600900.SH,0.02734232592052499,20240603,20240611
20240603,600900.SH,0.03275109170305668,20240604,20240612
20240604,600900.SH,0.026466380543633594,20240605,20240613
20240605,600900.SH,-0.004637887977167576,20240606,20240614
20240606,600900.SH,-0.014835747085835349,20240607,20240617
20240607,600900.SH,-0.01348474095102914,20240611,20240618
20240611,600900.SH,-0.011980267794221344,20240612,20240619
20240612,600900.SH,-0.012543554006968716,20240613,20240620
20240613,600900.SH,0.015412186379928361,20240614,20240621
20240614,600900.SH,0.03585514521333821,20240617,20240624
20240617,600900.SH,0.030575539568345356,20240618,20240625
20240618,600900.SH,0.021754636233951574,20240619,20240626
20240619,600900.SH,0.016937191249117856,20240620,20240627
20240620,600900.SH,0.02082597952700338,20240621,20240628
20240621,600900.SH,0.020422291450328922,20240624,20240701
20240624,600900.SH,0.02897033158813267,20240625,20240702
20240625,600900.SH,0.022687609075043635,20240626,20240703
20240626,600900.SH,0.019777931991672437,20240627,20240704
20240627,600900.SH,0.013831258644536604,20240628,20240705
20240628,600900.SH,0.01492537313432818,20240701,20240708
20240701,600900.SH,0.0281546811397555,20240702,20240709
20240702,600900.SH,0.027303754266211788,20240703,20240710
20240703,600900.SH,0.027220142905750144,20240704,20240711
20240704,600900.SH,0.019099590723056004,20240705,20240712
20240705,600900.SH,0.017045454545454586,20240708,20240715
20240708,600900.SH,0.01616628175519641,20240709,20240716
20240709,600900.SH,0.02325581395348819,20240710,20240717
20240710,600900.SH,0.038754554488241055,20240711,20240718
20240711,600900.SH,0.05090678644884039,20240712,20240719
20240712,600900.SH,0.025163478036518194,20240715,20240722
20240715,600900.SH,0.022516602051603662,20240716,20240723
20240716,600900.SH,0.034852146321544764,20240717,20240724
20240717,600900.SH,0.009496411260888848,20240718,20240725
20240718,600900.SH,-0.014061478090255042,20240719,20240726
20240719,600900.SH,-0.005924950625411429,20240722,20240729
20240722,600900.SH,-0.018258884903814887,20240723,20240730
20240723,600900.SH,-0.03801546391752575,20240724,20240731
20240724,600900.SH,-0.02302951670450859,20240725,20240801
20240725,600900.SH,0.0029850746268658135,20240726,20240802
20240726,600900.SH,-0.009933774834437137,20240729,20240805
20240729,600900.SH,-0.02158751245433399,20240730,20240806
20240730,600900.SH,-0.003683858004018714,20240731,20240807
20240731,600900.SH,-0.011288180610889764,20240801,20240808
20240801,600900.SH,-0.02314814814814814,20240802,20240809
20240802,600900.SH,-0.024080267558528323,20240805,20240812
20240805,600900.SH,-0.006788866259334725,20240806,20240813
20240806,600900.SH,-0.006722689075630339,20240807,20240814
20240807,600900.SH,0.000671591672263272,20240808,20240815
20240808,600900.SH,0.0027081922816520887,20240809,20240816
20240809,600900.SH,0.018848526387936992,20240812,20240819
20240812,600900.SH,0.01332877648667119,20240813,20240820
20240813,600900.SH,0.006768189509306355,20240814,20240821
20240814,600900.SH,0.014765100671140896,20240815,20240822
20240815,600900.SH,0.00979068197164068,20240816,20240823
20240816,600900.SH,0.003027245206861595,20240819,20240826
20240819,600900.SH,0.005059021922428464,20240820,20240827
20240820,600900.SH,0.0023529411764704466,20240821,20240828
20240821,600900.SH,-0.029100529100529182,20240822,20240829
20240822,600900.SH,-0.017719826145102036,20240823,20240830
20240823,600900.SH,-0.0036887994634473564,20240826,20240902
20240826,600900.SH,-0.023154362416107355,20240827,20240903
20240827,600900.SH,-0.0224681421864521,20240828,20240904
20240828,600900.SH,-0.008174386920980825,20240829,20240905
20240829,600900.SH,-0.00953029271613337,20240830,20240906
20240830,600900.SH,-0.012117132278693932,20240902,20240909
20240902,600900.SH,0.0013740982480245911,20240903,20240910
20240903,600900.SH,-0.046312178387650005,20240904,20240911
20240904,600900.SH,-0.04326923076923084,20240905,20240912
20240905,600900.SH,-0.027491408934707917,20240906,20240913
20240906,600900.SH,-0.03509369676320284,20240909,20240918
20240909,600900.SH,-0.028130360205831817,20240910,20240919
20240910,600900.SH,0.012589928057553879,20240911,20240920
20240911,600900.SH,0.012203876525484603,20240912,20240923
20240912,600900.SH,0.016254416961130724,20240913,20240924
20240913,600900.SH,0.02153954802259883,20240918,20240925
20240918,600900.SH,0.028238616307801,20240919,20240926
20240919,600900.SH,0.02984014209591468,20240920,20240927
20240920,600900.SH,0.06560283687943258,20240923,20240930
20240923,600900.SH,0.01599443671766343,20240924,20241008
20240924,600900.SH,-0.013135153819564427,20240925,20241009
20240925,600900.SH,0.001716443529007794,20240926,20241010
20240926,600900.SH,0.0075888237323216146,20240927,20241011
20240927,600900.SH,-0.02329450915141429,20240930,20241014
20240930,600900.SH,-0.01163586584531151,20241008,20241015
20241008,600900.SH,0.005604203152364429,20241009,20241016
20241009,600900.SH,-0.030157642220699055,20241010,20241017
20241010,600900.SH,-0.026703183841150335,20241011,20241018
20241011,600900.SH,-0.04735945485519599,20241014,20241021
20241014,600900.SH,-0.027700831024930705,20241015,20241022
20241015,600900.SH,-0.022640195053988288,20241016,20241023
20241016,600900.SH,-0.010600706713780994,20241017,20241024
20241017,600900.SH,-0.031304959549771416,20241018,20241025
20241018,600900.SH,-0.015021459227467782,20241021,20241028
20241021,600900.SH,-0.013176638176638056,20241022,20241029
20241022,600900.SH,-0.012473271560940802,20241023,20241030
20241023,600900.SH,-0.015000000000000013,20241024,20241031
20241024,600900.SH,0.015976761074800505,20241025,20241101
20241025,600900.SH,0.013071895424836555,20241028,20241104
20241028,600900.SH,0.005413208228076449,20241029,20241105
20241029,600900.SH,-0.007578491519307118,20241030,20241106
20241030,600900.SH,0.00906453952139219,20241031,20241107
20241031,600900.SH,-0.012866333095067906,20241101,20241108
20241101,600900.SH,-0.01505376344086018,20241104,20241111
20241104,600900.SH,-0.03194544149318024,20241105,20241112
20241105,600900.SH,-0.0040000000000000036,20241106,20241113
20241106,600900.SH,-0.01473230326985242,20241107,20241114
20241107,600900.SH,-0.018826937002172417,20241108,20241115
20241108,600900.SH,-0.0021834061135369565,20241111,20241118
20241111,600900.SH,0.014831294030404285,20241112,20241119
20241112,600900.SH,0.008397225264695107,20241113,20241120
20241113,600900.SH,0.009117432530999281,20241114,20241121
20241114,600900.SH,0.005904059040590548,20241115,20241122
20241115,600900.SH,-0.010576221735959401,20241118,20241125
20241118,600900.SH,-0.01351845085860437,20241119,20241126
20241119,600900.SH,-0.008327299058653148,20241120,20241127
20241120,600900.SH,-0.008673653776653523,20241121,20241128
20241121,600900.SH,0.002201027146001344,20241122,20241129
20241122,600900.SH,0.017692591227423726,20241125,20241202
20241125,600900.SH,0.03518518518518521,20241126,20241203
20241126,600900.SH,0.03870025556772538,20241127,20241204
20241127,600900.SH,0.03171709806780898,20241128,20241205
20241128,600900.SH,0.03147877013177158,20241129,20241206
20241129,600900.SH,0.028975009054690304,20241202,20241209
20241202,600900.SH,0.002504472271914082,20241203,20241210
20241203,600900.SH,-0.0098418277680139,20241204,20241211
20241204,600900.SH,0.0035335689045934426,20241205,20241212
20241205,600900.SH,0.019162526614620257,20241206,20241213
20241206,600900.SH,0.03062302006335793,20241209,20241216
20241209,600900.SH,0.04461099214846542,20241210,20241217
20241210,600900.SH,0.044373446929357296,20241211,20241218
20241211,600900.SH,0.03028169014084514,20241212,20241219
20241212,600900.SH,0.01671309192200554,20241213,20241220
20241213,600900.SH,0.00990437158469959,20241216,20241223
20241216,600900.SH,0.01844892381277763,20241217,20241224
20241217,600900.SH,0.012576478585995865,20241218,20241225
20241218,600900.SH,0.002050580997949414,20241219,20241226
20241219,600900.SH,0.014041095890410915,20241220,20241227
20241220,600900.SH,-0.005410889414947717,20241223,20241230
20241223,600900.SH,-0.008721905400872254,20241224,20241231
20241224,600900.SH,-0.01980530379321921,20241225,20250102
20241225,600900.SH,-0.010914051841746208,20241226,20250103
20241226,600900.SH,-0.024316109422492294,20241227,20250106
20241227,600900.SH,-0.024141448486909134,20241230,20250107
20241230,600900.SH,-0.0186125211505922,20241231,20250108
20241231,600900.SH,-0.014041095890410915,20250102,20250109
20250102,600900.SH,-0.004482758620689586,20250103,20250110
20250103,600900.SH,-0.002769124264451417,20250106,20250113
20250106,600900.SH,0.004878048780487809,20250107,20250114
20250107,600900.SH,-0.006896551724137945,20250108,20250115
20250108,600900.SH,0.001736714136853168,20250109,20250116
20250109,600900.SH,0.004849324558364954,20250110,20250117
20250110,600900.SH,0.005553627212773415,20250113,20250120
20250113,600900.SH,0.01109570041608876,20250114,20250121
20250114,600900.SH,-0.0038194444444444864,20250115,20250122
20250115,600900.SH,-0.01178918169209442,20250116,20250123
20250116,600900.SH,-0.020707030743650878,20250117,20250124
20250117,600900.SH,0.004987371629077586,20250120,20250127
20250120,600900.SH,-0.020562336155994676,20250121,20250205
20250121,600900.SH,-0.0073262966216988135,20250122,20250206
20250122,600900.SH,-0.005657209602458746,20250123,20250207
20250123,600900.SH,-0.010283687943262398,20250124,20250210
20250124,600900.SH,-0.03460207612456745,20250127,20250211
20250127,600900.SH,-0.012698412698412764,20250205,20250212
20250205,600900.SH,-0.0035373187124159156,20250206,20250213
20250206,600900.SH,0.0028439388553147538,20250207,20250214
20250207,600900.SH,0.009315657470440719,20250210,20250217
20250210,600900.SH,0.016487455197132572,20250211,20250218
20250211,600900.SH,0.0028581636298679047,20250212,20250219
20250212,600900.SH,-0.004614838480653249,20250213,20250220
20250213,600900.SH,-0.014533853243530626,20250214,20250221
20250214,600900.SH,-0.022009229676961173,20250217,20250224
20250217,600900.SH,-0.03631875881523283,20250218,20250225
20250218,600900.SH,-0.015675097969362395,20250219,20250226
20250219,600900.SH,-0.01854493580599137,20250220,20250227
20250220,600900.SH,-0.015107913669064832,20250221,20250228
20250221,600900.SH,-0.016696914700544574,20250224,20250303
20250224,600900.SH,-0.00658616904500553,20250225,20250304
20250225,600900.SH,-0.005428881650380024,20250226,20250305
20250226,600900.SH,-0.01090116279069775,20250227,20250306
20250227,600900.SH,-0.0043827611395178545,20250228,20250307
20250228,600900.SH,0.00036913990402376307,20250303,20250310
20250303,600900.SH,0.0014732965009209842,20250304,20250311
20250304,600900.SH,-0.013100436681222738,20250305,20250312
20250305,600900.SH,0.0011021307861867058,20250306,20250313
20250306,600900.SH,0.006969919295671367,20250307,20250314
20250307,600900.SH,0.009963099630996286,20250310,20250317
20250310,600900.SH,0.00036778227289446797,20250311,20250318
20250311,600900.SH,0.01880530973451333,20250312,20250319
20250312,600900.SH,0.01431192660550451,20250313,20250320
20250313,600900.SH,-0.0018214936247723523,20250314,20250321
20250314,600900.SH,0.012056996711727885,20250317,20250324
20250317,600900.SH,0.026838235294117663,20250318,20250325
20250318,600900.SH,0.0072385088671733655,20250319,20250326
20250319,600900.SH,0.00470332850940669,20250320,20250327
20250320,600900.SH,0.01642335766423364,20250321,20250328
20250321,600900.SH,0.003971119133574064,20250324,20250331
20250324,600900.SH,-0.0010741138560688146,20250325,20250401
20250325,600900.SH,0.0,20250326,20250402
20250326,600900.SH,0.022686352178610036,20250327,20250403
20250327,600900.SH,0.017235188509874266,20250328,20250407
20250328,600900.SH,0.044588277597986226,20250331,20250408
20250331,600900.SH,0.05985663082437287,20250401,20250409
20250401,600900.SH,0.04814947897951849,20250402,20250410
20250402,600900.SH,0.028169014084507005,20250403,20250411
20250403,600900.SH,0.028944581715495854,20250407,20250414
20250407,600900.SH,0.0075731497418245475,20250408,20250415
20250408,600900.SH,-0.005749070003381873,20250409,20250416
20250409,600900.SH,0.0013712718546452507,20250410,20250417
20250410,600900.SH,0.013013698630137016,20250411,20250418
20250411,600900.SH,0.00548885077186978,20250414,20250421
20250414,600900.SH,0.0020498804236419588,20250415,20250422
20250415,600900.SH,-0.006802721088435493,20250416,20250423
20250416,600900.SH,0.008558712769599408,20250417,20250424
20250417,600900.SH,-0.0020283975659228792,20250418,20250425
20250418,600900.SH,0.013988399863527734,20250421,20250428
20250421,600900.SH,0.004432321854756172,20250422,20250429
20250422,600900.SH,0.010273972602739878,20250423,20250430
20250423,600900.SH,-0.00950441276306857,20250424,20250506
20250424,600900.SH,-0.005758807588075787,20250425,20250507
20250425,600900.SH,-0.01379542395693134,20250428,20250508
20250428,600900.SH,0.003054989816700715,20250429,20250509
20250429,600900.SH,0.0013559322033898091,20250430,20250512
20250430,600900.SH,0.01919122686771768,20250506,20250513
20250506,600900.SH,0.024872231686541513,20250507,20250514
20250507,600900.SH,0.035482770385534046,20250508,20250515
20250508,600900.SH,0.01861252115059231,20250509,20250516
20250509,600900.SH,0.03148273527420442,20250512,20250519
20250512,600900.SH,0.03160726294552796,20250513,20250520
20250513,600900.SH,0.02393617021276606,20250514,20250521
20250514,600900.SH,0.022405271828665585,20250515,20250522
20250515,600900.SH,0.012956810631228999,20250516,20250523
20250516,600900.SH,-0.004266491631112479,20250519,20250526
20250519,600900.SH,-0.013689700130378069,20250520,20250527
20250520,600900.SH,-0.008766233766233755,20250521,20250528
20250521,600900.SH,-0.0238478891395425,20250522,20250529
20250522,600900.SH,-0.009511315185306568,20250523,20250530
20250523,600900.SH,-0.006262359920896632,20250526,20250603
20250526,600900.SH,-0.012227362855254498,20250527,20250604
20250527,600900.SH,-0.023910907304290907,20250528,20250605
20250528,600900.SH,-0.009904258831297419,20250529,20250606
20250529,600900.SH,-0.007284768211920478,20250530,20250609
20250530,600900.SH,-0.003980099502487455,20250603,20250610
20250603,600900.SH,0.00970224155235866,20250604,20250611
20250604,600900.SH,0.013087248322147804,20250605,20250612
20250605,600900.SH,0.021007002334111347,20250606,20250613
20250606,600900.SH,0.016010673782521634,20250609,20250616
20250609,600900.SH,0.021312021312021256,20250610,20250617
20250610,600900.SH,0.017561298873426168,20250611,20250618
20250611,600900.SH,0.017555481947664653,20250612,20250619
20250612,600900.SH,-0.007184846505551956,20250613,20250620
20250613,600900.SH,0.006237688772160244,20250616,20250623
20250616,600900.SH,-0.002934463645256069,20250617,20250624
20250617,600900.SH,0.005535656138065725,20250618,20250625
20250618,600900.SH,0.0126953125,20250619,20250626
20250619,600900.SH,-0.005921052631578938,20250620,20250627
20250620,600900.SH,-0.016639477977161476,20250623,20250630
20250623,600900.SH,-0.006867233485938429,20250624,20250701
20250624,600900.SH,-0.020401554404144928,20250625,20250702
20250625,600900.SH,-0.032786885245901565,20250626,20250703
20250626,600900.SH,-0.0019854401058900795,20250627,20250704
20250627,600900.SH,0.003981420039814276,20250630,20250707
20250630,600900.SH,-0.014817253868949498,20250701,20250708
20250701,600900.SH,-0.00892561983471074,20250702,20250709
20250702,600900.SH,-0.006314390162844741,20250703,20250710
20250703,600900.SH,0.007957559681697646,20250704,20250711
20250704,600900.SH,0.01156642432253796,20250707,20250714
20250707,600900.SH,0.018716577540106805,20250708,20250715
20250708,600900.SH,0.01200800533689117,20250709,20250716
20250709,600900.SH,0.008695652173912993,20250710,20250717
20250710,600900.SH,-0.005433655103812884,20250711,20250718
20250711,600900.SH,-0.011922052423602336,20250714,20250721
20250714,600900.SH,-0.012751652943833847,20250715,20250722
20250715,600900.SH,-0.01427666480481049,20250716,20250723
20250716,600900.SH,-0.016549475512084744,20250717,20250724
20250717,600900.SH,-0.025423728813559254,20250718,20250725
20250718,600900.SH,-0.02948153168417489,20250721,20250728
20250721,600900.SH,-0.024863760217983644,20250722,20250729
20250722,600900.SH,-0.016449623029472282,20250723,20250730
20250723,600900.SH,-0.038009675190048386,20250724,20250731
20250724,600900.SH,-0.026434782608695695,20250725,20250801
20250725,600900.SH,-0.017458100558659262,20250728,20250804
20250728,600900.SH,-0.01851205029689129,20250729,20250805
20250729,600900.SH,-0.025435540069686402,20250730,20250806
20250730,600900.SH,0.007902298850574807,20250731,20250807
20250731,600900.SH,-0.004644515898535206,20250801,20250808
20250801,600900.SH,-0.015991471215351827,20250804,20250811
20250804,600900.SH,-0.012099644128113818,20250805,20250812
20250805,600900.SH,-0.012155881301394333,20250806,20250813
20250806,600900.SH,-0.014255167498218091,20250807,20250814
20250807,600900.SH,-0.008255563531945453,20250808,20250815
20250808,600900.SH,-0.0018057060310581186,20250811,20250818
20250811,600900.SH,-0.004682997118155674,20250812,20250819
20250812,600900.SH,0.0021715526601520097,20250813,20250820
20250813,600900.SH,0.006869125090383399,20250814,20250821
20250814,600900.SH,0.008686210640608039,20250815,20250822
20250815,600900.SH,0.02568740955137483,20250818,20250825
20250818,600900.SH,0.024610930148389443,20250819,20250826
20250819,600900.SH,0.009750812567713929,20250820,20250827
20250820,600900.SH,0.0007181328545780019,20250821,20250828
20250821,600900.SH,0.007893792608539618,20250822,20250829
20250822,600900.SH,-0.019753086419753152,20250825,20250901
20250825,600900.SH,-0.0035323207347226493,20250826,20250902
20250826,600900.SH,0.0,20250827,20250903
20250827,600900.SH,0.012917115177610405,20250828,20250904
20250828,600900.SH,-0.0007119971520114232,20250829,20250905
20250829,600900.SH,0.012954300107952621,20250901,20250908
20250901,600900.SH,-0.00708968450903924,20250902,20250909
20250902,600900.SH,0.0017882689556509845,20250903,20250910
20250903,600900.SH,-0.008147360963514094,20250904,20250911
20250904,600900.SH,-0.004987531172069848,20250905,20250912
20250905,600900.SH,-0.01243339253996445,20250908,20250915
20250908,600900.SH,-0.009996429846483412,20250909,20250916
20250909,600900.SH,-0.011067475901463841,20250910,20250917
20250910,600900.SH,-0.02464285714285719,20250911,20250918
20250911,600900.SH,-0.026136770497672823,20250912,20250919
20250912,600900.SH,-0.02446043165467615,20250915,20250922
20250915,600900.SH,-0.014785430941218869,20250916,20250923
20250916,600900.SH,-0.016245487364620947,20250917,20250924
20250917,600900.SH,-0.00073233247894533,20250918,20250925
20250918,600900.SH,0.00992647058823537,20250919,20250926
20250919,600900.SH,0.006637168141592875,20250922,20250929
20250922,600900.SH,-0.0025622254758418395,20250923,20250930
20250923,600900.SH,0.01577981651376148,20250924,20251009
20250924,600900.SH,0.016123122022718928,20250925,20251010
20250925,600900.SH,0.011649071714597614,20250926,20251013
20250926,600900.SH,0.025274725274725407,20250929,20251014
20250929,600900.SH,0.02495412844036693,20250930,20251015
20250930,600900.SH,0.017341040462427904,20251009,20251016
20251009,600900.SH,0.01370357014064183,20251010,20251017
20251010,600900.SH,0.009355883411299226,20251013,20251020
20251013,600900.SH,-0.0028581636298677937,20251014,20251021
20251014,600900.SH,0.003938417472252098,20251015,20251022
20251015,600900.SH,0.002485795454545414,20251016,20251023
20251016,600900.SH,0.0028459622909997595,20251017,20251024
20251017,600900.SH,0.00891265597147961,20251020,20251027
20251020,600900.SH,0.019706198495162974,20251021,20251028
20251021,600900.SH,0.008915834522111199,20251022,20251029
20251022,600900.SH,0.008501594048884176,20251023,20251030
20251023,600900.SH,-0.0031926214969848488,20251024,20251031
20251024,600900.SH,0.00035335689045923324,20251027,20251103
20251027,600900.SH,0.004919184820801226,20251028,20251104
20251028,600900.SH,0.004595263343937894,20251029,20251105
20251029,600900.SH,0.0010537407797681642,20251030,20251106
20251030,600900.SH,0.014946619217081736,20251031,20251107
20251031,600900.SH,0.0077711056163900505,20251103,20251110
20251103,600900.SH,0.0006993006993005757,20251104,20251111
20251104,600900.SH,0.006685432793807067,20251105,20251112
20251105,600900.SH,-0.00210526315789461,20251106,20251113
20251106,600900.SH,-0.006311360448807868,20251107,20251114
20251107,600900.SH,-0.012968804766911979,20251110,20251117
20251110,600900.SH,-0.016422082459818355,20251111,20251118
20251111,600900.SH,-0.013282069206571046,20251112,20251119
20251112,600900.SH,-0.010548523206751148,20251113,20251120
20251113,600900.SH,-0.006351446718419029,20251114,20251121
20251114,600900.SH,0.0010653409090908283,20251117,20251124
20251117,600900.SH,-0.004262877442273494,20251118,20251125
20251118,600900.SH,-0.010272759475735027,20251119,20251126
20251119,600900.SH,-0.0017768301350390425,20251120,20251127
20251120,600900.SH,-0.006392045454545414,20251121,20251128
20251121,600900.SH,-0.004256828662646428,20251124,20251201
20251124,600900.SH,0.008205494113449951,20251125,20251202
20251125,600900.SH,0.011811023622047001,20251126,20251203
20251126,600900.SH,0.005339978640085397,20251127,20251204
20251127,600900.SH,0.0032165832737669486,20251128,20251205
20251128,600900.SH,-0.007125044531528291,20251201,20251208
20251201,600900.SH,-0.01026185421089898,20251202,20251209
20251202,600900.SH,-0.013441811107180679,20251203,20251210
20251203,600900.SH,-0.013456090651558061,20251204,20251211
20251204,600900.SH,-0.001068756679729277,20251205,20251212
20251205,600900.SH,0.006099748833871432,20251208,20251215
20251208,600900.SH,0.0,20251209,20251216
20251209,600900.SH,0.0010756543564003351,20251210,20251217
20251210,600900.SH,0.007896625987078298,20251211,20251218
20251211,600900.SH,-0.006776034236804396,20251212,20251219
20251212,600900.SH,-0.01783166904422251,20251215,20251222
20251215,600900.SH,-0.008938148015731118,20251216,20251223
20251216,600900.SH,-0.01002865329512903,20251217,20251224
20251217,600900.SH,-0.015669515669515577,20251218,20251225
20251218,600900.SH,-0.007540394973070019,20251219,20251226
20251219,600900.SH,-0.000726216412490932,20251222,20251229
20251222,600900.SH,-0.014430014430014348,20251223,20251230
20251223,600900.SH,-0.01628075253256145,20251224,20251231
20251224,600900.SH,-0.01302460202604927,20251225,20260105
20251225,600900.SH,-0.007235890014471891,20251226,20260106
20251226,600900.SH,-0.010537790697674465,20251229,20260107
20251229,600900.SH,-0.002196193265007196,20251230,20260108
20251230,600900.SH,0.0036778227289444576,20251231,20260109
20251231,600900.SH,0.004398826979472137,20260105,20260112
20260105,600900.SH,-0.002915451895043719,20260106,20260113
20260106,600900.SH,-0.015424164524421524,20260107,20260114
20260107,600900.SH,-0.01614086573734419,20260108,20260115
20260108,600900.SH,-0.028215463539758123,20260109,20260116
20260109,600900.SH,-0.021897810218978075,20260112,20260119
20260112,600900.SH,-0.01754385964912275,20260113,20260120
20260113,600900.SH,-0.008578888474449986,20260114,20260121
20260114,600900.SH,-0.019015659955257336,20260115,20260122
20260115,600900.SH,-0.019607843137254832,20260116,20260123
20260116,600900.SH,-0.030597014925373256,20260119,20260126
20260119,600900.SH,-0.035342261904761973,20260120,20260127
20260120,600900.SH,-0.03498871331828435,20260121,20260128
20260121,600900.SH,-0.010642341315089232,20260122,20260129
20260122,600900.SH,0.013846153846153841,20260123,20260130
20260123,600900.SH,0.00615858352578913,20260126,20260202
20260126,600900.SH,0.002699575780948704,20260127,20260203
20260127,600900.SH,0.02846003898635474,20260128,20260204
20260128,600900.SH,0.021897810218978186,20260129,20260205
20260129,600900.SH,0.006069802731411222,20260130,20260206
20260130,600900.SH,0.01224177505738333,20260202,20260209
20260202,600900.SH,0.021923076923076934,20260203,20260210
20260203,600900.SH,0.0037907505686125553,20260204,20260211
20260204,600900.SH,-0.01019450733867322,20260205,20260212
20260205,600900.SH,-0.011769731526015237,20260206,20260213
20260206,600900.SH,-0.010671697894377496,20260209,20260225
20260209,600900.SH,-0.012111911370575212,20260210,20260226
20260210,600900.SH,-0.008754285691698893,20260211,20260227
20260211,600900.SH,0.017228177641653852,20260212,20260302
20260212,600900.SH,0.037307692307692264,20260213,20260303
20260213,600900.SH,0.043126684636118684,20260225,20260304
20260225,600900.SH,0.04224270353302617,20260226,20260306
20260226,600900.SH,0.044546850998463894,20260227,20260309
20260227,600900.SH,0.02182913059841929,20260302,20260310
20260302,600900.SH,0.012235817575083408,20260303,20260311
20260303,600900.SH,0.015134736064968513,20260304,20260312
20260304,600900.SH,0.010316875460574915,20260306,20260313
20260306,600900.SH,0.00588235294117645,20260309,20260316
20260309,600900.SH,0.012523020257826811,20260310,20260317
20260310,600900.SH,-0.000366300366300365,20260311,20260318
20260311,600900.SH,-0.008727272727272695,20260312,20260319
20260312,600900.SH,-0.00875273522975939,20260313,20260320
20260313,600900.SH,-0.02266126006576874,20260316,20260323
20260316,600900.SH,-0.014186977082575325,20260317,20260324
20260317,600900.SH,-0.0029314767314033707,20260318,20260325
20260318,600900.SH,0.0018341892883344535,20260319,20260326
20260319,600900.SH,0.002575423105224628,20260320,20260327
20260320,600900.SH,0.01495932146743506,20260323,20260330
20260323,600900.SH,-0.0022140221402214832,20260324,20260331
20260324,600900.SH,-0.012127894156560237,20260325,20260401
20260325,600900.SH,-0.010984987184181505,20260326,20260402
20260326,600900.SH,-0.020183486238532167,20260327,20260403
20260327,600900.SH,-0.024318349299926267,20260330,20260407
20260330,600900.SH,-0.017011834319526575,20260331,20260408
20260331,600900.SH,-0.01822916666666663,20260401,20260409
20260401,600900.SH,-0.022584228063680212,20260402,20260410
20260402,600900.SH,-0.01048689138576775,20260403,20260413
20260403,600900.SH,-0.0022658610271902857,20260407,20260414
20260407,600900.SH,-0.0011286681715575453,20260408,20260415
20260408,600900.SH,0.0060629026146268306,20260409,20260416
20260409,600900.SH,-0.0007575757575757347,20260410,20260417
20260410,600900.SH,0.015897047691143085,20260413,20260420
20260413,600900.SH,0.026873580620741855,20260414,20260421
20260414,600900.SH,0.011676082862523529,20260415,20260422
20260415,600900.SH,0.015065913370998052,20260416,20260423
20260416,600900.SH,0.01630022744503412,20260417,20260424
20260417,600900.SH,-0.006706408345752646,20260420,20260427
20260420,600900.SH,-0.014743826022852957,20260421,20260428
20260421,600900.SH,-0.003350707371556294,20260422,20260429
20260422,600900.SH,0.013729128014842384,20260423,20260430
20260423,600900.SH,0.014546810891458373,20260424,20260506
20260424,600900.SH,0.01462865716429107,20260427,20260507
20260427,600900.SH,0.010101010101009944,20260428,20260508
20260428,600900.SH,0.008965259618976651,20260429,20260511
20260429,600900.SH,-0.01024890190336758,20260430,20260512
20260430,600900.SH,-0.007352941176470562,20260506,20260513
20260506,600900.SH,-0.004066543438077663,20260507,20260514
20260507,600900.SH,0.0011111111111112848,20260508,20260515
20260508,600900.SH,-0.004442798963346983,20260511,20260518
20260511,600900.SH,0.0077662721893492215,20260512,20260519
20260512,600900.SH,-0.0037037037037037646,20260513,20260520
20260513,600900.SH,-0.010393466963622755,20260514,20260521
20260514,600900.SH,-0.017388087310395983,20260515,20260522
20260515,600900.SH,-0.008181480104127892,20260518,20260525
20260518,600900.SH,-0.0040366972477065,20260519,20260526
20260519,600900.SH,0.01263940520446094,20260520,20260527
20260520,600900.SH,0.021005251312828044,20260521,20260528
20260521,600900.SH,0.044804216867469826,20260522,20260529
20260522,600900.SH,0.04124484439445064,20260525,20260601
20260525,600900.SH,0.030213706705969123,20260526,20260602
20260526,600900.SH,0.023861967694566832,20260527,20260603
20260527,600900.SH,0.018368846436443764,20260528,20260604
20260528,600900.SH,-0.0050450450450451045,20260529,20260605
20260529,600900.SH,-0.009362621534029447,20260601,20260608
20260601,600900.SH,-0.01180257510729632,20260602,20260609
20260602,600900.SH,-0.007171029042667643,20260603,20260610
20260603,600900.SH,0.006132756132756212,20260604,20260611
20260604,600900.SH,0.02426657008330313,20260605,20260612
20260605,600900.SH,0.0021810250817884125,20260608,20260615
20260608,600900.SH,-0.015924719507781182,20260609,20260616
20260609,600900.SH,-0.024918743228602436,20260610,20260617
20260610,600900.SH,-0.04410182861240586,20260611,20260618
20260611,600900.SH,-0.04738330975954741,20260612,20260622
20260612,600900.SH,-0.025389916575988325,20260615,20260623
20260615,600900.SH,-0.02169915410077239,20260616,20260624
20260616,600900.SH,-0.028888888888888853,20260617,20260625
20260617,600900.SH,-0.00037509377344346895,20260618,20260626
20260618,600900.SH,-0.0037119524870080634,20260622,20260629
20260622,600900.SH,-0.01488649050986246,20260623,20260630
20260623,600900.SH,0.0015037593984961184,20260624,20260701
20260624,600900.SH,0.027841342486651488,20260625,20260702
20260625,600900.SH,0.0150093808630396,20260626,20260703
20260626,600900.SH,0.013040238450074515,20260629,20260706
20260629,600900.SH,0.03551190026445039,20260630,20260707
20260630,600900.SH,0.044669669669669565,20260701,20260708
20260701,600900.SH,0.030426716141001897,20260702,20260709
20260702,600900.SH,0.0362292051756008,20260703,20260710
20260703,600900.SH,0.045237219566016895,20260706,20260713
20260706,600900.SH,0.041590660342940566,20260707,20260714
20260707,600900.SH,0.03054257994969456,20260708,20260715
20260708,600900.SH,0.016924738926899385,20260709,20260716
20260709,600900.SH,0.027310704341495518,20260710,20260717
20260710,600900.SH,0.049050319138831844,20260713,20260720
20260713,600900.SH,0.035264986552671296,20260714,20260721
20260714,600900.SH,0.04348590444972844,20260715,20260722
20260715,600900.SH,0.05427970670361604,20260716,20260723
20260716,600900.SH,0.032511611289746334,20260717,20260724
20240102,601166.SH,-0.004768392370572361,20240103,20240110
20240103,601166.SH,0.002735978112175186,20240104,20240111
20240104,601166.SH,-0.008102633355840605,20240105,20240112
20240105,601166.SH,0.0020408163265308588,20240108,20240115
20240108,601166.SH,0.017029972752043543,20240109,20240116
20240109,601166.SH,0.013689253935660561,20240110,20240117
20240110,601166.SH,0.029331514324693053,20240111,20240118
20240111,601166.SH,0.03131381892443841,20240112,20240119
20240112,601166.SH,0.03190767141887285,20240115,20240122
20240115,601166.SH,0.011386470194239884,20240116,20240123
20240116,601166.SH,0.03308575286968285,20240117,20240124
20240117,601166.SH,0.025182239893969616,20240118,20240125
20240118,601166.SH,0.032343234323432446,20240119,20240126
20240119,601166.SH,0.03421052631578947,20240122,20240129
20240122,601166.SH,0.036423841059602724,20240123,20240130
20240123,601166.SH,0.028104575163398593,20240124,20240131
20240124,601166.SH,0.015513897866838988,20240125,20240201
20240125,601166.SH,0.004475703324808178,20240126,20240202
20240126,601166.SH,0.007633587786259444,20240129,20240205
20240129,601166.SH,0.017252396166134165,20240130,20240206
20240130,601166.SH,0.015257469802924195,20240131,20240207
20240131,601166.SH,0.021642266072565253,20240201,20240208
20240201,601166.SH,0.029917250159134268,20240202,20240219
20240202,601166.SH,0.022727272727272707,20240205,20240220
20240205,601166.SH,0.04711055276381915,20240206,20240221
20240206,601166.SH,0.051972448340638744,20240207,20240222
20240207,601166.SH,0.05046728971962611,20240208,20240223
20240208,601166.SH,0.018541409147095234,20240219,20240226
20240219,601166.SH,0.021604938271605034,20240220,20240227
20240220,601166.SH,-0.008398320335932796,20240221,20240228
20240221,601166.SH,-0.008928571428571508,20240222,20240229
20240222,601166.SH,-0.016607354685646558,20240223,20240301
20240223,601166.SH,-0.0042475728155341175,20240226,20240304
20240226,601166.SH,0.003625377643504235,20240227,20240305
20240227,601166.SH,-0.001814882032667886,20240228,20240306
20240228,601166.SH,-0.008408408408408286,20240229,20240307
20240229,601166.SH,-0.006031363088057851,20240301,20240308
20240301,601166.SH,0.005484460694698434,20240304,20240311
20240304,601166.SH,-0.007224563515954241,20240305,20240312
20240305,601166.SH,-0.0115151515151517,20240306,20240313
20240306,601166.SH,-0.013325257419745662,20240307,20240314
20240307,601166.SH,-0.005461165048543659,20240308,20240315
20240308,601166.SH,-0.00787878787878793,20240311,20240318
20240311,601166.SH,-0.0181928441479684,20240312,20240319
20240312,601166.SH,-0.0018393623543836446,20240313,20240320
20240313,601166.SH,0.0024554941682013443,20240314,20240321
20240314,601166.SH,-0.007321537522879895,20240315,20240322
20240315,601166.SH,-0.004886988393402625,20240318,20240325
20240318,601166.SH,0.016676961087090714,20240319,20240326
20240319,601166.SH,0.01904176904176902,20240320,20240327
20240320,601166.SH,-0.004898958971218503,20240321,20240328
20240321,601166.SH,-0.030116779348494105,20240322,20240329
20240322,601166.SH,-0.02823818293431546,20240325,20240401
20240325,601166.SH,-0.05285540704738756,20240326,20240402
20240326,601166.SH,-0.07112718505123572,20240327,20240403
20240327,601166.SH,-0.04738461538461536,20240328,20240408
20240328,601166.SH,-0.020278833967046883,20240329,20240409
20240329,601166.SH,-0.006948831332912242,20240401,20240410
20240401,601166.SH,0.0038486209108403724,20240402,20240411
20240402,601166.SH,0.005191434133679396,20240403,20240412
20240403,601166.SH,0.018733850129198926,20240408,20240415
20240408,601166.SH,0.030401034928848603,20240409,20240416
20240409,601166.SH,0.029262086513994978,20240410,20240417
20240410,601166.SH,0.04153354632587858,20240411,20240418
20240411,601166.SH,0.04454486765655252,20240412,20240419
20240412,601166.SH,0.022828154724159777,20240415,20240422
20240415,601166.SH,0.00439422473320783,20240416,20240423
20240416,601166.SH,-0.016687268232385533,20240417,20240424
20240417,601166.SH,-0.00797546012269934,20240418,20240425
20240418,601166.SH,0.015451174289246028,20240419,20240426
20240419,601166.SH,0.03781773093614382,20240422,20240429
20240422,601166.SH,0.05312500000000009,20240423,20240430
20240423,601166.SH,0.05719673161533634,20240424,20240506
20240424,601166.SH,0.04019789734075441,20240425,20240507
20240425,601166.SH,0.021302495435179702,20240426,20240508
20240426,601166.SH,0.007168458781362075,20240429,20240509
20240429,601166.SH,0.013056379821958508,20240430,20240510
20240430,601166.SH,0.02021403091557672,20240506,20240513
20240506,601166.SH,0.017835909631391367,20240507,20240514
20240507,601166.SH,0.013706793802145345,20240508,20240515
20240508,601166.SH,0.03084223013048626,20240509,20240516
20240509,601166.SH,0.03690685413005257,20240510,20240517
20240510,601166.SH,0.04079254079254069,20240513,20240520
20240513,601166.SH,0.053154205607476745,20240514,20240521
20240514,601166.SH,0.06878306878306861,20240515,20240522
20240515,601166.SH,0.042002301495972505,20240516,20240523
20240516,601166.SH,0.01073446327683647,20240517,20240524
20240517,601166.SH,0.020716685330347095,20240520,20240527
20240520,601166.SH,0.016084303937881295,20240521,20240528
20240521,601166.SH,-0.00605060506050592,20240522,20240529
20240522,601166.SH,-0.009387078961899387,20240523,20240530
20240523,601166.SH,0.0,20240524,20240531
20240524,601166.SH,-0.023587493143170546,20240527,20240603
20240527,601166.SH,-0.0311135371179041,20240528,20240604
20240528,601166.SH,-0.02877697841726612,20240529,20240605
20240529,601166.SH,-0.02062430323299902,20240530,20240606
20240530,601166.SH,-0.020122973728339932,20240531,20240607
20240531,601166.SH,-0.021910112359550427,20240603,20240611
20240603,601166.SH,-0.02647887323943654,20240604,20240612
20240604,601166.SH,-0.02165242165242165,20240605,20240613
20240605,601166.SH,-0.006260671599316869,20240606,20240614
20240606,601166.SH,-0.0096976611523103,20240607,20240617
20240607,601166.SH,-0.0011487650775416913,20240611,20240618
20240611,601166.SH,0.01967592592592604,20240612,20240619
20240612,601166.SH,0.007571345369830951,20240613,20240620
20240613,601166.SH,-0.006300114547537206,20240614,20240621
20240614,601166.SH,0.003456221198156584,20240617,20240624
20240617,601166.SH,-0.004025301897642386,20240618,20240625
20240618,601166.SH,-0.016458569807037637,20240619,20240626
20240619,601166.SH,0.00867052023121384,20240620,20240627
20240620,601166.SH,0.015561959654178503,20240621,20240628
20240621,601166.SH,0.01894374282433975,20240624,20240701
20240624,601166.SH,0.03464203233256358,20240625,20240702
20240625,601166.SH,0.021350259665320337,20240626,20240703
20240626,601166.SH,0.009742120343839478,20240627,20240704
20240627,601166.SH,-0.024404086265607194,20240628,20240705
20240628,601166.SH,-0.02647887323943654,20240701,20240708
20240701,601166.SH,-0.02443244900644892,20240702,20240709
20240702,601166.SH,-0.001486009008284661,20240703,20240710
20240703,601166.SH,-0.004802923186327024,20240704,20240711
20240704,601166.SH,0.04485097909696001,20240705,20240712
20240705,601166.SH,0.048645501714940975,20240708,20240715
20240708,601166.SH,0.0346926354230066,20240709,20240716
20240709,601166.SH,0.03552077062010839,20240710,20240717
20240710,601166.SH,0.03762135922330101,20240711,20240718
20240711,601166.SH,0.014810426540284416,20240712,20240719
20240712,601166.SH,-0.014679976512037562,20240715,20240722
20240715,601166.SH,-0.00352941176470567,20240716,20240723
20240716,601166.SH,-0.021511627906976916,20240717,20240724
20240717,601166.SH,-0.02280701754385961,20240718,20240725
20240718,601166.SH,-0.037361354349095155,20240719,20240726
20240719,601166.SH,-0.0035756853396902155,20240722,20240729
20240722,601166.SH,-0.01475796930342399,20240723,20240730
20240723,601166.SH,-0.004753416518122333,20240724,20240731
20240724,601166.SH,-0.00418910831837227,20240725,20240801
20240725,601166.SH,0.0018192844147968401,20240726,20240802
20240726,601166.SH,-0.020334928229665095,20240729,20240805
20240729,601166.SH,-0.028759736369083133,20240730,20240806
20240730,601166.SH,-0.025671641791044753,20240731,20240807
20240731,601166.SH,-0.012019230769230838,20240801,20240808
20240801,601166.SH,-0.009079903147699575,20240802,20240809
20240802,601166.SH,-0.006105006105005861,20240805,20240812
20240805,601166.SH,0.006785934608266375,20240806,20240813
20240806,601166.SH,-0.002450980392156743,20240807,20240814
20240807,601166.SH,0.009124087591240837,20240808,20240815
20240808,601166.SH,0.02138057422113615,20240809,20240816
20240809,601166.SH,0.041154791154790926,20240812,20240819
20240812,601166.SH,0.031862745098039325,20240813,20240820
20240813,601166.SH,0.030098280098280084,20240814,20240821
20240814,601166.SH,0.013863773357444042,20240815,20240822
20240815,601166.SH,0.035885167464114964,20240816,20240823
20240816,601166.SH,0.031268436578171244,20240819,20240826
20240819,601166.SH,0.029097387173396605,20240820,20240827
20240820,601166.SH,0.026237328562910056,20240821,20240828
20240821,601166.SH,-0.007728894173602785,20240822,20240829
20240822,601166.SH,-0.04676674364896061,20240823,20240830
20240823,601166.SH,-0.05606407322654461,20240826,20240902
20240826,601166.SH,-0.05597230236583961,20240827,20240903
20240827,601166.SH,-0.056362579895409715,20240828,20240904
20240828,601166.SH,-0.023367285799880122,20240829,20240905
20240829,601166.SH,-0.007268322228952351,20240830,20240906
20240830,601166.SH,-0.032121212121212106,20240902,20240909
20240902,601166.SH,-0.01772616136919314,20240903,20240910
20240903,601166.SH,-0.027093596059113212,20240904,20240911
20240904,601166.SH,-0.016564417177914015,20240905,20240912
20240905,601166.SH,-0.0256253813300793,20240906,20240913
20240906,601166.SH,0.006261740763932266,20240909,20240918
20240909,601166.SH,-0.001244555071561848,20240910,20240919
20240910,601166.SH,0.028481012658227778,20240911,20240920
20240911,601166.SH,0.03306300686213337,20240912,20240923
20240912,601166.SH,0.07576706324358162,20240913,20240924
20240913,601166.SH,0.09520846297448671,20240918,20240925
20240918,601166.SH,0.14953271028037363,20240919,20240926
20240919,601166.SH,0.12861538461538458,20240920,20240927
20240920,601166.SH,0.16364734299516925,20240923,20240930
20240923,601166.SH,0.16472642607683374,20240924,20241008
20240924,601166.SH,0.057386363636363624,20240925,20241009
20240925,601166.SH,0.051490514905149,20240926,20241010
20240926,601166.SH,0.03598691384950925,20240927,20241011
20240927,601166.SH,0.020238713025428012,20240930,20241014
20240930,601166.SH,-0.032983508245877036,20241008,20241015
20241008,601166.SH,0.07254164427727039,20241009,20241016
20241009,601166.SH,0.008762886597938113,20241010,20241017
20241010,601166.SH,0.03157894736842115,20241011,20241018
20241011,601166.SH,-0.021871820956256394,20241014,20241021
20241014,601166.SH,-0.010852713178294726,20241015,20241022
20241015,601166.SH,-0.04008016032064132,20241016,20241023
20241016,601166.SH,-0.020439448134900284,20241017,20241024
20241017,601166.SH,-0.0234693877551021,20241018,20241025
20241018,601166.SH,-0.01092043681747279,20241021,20241028
20241021,601166.SH,-0.006792058516196353,20241022,20241029
20241022,601166.SH,-0.02035490605427981,20241023,20241030
20241023,601166.SH,-0.04642670839853946,20241024,20241031
20241024,601166.SH,-0.04440961337513072,20241025,20241101
20241025,601166.SH,-0.03732912723449,20241028,20241104
20241028,601166.SH,-0.032088374539716025,20241029,20241105
20241029,601166.SH,-0.023441662226957982,20241030,20241106
20241030,601166.SH,0.03446389496717739,20241031,20241107
20241031,601166.SH,0.02241662110442877,20241101,20241108
20241101,601166.SH,0.0038230475150191623,20241104,20241111
20241104,601166.SH,-0.014673913043478204,20241105,20241112
20241105,601166.SH,-0.009819967266775809,20241106,20241113
20241106,601166.SH,-0.03807509254362773,20241107,20241114
20241107,601166.SH,-0.03475935828876986,20241108,20241115
20241108,601166.SH,0.00707290533188254,20241111,20241118
20241111,601166.SH,0.01103143960286812,20241112,20241119
20241112,601166.SH,0.0038567493112946494,20241113,20241120
20241113,601166.SH,0.002748763056624526,20241114,20241121
20241114,601166.SH,-0.013850415512465353,20241115,20241122
20241115,601166.SH,-0.040518638573743826,20241118,20241125
20241118,601166.SH,-0.02018548827059452,20241119,20241126
20241119,601166.SH,-0.006037321624588365,20241120,20241127
20241120,601166.SH,-0.011513157894736836,20241121,20241128
20241121,601166.SH,0.014044943820224809,20241122,20241129
20241122,601166.SH,0.02421171171171177,20241125,20241202
20241125,601166.SH,0.02728285077950998,20241126,20241203
20241126,601166.SH,0.017117614577581763,20241127,20241204
20241127,601166.SH,0.012756516916250682,20241128,20241205
20241128,601166.SH,0.02437673130193896,20241129,20241206
20241129,601166.SH,0.01924134139637168,20241202,20241209
20241202,601166.SH,0.012466124661246747,20241203,20241210
20241203,601166.SH,0.007057546145494031,20241204,20241211
20241204,601166.SH,0.0268346111719604,20241205,20241212
20241205,601166.SH,-0.01838831800973506,20241206,20241213
20241206,601166.SH,-0.017259978425027134,20241209,20241216
20241209,601166.SH,-0.017130620985010725,20241210,20241217
20241210,601166.SH,0.0026954177897575704,20241211,20241218
20241211,601166.SH,-0.011199999999999988,20241212,20241219
20241212,601166.SH,0.020385674931129527,20241213,20241220
20241213,601166.SH,0.03293084522502743,20241216,20241223
20241216,601166.SH,0.03376906318082784,20241217,20241224
20241217,601166.SH,0.031720430107526676,20241218,20241225
20241218,601166.SH,0.03667745415318224,20241219,20241226
20241219,601166.SH,0.04481641468682529,20241220,20241227
20241220,601166.SH,0.038788522848034024,20241223,20241230
20241223,601166.SH,0.0094836670179137,20241224,20241231
20241224,601166.SH,-0.014069828035434995,20241225,20250102
20241225,601166.SH,-0.015608740894901052,20241226,20250103
20241226,601166.SH,-0.007235142118863003,20241227,20250106
20241227,601166.SH,-0.006138107416879812,20241230,20250107
20241230,601166.SH,0.025052192066805867,20241231,20250108
20241231,601166.SH,0.036469344608879295,20250102,20250109
20250102,601166.SH,0.0348837209302324,20250103,20250110
20250103,601166.SH,0.004164497657469957,20250106,20250113
20250106,601166.SH,0.009264024704065843,20250107,20250114
20250107,601166.SH,0.008146639511201537,20250108,20250115
20250108,601166.SH,0.01937786843447209,20250109,20250116
20250109,601166.SH,0.01634320735444339,20250110,20250117
20250110,601166.SH,0.030585795749092703,20250113,20250120
20250113,601166.SH,0.017848036715961246,20250114,20250121
20250114,601166.SH,-0.014646464646464463,20250115,20250122
20250115,601166.SH,0.007503751875938214,20250116,20250123
20250116,601166.SH,0.016582914572864427,20250117,20250124
20250117,601166.SH,0.021629778672032085,20250120,20250127
20250120,601166.SH,0.008517034068136198,20250121,20250205
20250121,601166.SH,0.03741670937980501,20250122,20250206
20250122,601166.SH,-0.0009930486593842103,20250123,20250207
20250123,601166.SH,0.005931784478497404,20250124,20250210
20250124,601166.SH,0.001969473165928326,20250127,20250211
20250127,601166.SH,0.033283656234476044,20250205,20250212
20250205,601166.SH,0.02371541501976293,20250206,20250213
20250206,601166.SH,0.05168986083499005,20250207,20250214
20250207,601166.SH,0.029484029484029506,20250210,20250217
20250210,601166.SH,0.03439803439803435,20250211,20250218
20250211,601166.SH,0.009615384615384581,20250212,20250219
20250212,601166.SH,0.005791505791505891,20250213,20250220
20250213,601166.SH,-0.023156899810964027,20250214,20250221
20250214,601166.SH,-0.021957040572792463,20250217,20250224
20250217,601166.SH,-0.030403800475059417,20250218,20250225
20250218,601166.SH,-0.026666666666666616,20250219,20250226
20250219,601166.SH,0.0038387715930903177,20250220,20250227
20250220,601166.SH,0.0038703434929849845,20250221,20250228
20250221,601166.SH,0.012689116642264686,20250224,20250303
20250224,601166.SH,0.020088192062714505,20250225,20250304
20250225,601166.SH,0.03228962818003911,20250226,20250305
20250226,601166.SH,0.010038240917781938,20250227,20250306
20250227,601166.SH,0.029397590361445847,20250228,20250307
20250228,601166.SH,0.012048192771084265,20250303,20250310
20250303,601166.SH,0.023054755043227626,20250304,20250311
20250304,601166.SH,0.005687203791469031,20250305,20250312
20250305,601166.SH,0.010411736867013799,20250306,20250313
20250306,601166.SH,0.01872659176029967,20250307,20250314
20250307,601166.SH,0.042857142857142705,20250310,20250317
20250310,601166.SH,0.024882629107981113,20250311,20250318
20250311,601166.SH,0.05466540999057501,20250312,20250319
20250312,601166.SH,0.044496487119437766,20250313,20250320
20250313,601166.SH,-0.0059742647058824705,20250314,20250321
20250314,601166.SH,-0.0031963470319634757,20250317,20250324
20250317,601166.SH,-0.0022904260192393444,20250318,20250325
20250318,601166.SH,-0.04021447721179616,20250319,20250326
20250319,601166.SH,-0.0358744394618834,20250320,20250327
20250320,601166.SH,-0.004623208506703502,20250321,20250328
20250321,601166.SH,-0.01053595968850185,20250324,20250331
20250324,601166.SH,-0.023875114784205786,20250325,20250401
20250325,601166.SH,-0.010707635009311045,20250326,20250402
20250326,601166.SH,-0.014883720930232491,20250327,20250403
20250327,601166.SH,-0.06502554575011621,20250328,20250407
20250328,601166.SH,-0.0365740740740742,20250331,20250408
20250331,601166.SH,-0.040921919096895576,20250401,20250409
20250401,601166.SH,-0.023058823529411687,20250402,20250410
20250402,601166.SH,-0.02030217186024552,20250403,20250411
20250403,601166.SH,0.033283656234476044,20250407,20250414
20250407,601166.SH,0.014416146083613635,20250408,20250415
20250408,601166.SH,0.03629230014713092,20250409,20250416
20250409,601166.SH,0.01300578034682065,20250410,20250417
20250410,601166.SH,0.030843373493975923,20250411,20250418
20250411,601166.SH,0.013461538461538192,20250414,20250421
20250414,601166.SH,-0.003789673140691674,20250415,20250422
20250415,601166.SH,-0.008518693800283916,20250416,20250423
20250416,601166.SH,0.005706134094151105,20250417,20250424
20250417,601166.SH,-0.02103786816269282,20250418,20250425
20250418,601166.SH,0.0004743833017077925,20250421,20250428
20250421,601166.SH,-0.0004755111745126106,20250422,20250429
20250422,601166.SH,-0.0038186157517898778,20250423,20250430
20250423,601166.SH,-0.019858156028368712,20250424,20250506
20250424,601166.SH,0.0047755491881564804,20250425,20250507
20250425,601166.SH,0.020862968231389445,20250428,20250508
20250428,601166.SH,0.05137963843958149,20250429,20250509
20250429,601166.SH,0.06756109247724007,20250430,20250512
20250430,601166.SH,0.08779546550892436,20250506,20250513
20250506,601166.SH,0.08982889733840316,20250507,20250514
20250507,601166.SH,0.0631676730143984,20250508,20250515
20250508,601166.SH,0.02714932126696823,20250509,20250516
20250509,601166.SH,0.019748653500897495,20250512,20250519
20250512,601166.SH,-0.001330376940133049,20250513,20250520
20250513,601166.SH,-0.00959441779328385,20250514,20250521
20250514,601166.SH,0.00043687199650488395,20250515,20250522
20250515,601166.SH,0.004845814977973539,20250516,20250523
20250516,601166.SH,-0.004401408450704136,20250519,20250526
20250519,601166.SH,0.010657193605683846,20250520,20250527
20250520,601166.SH,-0.007485689123734152,20250521,20250528
20250521,601166.SH,-0.01091703056768556,20250522,20250529
20250522,601166.SH,-0.007452871547566686,20250523,20250530
20250523,601166.SH,0.048187444739168805,20250526,20250603
20250526,601166.SH,0.03778558875219673,20250527,20250604
20250527,601166.SH,0.04347826086956519,20250528,20250605
20250528,601166.SH,0.040176600441501176,20250529,20250606
20250529,601166.SH,0.051236749116607694,20250530,20250609
20250530,601166.SH,0.004217629692112812,20250603,20250610
20250603,601166.SH,0.015241320914479273,20250604,20250611
20250604,601166.SH,0.014455782312924992,20250605,20250612
20250605,601166.SH,-0.002546689303904892,20250606,20250613
20250606,601166.SH,0.006722689075630228,20250609,20250616
20250609,601166.SH,0.0,20250610,20250617
20250610,601166.SH,-0.0029190992493745016,20250611,20250618
20250611,601166.SH,-0.0025146689019278634,20250612,20250619
20250612,601166.SH,0.031471871792921435,20250613,20250620
20250613,601166.SH,0.03744121327072225,20250616,20250623
20250616,601166.SH,0.04837265467176777,20250617,20250624
20250617,601166.SH,0.053180339901638174,20250618,20250625
20250618,601166.SH,0.06332502741050883,20250619,20250626
20250619,601166.SH,0.017271157167530138,20250620,20250627
20250620,601166.SH,-0.01726315789473698,20250623,20250630
20250623,601166.SH,-0.012578616352201255,20250624,20250701
20250624,601166.SH,-0.006650041562759723,20250625,20250702
20250625,601166.SH,-0.004549214226633458,20250626,20250703
20250626,601166.SH,0.053904923599320975,20250627,20250704
20250627,601166.SH,0.07626392459297349,20250630,20250707
20250630,601166.SH,0.06751592356687897,20250701,20250708
20250701,601166.SH,0.0493723849372385,20250702,20250709
20250702,601166.SH,0.03614457831325324,20250703,20250710
20250703,601166.SH,-0.015304067660088627,20250704,20250711
20250704,601166.SH,-0.01711783439490433,20250707,20250714
20250707,601166.SH,-0.02824184566428023,20250708,20250715
20250708,601166.SH,-0.030701754385965008,20250709,20250716
20250709,601166.SH,-0.026062550120288797,20250710,20250717
20250710,601166.SH,-0.0012269938650306678,20250711,20250718
20250711,601166.SH,-0.027541514783313126,20250714,20250721
20250714,601166.SH,-0.02374130167826416,20250715,20250722
20250715,601166.SH,-0.021390374331550666,20250716,20250723
20250716,601166.SH,-0.03993412927130502,20250717,20250724
20250717,601166.SH,-0.05118755118755114,20250718,20250725
20250718,601166.SH,-0.0437317784256559,20250721,20250728
20250721,601166.SH,-0.04779874213836477,20250722,20250729
20250722,601166.SH,-0.04287515762925598,20250723,20250730
20250723,601166.SH,-0.029159519725557526,20250724,20250731
20250724,601166.SH,-0.027621924902891726,20250725,20250801
20250725,601166.SH,-0.007839721254355503,20250728,20250804
20250728,601166.SH,0.016732716864817032,20250729,20250805
20250729,601166.SH,0.00922266139657446,20250730,20250806
20250730,601166.SH,0.018992932862190948,20250731,20250807
20250731,601166.SH,0.023524189968930243,20250801,20250808
20250801,601166.SH,0.004389815627743543,20250804,20250811
20250804,601166.SH,-0.004330879168471302,20250805,20250812
20250805,601166.SH,-0.007832898172323799,20250806,20250813
20250806,601166.SH,-0.014737754659731261,20250807,20250814
20250807,601166.SH,-0.03209019947961844,20250808,20250815
20250808,601166.SH,-0.011363636363636131,20250811,20250818
20250811,601166.SH,-0.01913875598086101,20250812,20250819
20250812,601166.SH,-0.009210526315789447,20250813,20250820
20250813,601166.SH,-0.005279366476023006,20250814,20250821
20250814,601166.SH,0.02016129032258074,20250815,20250822
20250815,601166.SH,0.01458885941644561,20250818,20250825
20250818,601166.SH,0.014634146341463206,20250819,20250826
20250819,601166.SH,-0.003984063745019806,20250820,20250827
20250820,601166.SH,0.0070765148164528835,20250821,20250828
20250821,601166.SH,-0.015810276679841917,20250822,20250829
20250822,601166.SH,-0.04967320261437924,20250825,20250901
20250825,601166.SH,-0.03889860139860146,20250826,20250902
20250826,601166.SH,-0.034666666666666734,20250827,20250903
20250827,601166.SH,-0.037329819938515474,20250828,20250904
20250828,601166.SH,-0.029451137884872858,20250829,20250905
20250829,601166.SH,-0.016047684548372243,20250901,20250908
20250901,601166.SH,-0.02137335152341968,20250902,20250909
20250902,601166.SH,-0.01012891344383049,20250903,20250910
20250903,601166.SH,-0.0036496350364964014,20250904,20250911
20250904,601166.SH,-0.015172413793103301,20250905,20250912
20250905,601166.SH,-0.01817334575955265,20250908,20250915
20250908,601166.SH,-0.03810408921933084,20250909,20250916
20250909,601166.SH,-0.04232558139534881,20250910,20250917
20250910,601166.SH,-0.07280219780219788,20250911,20250918
20250911,601166.SH,-0.05275443510737643,20250912,20250919
20250912,601166.SH,-0.044613194114855315,20250915,20250922
20250915,601166.SH,-0.01400966183574881,20250916,20250923
20250916,601166.SH,-0.016998542982030185,20250917,20250924
20250917,601166.SH,-0.0019753086419751487,20250918,20250925
20250918,601166.SH,0.0014785608674223738,20250919,20250926
20250919,601166.SH,-0.003974167908594062,20250922,20250929
20250922,601166.SH,-0.027437530622243966,20250923,20250930
20250923,601166.SH,-0.02816205533596816,20250924,20251009
20250924,601166.SH,-0.0257298367144978,20250925,20251010
20250925,601166.SH,-0.030511811023622104,20250926,20251013
20250926,601166.SH,0.008977556109725837,20250929,20251014
20250929,601166.SH,0.023173803526448156,20250930,20251015
20250930,601166.SH,0.039654295882053825,20251009,20251016
20251009,601166.SH,0.02539360081259523,20251010,20251017
20251010,601166.SH,0.02842639593908647,20251013,20251020
20251013,601166.SH,-0.0034602076124568004,20251014,20251021
20251014,601166.SH,0.004431314623338345,20251015,20251022
20251015,601166.SH,0.01515892420537912,20251016,20251023
20251016,601166.SH,0.020307082714214886,20251017,20251024
20251017,601166.SH,0.008390918065152908,20251020,20251027
20251020,601166.SH,0.012896825396825351,20251021,20251028
20251021,601166.SH,-0.01911764705882346,20251022,20251029
20251022,601166.SH,-0.035163776493256305,20251023,20251030
20251023,601166.SH,-0.017961165048543615,20251024,20251031
20251024,601166.SH,0.006363191385217792,20251027,20251103
20251027,601166.SH,0.03525954946131238,20251028,20251104
20251028,601166.SH,0.06046976511744129,20251029,20251105
20251029,601166.SH,0.05641537693459808,20251030,20251106
20251030,601166.SH,0.046465645081561924,20251031,20251107
20251031,601166.SH,0.03015564202334642,20251103,20251110
20251103,601166.SH,0.0061494796594134815,20251104,20251111
20251104,601166.SH,0.0037700282752122227,20251105,20251112
20251105,601166.SH,0.005671077504725952,20251106,20251113
20251106,601166.SH,0.0203117619272557,20251107,20251114
20251107,601166.SH,0.011331444759206999,20251110,20251117
20251110,601166.SH,0.0014104372355430161,20251111,20251118
20251111,601166.SH,0.00610328638497637,20251112,20251119
20251112,601166.SH,0.011278195488721776,20251113,20251120
20251113,601166.SH,-0.011111111111111183,20251114,20251121
20251114,601166.SH,-0.019140989729225066,20251117,20251124
20251117,601166.SH,0.004694835680751019,20251118,20251125
20251118,601166.SH,-0.006066262249183274,20251119,20251126
20251119,601166.SH,-0.0060408921933085,20251120,20251127
20251120,601166.SH,-0.011704119850187378,20251121,20251128
20251121,601166.SH,0.007139457401237337,20251124,20251201
20251124,601166.SH,-0.011682242990654235,20251125,20251202
20251125,601166.SH,-0.016901408450704203,20251126,20251203
20251126,601166.SH,-0.024310425432445104,20251127,20251204
20251127,601166.SH,-0.014684983420179876,20251128,20251205
20251128,601166.SH,-0.013232514177693777,20251201,20251208
20251201,601166.SH,-0.020330969267139398,20251202,20251209
20251202,601166.SH,-0.028175740210124145,20251203,20251210
20251203,601166.SH,-0.021562050790608467,20251204,20251211
20251204,601166.SH,-0.007211538461538547,20251205,20251212
20251205,601166.SH,-0.009099616858237458,20251208,20251215
20251208,601166.SH,-0.014478764478764394,20251209,20251216
20251209,601166.SH,0.006388206388206363,20251210,20251217
20251210,601166.SH,0.025465230166503483,20251211,20251218
20251211,601166.SH,0.02130750605326881,20251212,20251219
20251212,601166.SH,0.014499758337360946,20251215,20251222
20251215,601166.SH,0.03134182174338873,20251216,20251223
20251216,601166.SH,0.02685546875,20251217,20251224
20251217,601166.SH,0.0047755491881567025,20251218,20251225
20251218,601166.SH,0.0023707918444761944,20251219,20251226
20251219,601166.SH,0.020485945688423213,20251222,20251229
20251222,601166.SH,0.0014245014245015675,20251223,20251230
20251223,601166.SH,0.0014265335235377208,20251224,20251231
20251224,601166.SH,0.00047528517110273505,20251225,20260105
20251225,601166.SH,0.015137180700094621,20251226,20260106
20251226,601166.SH,-0.008403361344538007,20251229,20260107
20251229,601166.SH,-0.008060692271218528,20251230,20260108
20251230,601166.SH,-0.010446343779677014,20251231,20260109
20251231,601166.SH,-0.006175771971496435,20260105,20260112
20260105,601166.SH,-0.020969245107176016,20260106,20260113
20260106,601166.SH,-0.03436911487758931,20260107,20260114
20260107,601166.SH,-0.028680688336520155,20260108,20260115
20260108,601166.SH,-0.03646833013435702,20260109,20260116
20260109,601166.SH,-0.040152963671128195,20260112,20260119
20260112,601166.SH,-0.043788672060923406,20260113,20260120
20260113,601166.SH,-0.04388103364212592,20260114,20260121
20260114,601166.SH,-0.04773622047244086,20260115,20260122
20260115,601166.SH,-0.047808764940239,20260116,20260123
20260116,601166.SH,-0.05976095617529875,20260119,20260126
20260119,601166.SH,-0.06321553011448489,20260120,20260127
20260120,601166.SH,-0.05405405405405406,20260121,20260128
20260121,601166.SH,-0.02377260981912155,20260122,20260129
20260122,601166.SH,-0.021966527196652708,20260123,20260130
20260123,601166.SH,-0.0005296610169490679,20260126,20260202
20260126,601166.SH,0.0037194473963868546,20260127,20260203
20260127,601166.SH,0.03396226415094339,20260128,20260204
20260128,601166.SH,0.025939650608787668,20260129,20260205
20260129,601166.SH,0.038291350877481145,20260130,20260206
20260130,601166.SH,0.030574940857099664,20260202,20260209
20260202,601166.SH,0.02621214340096989,20260203,20260210
20260203,601166.SH,0.012844032964742125,20260204,20260211
20260204,601166.SH,-0.01195868425270552,20260205,20260212
20260205,601166.SH,-0.019098143236074394,20260206,20260213
20260206,601166.SH,-0.03072033898305071,20260209,20260225
20260209,601166.SH,-0.030286928799149848,20260210,20260226
20260210,601166.SH,-0.029162248144220637,20260211,20260227
20260211,601166.SH,-0.015061861215707406,20260212,20260302
20260212,601166.SH,-0.0027041644131962084,20260213,20260303
20260213,601166.SH,-0.00874316939890718,20260225,20260304
20260225,601166.SH,0.014794520547945167,20260226,20260306
20260226,601166.SH,-0.0005461496450025471,20260227,20260309
20260227,601166.SH,0.008738394320043641,20260302,20260310
20260302,601166.SH,0.014642082429501047,20260303,20260311
20260303,601166.SH,0.036934950385887566,20260304,20260312
20260304,601166.SH,0.01673866090712739,20260306,20260313
20260306,601166.SH,0.02896174863387979,20260309,20260316
20260309,601166.SH,0.029236599891716564,20260310,20260317
20260310,601166.SH,0.01282736504543025,20260311,20260318
20260311,601166.SH,0.0010632642211589882,20260312,20260319
20260312,601166.SH,-0.0021242697822623224,20260313,20260320
20260313,601166.SH,-0.03133342388534721,20260316,20260323
20260316,601166.SH,-0.015255128879537283,20260317,20260324
20260317,601166.SH,-0.010026385224274237,20260318,20260325
20260318,601166.SH,0.0026553372278279586,20260319,20260326
20260319,601166.SH,-0.0047897817988291624,20260320,20260327
20260320,601166.SH,0.02467152293339825,20260323,20260330
20260323,601166.SH,0.005341880341880545,20260324,20260331
20260324,601166.SH,0.007995735607675858,20260325,20260401
20260325,601166.SH,0.0010593220338983578,20260326,20260402
20260326,601166.SH,-0.0005347593582887278,20260327,20260403
20260327,601166.SH,-0.008560727661851342,20260330,20260407
20260330,601166.SH,-0.002125398512221044,20260331,20260408
20260331,601166.SH,-0.016393442622950727,20260401,20260409
20260401,601166.SH,-0.01957671957671947,20260402,20260410
20260402,601166.SH,-0.014446227929374,20260403,20260413
20260403,601166.SH,0.0021586616297895045,20260407,20260414
20260407,601166.SH,-0.00425985090521841,20260408,20260415
20260408,601166.SH,0.0005376344086021057,20260409,20260416
20260409,601166.SH,-0.007015650296816056,20260410,20260417
20260410,601166.SH,-0.0032573289902281255,20260413,20260420
20260413,601166.SH,-0.008077544426494221,20260414,20260421
20260414,601166.SH,-0.025668449197861043,20260415,20260422
20260415,601166.SH,-0.022031166039763628,20260416,20260423
20260416,601166.SH,-0.011956521739130421,20260417,20260424
20260417,601166.SH,-0.010348583877995532,20260420,20260427
20260420,601166.SH,-0.015200868621064179,20260421,20260428
20260421,601166.SH,-0.002195389681668436,20260422,20260429
20260422,601166.SH,-0.014835164835164782,20260423,20260430
20260423,601166.SH,-0.021452145214521434,20260424,20260506
20260424,601166.SH,-0.023115024766098058,20260427,20260507
20260427,601166.SH,-0.022601984564498356,20260428,20260508
20260428,601166.SH,-0.024752475247524774,20260429,20260511
20260429,601166.SH,-0.010039040713887393,20260430,20260512
20260430,601166.SH,-0.005621135469364602,20260506,20260513
20260506,601166.SH,-0.0033802816901407073,20260507,20260514
20260507,601166.SH,-0.0033840947546529554,20260508,20260515
20260508,601166.SH,-0.015792442188381273,20260511,20260518
20260511,601166.SH,-0.014084507042253502,20260512,20260519
20260512,601166.SH,-0.020350480497456358,20260513,20260520
20260513,601166.SH,-0.018089315997738886,20260514,20260521
20260514,601166.SH,-0.011884550084889756,20260515,20260522
20260515,601166.SH,0.010888252148997246,20260518,20260525
20260518,601166.SH,0.018857142857142684,20260519,20260526
20260519,601166.SH,0.038661281015579974,20260520,20260527
20260520,601166.SH,0.034542314335060276,20260521,20260528
20260521,601166.SH,0.0595647193585338,20260522,20260529
20260522,601166.SH,0.04535147392290262,20260525,20260601
20260525,601166.SH,0.04374649467190128,20260526,20260602
20260526,601166.SH,0.027222222222222037,20260527,20260603
20260527,601166.SH,0.017807456872565464,20260528,20260604
20260528,601166.SH,0.005405405405405572,20260529,20260605
20260529,601166.SH,0.005422993492407713,20260601,20260608
20260601,601166.SH,-0.008597528210639527,20260602,20260609
20260602,601166.SH,0.021633315305570777,20260603,20260610
20260603,601166.SH,0.027337342810278775,20260604,20260611
20260604,601166.SH,0.027945862316479442,20260605,20260612
20260605,601166.SH,0.010214860248278113,20260608,20260615
20260608,601166.SH,0.006233092084983349,20260609,20260616
20260609,601166.SH,-0.02971413213777474,20260610,20260617
20260610,601166.SH,-0.05298268101100312,20260611,20260618
20260611,601166.SH,-0.0472864051585169,20260612,20260622
20260612,601166.SH,-0.03181568842567206,20260615,20260623
20260615,601166.SH,-0.05257332595462083,20260616,20260624
20260616,601166.SH,-0.05044843049327341,20260617,20260625
20260617,601166.SH,-0.03175519630484991,20260618,20260626
20260618,601166.SH,-0.04794134235758618,20260622,20260629
20260622,601166.SH,-0.06175637393767708,20260623,20260630
20260623,601166.SH,-0.02453271028037385,20260624,20260701
20260624,601166.SH,0.007083825265643329,20260625,20260702
20260625,601166.SH,0.014311270125223707,20260626,20260703
20260626,601166.SH,0.013625592417061627,20260629,20260706
20260629,601166.SH,0.03079710144927561,20260630,20260707
20260630,601166.SH,0.030538922155688653,20260701,20260708
20260701,601166.SH,0.007620164126612261,20260702,20260709
20260702,601166.SH,0.018812463256907552,20260703,20260710
20260703,601166.SH,0.021040327293980088,20260706,20260713
20260706,601166.SH,0.022261277094317355,20260707,20260714
20260707,601166.SH,0.03486345148169656,20260708,20260715
20260708,601166.SH,0.027341477603257447,20260709,20260716
20260709,601166.SH,0.024235429890363536,20260710,20260717
20260710,601166.SH,0.0497996565540928,20260713,20260720
20260713,601166.SH,0.02521489971346713,20260714,20260721
20260714,601166.SH,0.020774845592363755,20260715,20260722
20260715,601166.SH,0.03397508493771251,20260716,20260723
20260716,601166.SH,0.03267605633802817,20260717,20260724
