date,symbol,in_universe
20240102,600519.SH,True
20240103,600519.SH,True
20240104,600519.SH,True
20240105,600519.SH,True
20240108,600519.SH,True
20240109,600519.SH,True
20240110,600519.SH,True
20240111,600519.SH,True
20240112,600519.SH,True
20240115,600519.SH,True
20240116,600519.SH,True
20240117,600519.SH,True
20240118,600519.SH,True
20240119,600519.SH,True
20240122,600519.SH,True
20240123,600519.SH,True
20240124,600519.SH,True
20240125,600519.SH,True
20240126,600519.SH,True
20240129,600519.SH,True
20240130,600519.SH,True
20240131,600519.SH,True
20240201,600519.SH,True
20240202,600519.SH,True
20240205,600519.SH,True
20240206,600519.SH,True
20240207,600519.SH,True
20240208,600519.SH,True
20240219,600519.SH,True
20240220,600519.SH,True
20240221,600519.SH,True
20240222,600519.SH,True
20240223,600519.SH,True
20240226,600519.SH,True
20240227,600519.SH,True
20240228,600519.SH,True
20240229,600519.SH,True
20240301,600519.SH,True
20240304,600519.SH,True
20240305,600519.SH,True
20240306,600519.SH,True
20240307,600519.SH,True
20240308,600519.SH,True
20240311,600519.SH,True
20240312,600519.SH,True
20240313,600519.SH,True
20240314,600519.SH,True
20240315,600519.SH,True
20240318,600519.SH,True
20240319,600519.SH,True
20240320,600519.SH,True
20240321,600519.SH,True
20240322,600519.SH,True
20240325,600519.SH,True
20240326,600519.SH,True
20240327,600519.SH,True
20240328,600519.SH,True
20240329,600519.SH,True
20240401,600519.SH,True
20240402,600519.SH,True
20240403,600519.SH,True
20240408,600519.SH,True
20240409,600519.SH,True
20240410,600519.SH,True
20240411,600519.SH,True
20240412,600519.SH,True
20240415,600519.SH,True
20240416,600519.SH,True
20240417,600519.SH,True
20240418,600519.SH,True
20240419,600519.SH,True
20240422,600519.SH,True
20240423,600519.SH,True
20240424,600519.SH,True
20240425,600519.SH,True
20240426,600519.SH,True
20240429,600519.SH,True
20240430,600519.SH,True
20240506,600519.SH,True
20240507,600519.SH,True
20240508,600519.SH,True
20240509,600519.SH,True
20240510,600519.SH,True
20240513,600519.SH,True
20240514,600519.SH,True
20240515,600519.SH,True
20240516,600519.SH,True
20240517,600519.SH,True
20240520,600519.SH,True
20240521,600519.SH,True
20240522,600519.SH,True
20240523,600519.SH,True
20240524,600519.SH,True
20240527,600519.SH,True
20240528,600519.SH,True
20240529,600519.SH,True
20240530,600519.SH,True
20240531,600519.SH,True
20240603,600519.SH,True
20240604,600519.SH,True
20240605,600519.SH,True
20240606,600519.SH,True
20240607,600519.SH,True
20240611,600519.SH,True
20240612,600519.SH,True
20240613,600519.SH,True
20240614,600519.SH,True
20240617,600519.SH,True
20240618,600519.SH,True
20240619,600519.SH,True
20240620,600519.SH,True
20240621,600519.SH,True
20240624,600519.SH,True
20240625,600519.SH,True
20240626,600519.SH,True
20240627,600519.SH,True
20240628,600519.SH,True
20240701,600519.SH,True
20240702,600519.SH,True
20240703,600519.SH,True
20240704,600519.SH,True
20240705,600519.SH,True
20240708,600519.SH,True
20240709,600519.SH,True
20240710,600519.SH,True
20240711,600519.SH,True
20240712,600519.SH,True
20240715,600519.SH,True
20240716,600519.SH,True
20240717,600519.SH,True
20240718,600519.SH,True
20240719,600519.SH,True
20240722,600519.SH,True
20240723,600519.SH,True
20240724,600519.SH,True
20240725,600519.SH,True
20240726,600519.SH,True
20240729,600519.SH,True
20240730,600519.SH,True
20240731,600519.SH,True
20240801,600519.SH,True
20240802,600519.SH,True
20240805,600519.SH,True
20240806,600519.SH,True
20240807,600519.SH,True
20240808,600519.SH,True
20240809,600519.SH,True
20240812,600519.SH,True
20240813,600519.SH,True
20240814,600519.SH,True
20240815,600519.SH,True
20240816,600519.SH,True
20240819,600519.SH,True
20240820,600519.SH,True
20240821,600519.SH,True
20240822,600519.SH,True
20240823,600519.SH,True
20240826,600519.SH,True
20240827,600519.SH,True
20240828,600519.SH,True
20240829,600519.SH,True
20240830,600519.SH,True
20240902,600519.SH,True
20240903,600519.SH,True
20240904,600519.SH,True
20240905,600519.SH,True
20240906,600519.SH,True
20240909,600519.SH,True
20240910,600519.SH,True
20240911,600519.SH,True
20240912,600519.SH,True
20240913,600519.SH,True
20240918,600519.SH,True
20240919,600519.SH,True
20240920,600519.SH,True
20240923,600519.SH,True
20240924,600519.SH,True
20240925,600519.SH,True
20240926,600519.SH,True
20240927,600519.SH,True
20240930,600519.SH,True
20241008,600519.SH,True
20241009,600519.SH,True
20241010,600519.SH,True
20241011,600519.SH,True
20241014,600519.SH,True
20241015,600519.SH,True
20241016,600519.SH,True
20241017,600519.SH,True
20241018,600519.SH,True
20241021,600519.SH,True
20241022,600519.SH,True
20241023,600519.SH,True
20241024,600519.SH,True
20241025,600519.SH,True
20241028,600519.SH,True
20241029,600519.SH,True
20241030,600519.SH,True
20241031,600519.SH,True
20241101,600519.SH,True
20241104,600519.SH,True
20241105,600519.SH,True
20241106,600519.SH,True
20241107,600519.SH,True
20241108,600519.SH,True
20241111,600519.SH,True
20241112,600519.SH,True
20241113,600519.SH,True
20241114,600519.SH,True
20241115,600519.SH,True
20241118,600519.SH,True
20241119,600519.SH,True
20241120,600519.SH,True
20241121,600519.SH,True
20241122,600519.SH,True
20241125,600519.SH,True
20241126,600519.SH,True
20241127,600519.SH,True
20241128,600519.SH,True
20241129,600519.SH,True
20241202,600519.SH,True
20241203,600519.SH,True
20241204,600519.SH,True
20241205,600519.SH,True
20241206,600519.SH,True
20241209,600519.SH,True
20241210,600519.SH,True
20241211,600519.SH,True
20241212,600519.SH,True
20241213,600519.SH,True
20241216,600519.SH,True
20241217,600519.SH,True
20241218,600519.SH,True
20241219,600519.SH,True
20241220,600519.SH,True
20241223,600519.SH,True
20241224,600519.SH,True
20241225,600519.SH,True
20241226,600519.SH,True
20241227,600519.SH,True
20241230,600519.SH,True
20241231,600519.SH,True
20250102,600519.SH,True
20250103,600519.SH,True
20250106,600519.SH,True
20250107,600519.SH,True
20250108,600519.SH,True
20250109,600519.SH,True
20250110,600519.SH,True
20250113,600519.SH,True
20250114,600519.SH,True
20250115,600519.SH,True
20250116,600519.SH,True
20250117,600519.SH,True
20250120,600519.SH,True
20250121,600519.SH,True
20250122,600519.SH,True
20250123,600519.SH,True
20250124,600519.SH,True
20250127,600519.SH,True
20250205,600519.SH,True
20250206,600519.SH,True
20250207,600519.SH,True
20250210,600519.SH,True
20250211,600519.SH,True
20250212,600519.SH,True
20250213,600519.SH,True
20250214,600519.SH,True
20250217,600519.SH,True
20250218,600519.SH,True
20250219,600519.SH,True
20250220,600519.SH,True
20250221,600519.SH,True
20250224,600519.SH,True
20250225,600519.SH,True
20250226,600519.SH,True
20250227,600519.SH,True
20250228,600519.SH,True
20250303,600519.SH,True
20250304,600519.SH,True
20250305,600519.SH,True
20250306,600519.SH,True
20250307,600519.SH,True
20250310,600519.SH,True
20250311,600519.SH,True
20250312,600519.SH,True
20250313,600519.SH,True
20250314,600519.SH,True
20250317,600519.SH,True
20250318,600519.SH,True
20250319,600519.SH,True
20250320,600519.SH,True
20250321,600519.SH,True
20250324,600519.SH,True
20250325,600519.SH,True
20250326,600519.SH,True
20250327,600519.SH,True
20250328,600519.SH,True
20250331,600519.SH,True
20250401,600519.SH,True
20250402,600519.SH,True
20250403,600519.SH,True
20250407,600519.SH,True
20250408,600519.SH,True
20250409,600519.SH,True
20250410,600519.SH,True
20250411,600519.SH,True
20250414,600519.SH,True
20250415,600519.SH,True
20250416,600519.SH,True
20250417,600519.SH,True
20250418,600519.SH,True
20250421,600519.SH,True
20250422,600519.SH,True
20250423,600519.SH,True
20250424,600519.SH,True
20250425,600519.SH,True
20250428,600519.SH,True
20250429,600519.SH,True
20250430,600519.SH,True
20250506,600519.SH,True
20250507,600519.SH,True
20250508,600519.SH,True
20250509,600519.SH,True
20250512,600519.SH,True
20250513,600519.SH,True
20250514,600519.SH,True
20250515,600519.SH,True
20250516,600519.SH,True
20250519,600519.SH,True
20250520,600519.SH,True
20250521,600519.SH,True
20250522,600519.SH,True
20250523,600519.SH,True
20250526,600519.SH,True
20250527,600519.SH,True
20250528,600519.SH,True
20250529,600519.SH,True
20250530,600519.SH,True
20250603,600519.SH,True
20250604,600519.SH,True
20250605,600519.SH,True
20250606,600519.SH,True
20250609,600519.SH,True
20250610,600519.SH,True
20250611,600519.SH,True
20250612,600519.SH,True
20250613,600519.SH,True
20250616,600519.SH,True
20250617,600519.SH,True
20250618,600519.SH,True
20250619,600519.SH,True
20250620,600519.SH,True
20250623,600519.SH,True
20250624,600519.SH,True
20250625,600519.SH,True
20250626,600519.SH,True
20250627,600519.SH,True
20250630,600519.SH,True
20250701,600519.SH,True
20250702,600519.SH,True
20250703,600519.SH,True
20250704,600519.SH,True
20250707,600519.SH,True
20250708,600519.SH,True
20250709,600519.SH,True
20250710,600519.SH,True
20250711,600519.SH,True
20250714,600519.SH,True
20250715,600519.SH,True
20250716,600519.SH,True
20250717,600519.SH,True
20250718,600519.SH,True
20250721,600519.SH,True
20250722,600519.SH,True
20250723,600519.SH,True
20250724,600519.SH,True
20250725,600519.SH,True
20250728,600519.SH,True
20250729,600519.SH,True
20250730,600519.SH,True
20250731,600519.SH,True
20250801,600519.SH,True
20250804,600519.SH,True
20250805,600519.SH,True
20250806,600519.SH,True
20250807,600519.SH,True
20250808,600519.SH,True
20250811,600519.SH,True
20250812,600519.SH,True
20250813,600519.SH,True
20250814,600519.SH,True
20250815,600519.SH,True
20250818,600519.SH,True
20250819,600519.SH,True
20250820,600519.SH,True
20250821,600519.SH,True
20250822,600519.SH,True
20250825,600519.SH,True
20250826,600519.SH,True
20250827,600519.SH,True
20250828,600519.SH,True
20250829,600519.SH,True
20250901,600519.SH,True
20250902,600519.SH,True
20250903,600519.SH,True
20250904,600519.SH,True
20250905,600519.SH,True
20250908,600519.SH,True
20250909,600519.SH,True
20250910,600519.SH,True
20250911,600519.SH,True
20250912,600519.SH,True
20250915,600519.SH,True
20250916,600519.SH,True
20250917,600519.SH,True
20250918,600519.SH,True
20250919,600519.SH,True
20250922,600519.SH,True
20250923,600519.SH,True
20250924,600519.SH,True
20250925,600519.SH,True
20250926,600519.SH,True
20250929,600519.SH,True
20250930,600519.SH,True
20251009,600519.SH,True
20251010,600519.SH,True
20251013,600519.SH,True
20251014,600519.SH,True
20251015,600519.SH,True
20251016,600519.SH,True
20251017,600519.SH,True
20251020,600519.SH,True
20251021,600519.SH,True
20251022,600519.SH,True
20251023,600519.SH,True
20251024,600519.SH,True
20251027,600519.SH,True
20251028,600519.SH,True
20251029,600519.SH,True
20251030,600519.SH,True
20251031,600519.SH,True
20251103,600519.SH,True
20251104,600519.SH,True
20251105,600519.SH,True
20251106,600519.SH,True
20251107,600519.SH,True
20251110,600519.SH,True
20251111,600519.SH,True
20251112,600519.SH,True
20251113,600519.SH,True
20251114,600519.SH,True
20251117,600519.SH,True
20251118,600519.SH,True
20251119,600519.SH,True
20251120,600519.SH,True
20251121,600519.SH,True
20251124,600519.SH,True
20251125,600519.SH,True
20251126,600519.SH,True
20251127,600519.SH,True
20251128,600519.SH,True
20251201,600519.SH,True
20251202,600519.SH,True
20251203,600519.SH,True
20251204,600519.SH,True
20251205,600519.SH,True
20251208,600519.SH,True
20251209,600519.SH,True
20251210,600519.SH,True
20251211,600519.SH,True
20251212,600519.SH,True
20251215,600519.SH,True
20251216,600519.SH,True
20251217,600519.SH,True
20251218,600519.SH,True
20251219,600519.SH,True
20251222,600519.SH,True
20251223,600519.SH,True
20251224,600519.SH,True
20251225,600519.SH,True
20251226,600519.SH,True
20251229,600519.SH,True
20251230,600519.SH,True
20251231,600519.SH,True
20260105,600519.SH,True
20260106,600519.SH,True
20260107,600519.SH,True
20260108,600519.SH,True
20260109,600519.SH,True
20260112,600519.SH,True
20260113,600519.SH,True
20260114,600519.SH,True
20260115,600519.SH,True
20260116,600519.SH,True
20260119,600519.SH,True
20260120,600519.SH,True
20260121,600519.SH,True
20260122,600519.SH,True
20260123,600519.SH,True
20260126,600519.SH,True
20260127,600519.SH,True
20260128,600519.SH,True
20260129,600519.SH,True
20260130,600519.SH,True
20260202,600519.SH,True
20260203,600519.SH,True
20260204,600519.SH,True
20260205,600519.SH,True
20260206,600519.SH,True
20260209,600519.SH,True
20260210,600519.SH,True
20260211,600519.SH,True
20260212,600519.SH,True
20260213,600519.SH,True
20260225,600519.SH,True
20260226,600519.SH,True
20260227,600519.SH,True
20260302,600519.SH,True
20260303,600519.SH,True
20260304,600519.SH,True
20260306,600519.SH,True
20260309,600519.SH,True
20260310,600519.SH,True
20260311,600519.SH,True
20260312,600519.SH,True
20260313,600519.SH,True
20260316,600519.SH,True
20260317,600519.SH,True
20260318,600519.SH,True
20260319,600519.SH,True
20260320,600519.SH,True
20260323,600519.SH,True
20260324,600519.SH,True
20260325,600519.SH,True
20260326,600519.SH,True
20260327,600519.SH,True
20260330,600519.SH,True
20260331,600519.SH,True
20260401,600519.SH,True
20260402,600519.SH,True
20260403,600519.SH,True
20260407,600519.SH,True
20260408,600519.SH,True
20260409,600519.SH,True
20260410,600519.SH,True
20260413,600519.SH,True
20260414,600519.SH,True
20260415,600519.SH,True
20260416,600519.SH,True
20260417,600519.SH,True
20260420,600519.SH,True
20260421,600519.SH,True
20260422,600519.SH,True
20260423,600519.SH,True
20260424,600519.SH,True
20260427,600519.SH,True
20260428,600519.SH,True
20260429,600519.SH,True
20260430,600519.SH,True
20260506,600519.SH,True
20260507,600519.SH,True
20260508,600519.SH,True
20260511,600519.SH,True
20260512,600519.SH,True
20260513,600519.SH,True
20260514,600519.SH,True
20260515,600519.SH,True
20260518,600519.SH,True
20260519,600519.SH,True
20260520,600519.SH,True
20260521,600519.SH,True
20260522,600519.SH,True
20260525,600519.SH,True
20260526,600519.SH,True
20260527,600519.SH,True
20260528,600519.SH,True
20260529,600519.SH,True
20260601,600519.SH,True
20260602,600519.SH,True
20260603,600519.SH,True
20260604,600519.SH,True
20260605,600519.SH,True
20260608,600519.SH,True
20260609,600519.SH,True
20260610,600519.SH,True
20260611,600519.SH,True
20260612,600519.SH,True
20260615,600519.SH,True
20260616,600519.SH,True
20260617,600519.SH,True
20260618,600519.SH,True
20260622,600519.SH,True
20260623,600519.SH,True
20260624,600519.SH,True
20260625,600519.SH,True
20260626,600519.SH,True
20260629,600519.SH,True
20260630,600519.SH,True
20260701,600519.SH,True
20260702,600519.SH,True
20260703,600519.SH,True
20260706,600519.SH,True
20260707,600519.SH,True
20260708,600519.SH,True
20260709,600519.SH,True
20260710,600519.SH,True
20260713,600519.SH,True
20260714,600519.SH,True
20260715,600519.SH,True
20260716,600519.SH,True
20240102,300750.SZ,True
20240103,300750.SZ,True
20240104,300750.SZ,True
20240105,300750.SZ,True
20240108,300750.SZ,True
20240109,300750.SZ,True
20240110,300750.SZ,True
20240111,300750.SZ,True
20240112,300750.SZ,True
20240115,300750.SZ,True
20240116,300750.SZ,True
20240117,300750.SZ,True
20240118,300750.SZ,True
20240119,300750.SZ,True
20240122,300750.SZ,True
20240123,300750.SZ,True
20240124,300750.SZ,True
20240125,300750.SZ,True
20240126,300750.SZ,True
20240129,300750.SZ,True
20240130,300750.SZ,True
20240131,300750.SZ,True
20240201,300750.SZ,True
20240202,300750.SZ,True
20240205,300750.SZ,True
20240206,300750.SZ,True
20240207,300750.SZ,True
20240208,300750.SZ,True
20240219,300750.SZ,True
20240220,300750.SZ,True
20240221,300750.SZ,True
20240222,300750.SZ,True
20240223,300750.SZ,True
20240226,300750.SZ,True
20240227,300750.SZ,True
20240228,300750.SZ,True
20240229,300750.SZ,True
20240301,300750.SZ,True
20240304,300750.SZ,True
20240305,300750.SZ,True
20240306,300750.SZ,True
20240307,300750.SZ,True
20240308,300750.SZ,True
20240311,300750.SZ,True
20240312,300750.SZ,True
20240313,300750.SZ,True
20240314,300750.SZ,True
20240315,300750.SZ,True
20240318,300750.SZ,True
20240319,300750.SZ,True
20240320,300750.SZ,True
20240321,300750.SZ,True
20240322,300750.SZ,True
20240325,300750.SZ,True
20240326,300750.SZ,True
20240327,300750.SZ,True
20240328,300750.SZ,True
20240329,300750.SZ,True
20240401,300750.SZ,True
20240402,300750.SZ,True
20240403,300750.SZ,True
20240408,300750.SZ,True
20240409,300750.SZ,True
20240410,300750.SZ,True
20240411,300750.SZ,True
20240412,300750.SZ,True
20240415,300750.SZ,True
20240416,300750.SZ,True
20240417,300750.SZ,True
20240418,300750.SZ,True
20240419,300750.SZ,True
20240422,300750.SZ,True
20240423,300750.SZ,True
20240424,300750.SZ,True
20240425,300750.SZ,True
20240426,300750.SZ,True
20240429,300750.SZ,True
20240430,300750.SZ,True
20240506,300750.SZ,True
20240507,300750.SZ,True
20240508,300750.SZ,True
20240509,300750.SZ,True
20240510,300750.SZ,True
20240513,300750.SZ,True
20240514,300750.SZ,True
20240515,300750.SZ,True
20240516,300750.SZ,True
20240517,300750.SZ,True
20240520,300750.SZ,True
20240521,300750.SZ,True
20240522,300750.SZ,True
20240523,300750.SZ,True
20240524,300750.SZ,True
20240527,300750.SZ,True
20240528,300750.SZ,True
20240529,300750.SZ,True
20240530,300750.SZ,True
20240531,300750.SZ,True
20240603,300750.SZ,True
20240604,300750.SZ,True
20240605,300750.SZ,True
20240606,300750.SZ,True
20240607,300750.SZ,True
20240611,300750.SZ,True
20240612,300750.SZ,True
20240613,300750.SZ,True
20240614,300750.SZ,True
20240617,300750.SZ,True
20240618,300750.SZ,True
20240619,300750.SZ,True
20240620,300750.SZ,True
20240621,300750.SZ,True
20240624,300750.SZ,True
20240625,300750.SZ,True
20240626,300750.SZ,True
20240627,300750.SZ,True
20240628,300750.SZ,True
20240701,300750.SZ,True
20240702,300750.SZ,True
20240703,300750.SZ,True
20240704,300750.SZ,True
20240705,300750.SZ,True
20240708,300750.SZ,True
20240709,300750.SZ,True
20240710,300750.SZ,True
20240711,300750.SZ,True
20240712,300750.SZ,True
20240715,300750.SZ,True
20240716,300750.SZ,True
20240717,300750.SZ,True
20240718,300750.SZ,True
20240719,300750.SZ,True
20240722,300750.SZ,True
20240723,300750.SZ,True
20240724,300750.SZ,True
20240725,300750.SZ,True
20240726,300750.SZ,True
20240729,300750.SZ,True
20240730,300750.SZ,True
20240731,300750.SZ,True
20240801,300750.SZ,True
20240802,300750.SZ,True
20240805,300750.SZ,True
20240806,300750.SZ,True
20240807,300750.SZ,True
20240808,300750.SZ,True
20240809,300750.SZ,True
20240812,300750.SZ,True
20240813,300750.SZ,True
20240814,300750.SZ,True
20240815,300750.SZ,True
20240816,300750.SZ,True
20240819,300750.SZ,True
20240820,300750.SZ,True
20240821,300750.SZ,True
20240822,300750.SZ,True
20240823,300750.SZ,True
20240826,300750.SZ,True
20240827,300750.SZ,True
20240828,300750.SZ,True
20240829,300750.SZ,True
20240830,300750.SZ,True
20240902,300750.SZ,True
20240903,300750.SZ,True
20240904,300750.SZ,True
20240905,300750.SZ,True
20240906,300750.SZ,True
20240909,300750.SZ,True
20240910,300750.SZ,True
20240911,300750.SZ,True
20240912,300750.SZ,True
20240913,300750.SZ,True
20240918,300750.SZ,True
20240919,300750.SZ,True
20240920,300750.SZ,True
20240923,300750.SZ,True
20240924,300750.SZ,True
20240925,300750.SZ,True
20240926,300750.SZ,True
20240927,300750.SZ,True
20240930,300750.SZ,True
20241008,300750.SZ,True
20241009,300750.SZ,True
20241010,300750.SZ,True
20241011,300750.SZ,True
20241014,300750.SZ,True
20241015,300750.SZ,True
20241016,300750.SZ,True
20241017,300750.SZ,True
20241018,300750.SZ,True
20241021,300750.SZ,True
20241022,300750.SZ,True
20241023,300750.SZ,True
20241024,300750.SZ,True
20241025,300750.SZ,True
20241028,300750.SZ,True
20241029,300750.SZ,True
20241030,300750.SZ,True
20241031,300750.SZ,True
20241101,300750.SZ,True
20241104,300750.SZ,True
20241105,300750.SZ,True
20241106,300750.SZ,True
20241107,300750.SZ,True
20241108,300750.SZ,True
20241111,300750.SZ,True
20241112,300750.SZ,True
20241113,300750.SZ,True
20241114,300750.SZ,True
20241115,300750.SZ,True
20241118,300750.SZ,True
20241119,300750.SZ,True
20241120,300750.SZ,True
20241121,300750.SZ,True
20241122,300750.SZ,True
20241125,300750.SZ,True
20241126,300750.SZ,True
20241127,300750.SZ,True
20241128,300750.SZ,True
20241129,300750.SZ,True
20241202,300750.SZ,True
20241203,300750.SZ,True
20241204,300750.SZ,True
20241205,300750.SZ,True
20241206,300750.SZ,True
20241209,300750.SZ,True
20241210,300750.SZ,True
20241211,300750.SZ,True
20241212,300750.SZ,True
20241213,300750.SZ,True
20241216,300750.SZ,True
20241217,300750.SZ,True
20241218,300750.SZ,True
20241219,300750.SZ,True
20241220,300750.SZ,True
20241223,300750.SZ,True
20241224,300750.SZ,True
20241225,300750.SZ,True
20241226,300750.SZ,True
20241227,300750.SZ,True
20241230,300750.SZ,True
20241231,300750.SZ,True
20250102,300750.SZ,True
20250103,300750.SZ,True
20250106,300750.SZ,True
20250107,300750.SZ,True
20250108,300750.SZ,True
20250109,300750.SZ,True
20250110,300750.SZ,True
20250113,300750.SZ,True
20250114,300750.SZ,True
20250115,300750.SZ,True
20250116,300750.SZ,True
20250117,300750.SZ,True
20250120,300750.SZ,True
20250121,300750.SZ,True
20250122,300750.SZ,True
20250123,300750.SZ,True
20250124,300750.SZ,True
20250127,300750.SZ,True
20250205,300750.SZ,True
20250206,300750.SZ,True
20250207,300750.SZ,True
20250210,300750.SZ,True
20250211,300750.SZ,True
20250212,300750.SZ,True
20250213,300750.SZ,True
20250214,300750.SZ,True
20250217,300750.SZ,True
20250218,300750.SZ,True
20250219,300750.SZ,True
20250220,300750.SZ,True
20250221,300750.SZ,True
20250224,300750.SZ,True
20250225,300750.SZ,True
20250226,300750.SZ,True
20250227,300750.SZ,True
20250228,300750.SZ,True
20250303,300750.SZ,True
20250304,300750.SZ,True
20250305,300750.SZ,True
20250306,300750.SZ,True
20250307,300750.SZ,True
20250310,300750.SZ,True
20250311,300750.SZ,True
20250312,300750.SZ,True
20250313,300750.SZ,True
20250314,300750.SZ,True
20250317,300750.SZ,True
20250318,300750.SZ,True
20250319,300750.SZ,True
20250320,300750.SZ,True
20250321,300750.SZ,True
20250324,300750.SZ,True
20250325,300750.SZ,True
20250326,300750.SZ,True
20250327,300750.SZ,True
20250328,300750.SZ,True
20250331,300750.SZ,True
20250401,300750.SZ,True
20250402,300750.SZ,True
20250403,300750.SZ,True
20250407,300750.SZ,True
20250408,300750.SZ,True
20250409,300750.SZ,True
20250410,300750.SZ,True
20250411,300750.SZ,True
20250414,300750.SZ,True
20250415,300750.SZ,True
20250416,300750.SZ,True
20250417,300750.SZ,True
20250418,300750.SZ,True
20250421,300750.SZ,True
20250422,300750.SZ,True
20250423,300750.SZ,True
20250424,300750.SZ,True
20250425,300750.SZ,True
20250428,300750.SZ,True
20250429,300750.SZ,True
20250430,300750.SZ,True
20250506,300750.SZ,True
20250507,300750.SZ,True
20250508,300750.SZ,True
20250509,300750.SZ,True
20250512,300750.SZ,True
20250513,300750.SZ,True
20250514,300750.SZ,True
20250515,300750.SZ,True
20250516,300750.SZ,True
20250519,300750.SZ,True
20250520,300750.SZ,True
20250521,300750.SZ,True
20250522,300750.SZ,True
20250523,300750.SZ,True
20250526,300750.SZ,True
20250527,300750.SZ,True
20250528,300750.SZ,True
20250529,300750.SZ,True
20250530,300750.SZ,True
20250603,300750.SZ,True
20250604,300750.SZ,True
20250605,300750.SZ,True
20250606,300750.SZ,True
20250609,300750.SZ,True
20250610,300750.SZ,True
20250611,300750.SZ,True
20250612,300750.SZ,True
20250613,300750.SZ,True
20250616,300750.SZ,True
20250617,300750.SZ,True
20250618,300750.SZ,True
20250619,300750.SZ,True
20250620,300750.SZ,True
20250623,300750.SZ,True
20250624,300750.SZ,True
20250625,300750.SZ,True
20250626,300750.SZ,True
20250627,300750.SZ,True
20250630,300750.SZ,True
20250701,300750.SZ,True
20250702,300750.SZ,True
20250703,300750.SZ,True
20250704,300750.SZ,True
20250707,300750.SZ,True
20250708,300750.SZ,True
20250709,300750.SZ,True
20250710,300750.SZ,True
20250711,300750.SZ,True
20250714,300750.SZ,True
20250715,300750.SZ,True
20250716,300750.SZ,True
20250717,300750.SZ,True
20250718,300750.SZ,True
20250721,300750.SZ,True
20250722,300750.SZ,True
20250723,300750.SZ,True
20250724,300750.SZ,True
20250725,300750.SZ,True
20250728,300750.SZ,True
20250729,300750.SZ,True
20250730,300750.SZ,True
20250731,300750.SZ,True
20250801,300750.SZ,True
20250804,300750.SZ,True
20250805,300750.SZ,True
20250806,300750.SZ,True
20250807,300750.SZ,True
20250808,300750.SZ,True
20250811,300750.SZ,True
20250812,300750.SZ,True
20250813,300750.SZ,True
20250814,300750.SZ,True
20250815,300750.SZ,True
20250818,300750.SZ,True
20250819,300750.SZ,True
20250820,300750.SZ,True
20250821,300750.SZ,True
20250822,300750.SZ,True
20250825,300750.SZ,True
20250826,300750.SZ,True
20250827,300750.SZ,True
20250828,300750.SZ,True
20250829,300750.SZ,True
20250901,300750.SZ,True
20250902,300750.SZ,True
20250903,300750.SZ,True
20250904,300750.SZ,True
20250905,300750.SZ,True
20250908,300750.SZ,True
20250909,300750.SZ,True
20250910,300750.SZ,True
20250911,300750.SZ,True
20250912,300750.SZ,True
20250915,300750.SZ,True
20250916,300750.SZ,True
20250917,300750.SZ,True
20250918,300750.SZ,True
20250919,300750.SZ,True
20250922,300750.SZ,True
20250923,300750.SZ,True
20250924,300750.SZ,True
20250925,300750.SZ,True
20250926,300750.SZ,True
20250929,300750.SZ,True
20250930,300750.SZ,True
20251009,300750.SZ,True
20251010,300750.SZ,True
20251013,300750.SZ,True
20251014,300750.SZ,True
20251015,300750.SZ,True
20251016,300750.SZ,True
20251017,300750.SZ,True
20251020,300750.SZ,True
20251021,300750.SZ,True
20251022,300750.SZ,True
20251023,300750.SZ,True
20251024,300750.SZ,True
20251027,300750.SZ,True
20251028,300750.SZ,True
20251029,300750.SZ,True
20251030,300750.SZ,True
20251031,300750.SZ,True
20251103,300750.SZ,True
20251104,300750.SZ,True
20251105,300750.SZ,True
20251106,300750.SZ,True
20251107,300750.SZ,True
20251110,300750.SZ,True
20251111,300750.SZ,True
20251112,300750.SZ,True
20251113,300750.SZ,True
20251114,300750.SZ,True
20251117,300750.SZ,True
20251118,300750.SZ,True
20251119,300750.SZ,True
20251120,300750.SZ,True
20251121,300750.SZ,True
20251124,300750.SZ,True
20251125,300750.SZ,True
20251126,300750.SZ,True
20251127,300750.SZ,True
20251128,300750.SZ,True
20251201,300750.SZ,True
20251202,300750.SZ,True
20251203,300750.SZ,True
20251204,300750.SZ,True
20251205,300750.SZ,True
20251208,300750.SZ,True
20251209,300750.SZ,True
20251210,300750.SZ,True
20251211,300750.SZ,True
20251212,300750.SZ,True
20251215,300750.SZ,True
20251216,300750.SZ,True
20251217,300750.SZ,True
20251218,300750.SZ,True
20251219,300750.SZ,True
20251222,300750.SZ,True
20251223,300750.SZ,True
20251224,300750.SZ,True
20251225,300750.SZ,True
20251226,300750.SZ,True
20251229,300750.SZ,True
20251230,300750.SZ,True
20251231,300750.SZ,True
20260105,300750.SZ,True
20260106,300750.SZ,True
20260107,300750.SZ,True
20260108,300750.SZ,True
20260109,300750.SZ,True
20260112,300750.SZ,True
20260113,300750.SZ,True
20260114,300750.SZ,True
20260115,300750.SZ,True
20260116,300750.SZ,True
20260119,300750.SZ,True
20260120,300750.SZ,True
20260121,300750.SZ,True
20260122,300750.SZ,True
20260123,300750.SZ,True
20260126,300750.SZ,True
20260127,300750.SZ,True
20260128,300750.SZ,True
20260129,300750.SZ,True
20260130,300750.SZ,True
20260202,300750.SZ,True
20260203,300750.SZ,True
20260204,300750.SZ,True
20260205,300750.SZ,True
20260206,300750.SZ,True
20260209,300750.SZ,True
20260210,300750.SZ,True
20260211,300750.SZ,True
20260212,300750.SZ,True
20260213,300750.SZ,True
20260225,300750.SZ,True
20260226,300750.SZ,True
20260227,300750.SZ,True
20260302,300750.SZ,True
20260303,300750.SZ,True
20260304,300750.SZ,True
20260306,300750.SZ,True
20260309,300750.SZ,True
20260310,300750.SZ,True
20260311,300750.SZ,True
20260312,300750.SZ,True
20260313,300750.SZ,True
20260316,300750.SZ,True
20260317,300750.SZ,True
20260318,300750.SZ,True
20260319,300750.SZ,True
20260320,300750.SZ,True
20260323,300750.SZ,True
20260324,300750.SZ,True
20260325,300750.SZ,True
20260326,300750.SZ,True
20260327,300750.SZ,True
20260330,300750.SZ,True
20260331,300750.SZ,True
20260401,300750.SZ,True
20260402,300750.SZ,True
20260403,300750.SZ,True
20260407,300750.SZ,True
20260408,300750.SZ,True
20260409,300750.SZ,True
20260410,300750.SZ,True
20260413,300750.SZ,True
20260414,300750.SZ,True
20260416,300750.SZ,True
20260417,300750.SZ,True
20260420,300750.SZ,True
20260421,300750.SZ,True
20260422,300750.SZ,True
20260423,300750.SZ,True
20260424,300750.SZ,True
20260427,300750.SZ,True
20260428,300750.SZ,True
20260429,300750.SZ,True
20260430,300750.SZ,True
20260506,300750.SZ,True
20260507,300750.SZ,True
20260508,300750.SZ,True
20260511,300750.SZ,True
20260512,300750.SZ,True
20260513,300750.SZ,True
20260514,300750.SZ,True
20260515,300750.SZ,True
20260518,300750.SZ,True
20260519,300750.SZ,True
20260520,300750.SZ,True
20260521,300750.SZ,True
20260522,300750.SZ,True
20260525,300750.SZ,True
20260526,300750.SZ,True
20260527,300750.SZ,True
20260528,300750.SZ,True
20260529,300750.SZ,True
20260601,300750.SZ,True
20260602,300750.SZ,True
20260603,300750.SZ,True
20260604,300750.SZ,True
20260605,300750.SZ,True
20260608,300750.SZ,True
20260609,300750.SZ,True
20260610,300750.SZ,True
20260611,300750.SZ,True
20260612,300750.SZ,True
20260615,300750.SZ,True
20260616,300750.SZ,True
20260617,300750.SZ,True
20260618,300750.SZ,True
20260622,300750.SZ,True
20260623,300750.SZ,True
20260624,300750.SZ,True
20260625,300750.SZ,True
20260626,300750.SZ,True
20260629,300750.SZ,True
20260630,300750.SZ,True
20260701,300750.SZ,True
20260702,300750.SZ,True
20260703,300750.SZ,True
20260706,300750.SZ,True
20260707,300750.SZ,True
20260708,300750.SZ,True
20260709,300750.SZ,True
20260710,300750.SZ,True
20260713,300750.SZ,True
20260714,300750.SZ,True
20260715,300750.SZ,True
20260716,300750.SZ,True
20240102,601318.SH,True
20240103,601318.SH,True
20240104,601318.SH,True
20240105,601318.SH,True
20240108,601318.SH,True
20240109,601318.SH,True
20240110,601318.SH,True
20240111,601318.SH,True
20240112,601318.SH,True
20240115,601318.SH,True
20240116,601318.SH,True
20240117,601318.SH,True
20240118,601318.SH,True
20240119,601318.SH,True
20240122,601318.SH,True
20240123,601318.SH,True
20240124,601318.SH,True
20240125,601318.SH,True
20240126,601318.SH,True
20240129,601318.SH,True
20240130,601318.SH,True
20240131,601318.SH,True
20240201,601318.SH,True
20240202,601318.SH,True
20240205,601318.SH,True
20240206,601318.SH,True
20240207,601318.SH,True
20240208,601318.SH,True
20240219,601318.SH,True
20240220,601318.SH,True
20240221,601318.SH,True
20240222,601318.SH,True
20240223,601318.SH,True
20240226,601318.SH,True
20240227,601318.SH,True
20240228,601318.SH,True
20240229,601318.SH,True
20240301,601318.SH,True
20240304,601318.SH,True
20240305,601318.SH,True
20240306,601318.SH,True
20240307,601318.SH,True
20240308,601318.SH,True
20240311,601318.SH,True
20240312,601318.SH,True
20240313,601318.SH,True
20240314,601318.SH,True
20240315,601318.SH,True
20240318,601318.SH,True
20240319,601318.SH,True
20240320,601318.SH,True
20240321,601318.SH,True
20240322,601318.SH,True
20240325,601318.SH,True
20240326,601318.SH,True
20240327,601318.SH,True
20240328,601318.SH,True
20240329,601318.SH,True
20240401,601318.SH,True
20240402,601318.SH,True
20240403,601318.SH,True
20240408,601318.SH,True
20240409,601318.SH,True
20240410,601318.SH,True
20240411,601318.SH,True
20240412,601318.SH,True
20240415,601318.SH,True
20240416,601318.SH,True
20240417,601318.SH,True
20240418,601318.SH,True
20240419,601318.SH,True
20240422,601318.SH,True
20240423,601318.SH,True
20240424,601318.SH,True
20240425,601318.SH,True
20240426,601318.SH,True
20240429,601318.SH,True
20240430,601318.SH,True
20240506,601318.SH,True
20240507,601318.SH,True
20240508,601318.SH,True
20240509,601318.SH,True
20240510,601318.SH,True
20240513,601318.SH,True
20240514,601318.SH,True
20240515,601318.SH,True
20240516,601318.SH,True
20240517,601318.SH,True
20240520,601318.SH,True
20240521,601318.SH,True
20240522,601318.SH,True
20240523,601318.SH,True
20240524,601318.SH,True
20240527,601318.SH,True
20240528,601318.SH,True
20240529,601318.SH,True
20240530,601318.SH,True
20240531,601318.SH,True
20240603,601318.SH,True
20240604,601318.SH,True
20240605,601318.SH,True
20240606,601318.SH,True
20240607,601318.SH,True
20240611,601318.SH,True
20240612,601318.SH,True
20240613,601318.SH,True
20240614,601318.SH,True
20240617,601318.SH,True
20240618,601318.SH,True
20240619,601318.SH,True
20240620,601318.SH,True
20240621,601318.SH,True
20240624,601318.SH,True
20240625,601318.SH,True
20240626,601318.SH,True
20240627,601318.SH,True
20240628,601318.SH,True
20240701,601318.SH,True
20240702,601318.SH,True
20240703,601318.SH,True
20240704,601318.SH,True
20240705,601318.SH,True
20240708,601318.SH,True
20240709,601318.SH,True
20240710,601318.SH,True
20240711,601318.SH,True
20240712,601318.SH,True
20240715,601318.SH,True
20240716,601318.SH,True
20240717,601318.SH,True
20240718,601318.SH,True
20240719,601318.SH,True
20240722,601318.SH,True
20240723,601318.SH,True
20240724,601318.SH,True
20240725,601318.SH,True
20240726,601318.SH,True
20240729,601318.SH,True
20240730,601318.SH,True
20240731,601318.SH,True
20240801,601318.SH,True
20240802,601318.SH,True
20240805,601318.SH,True
20240806,601318.SH,True
20240807,601318.SH,True
20240808,601318.SH,True
20240809,601318.SH,True
20240812,601318.SH,True
20240813,601318.SH,True
20240814,601318.SH,True
20240815,601318.SH,True
20240816,601318.SH,True
20240819,601318.SH,True
20240820,601318.SH,True
20240821,601318.SH,True
20240822,601318.SH,True
20240823,601318.SH,True
20240826,601318.SH,True
20240827,601318.SH,True
20240828,601318.SH,True
20240829,601318.SH,True
20240830,601318.SH,True
20240902,601318.SH,True
20240903,601318.SH,True
20240904,601318.SH,True
20240905,601318.SH,True
20240906,601318.SH,True
20240909,601318.SH,True
20240910,601318.SH,True
20240911,601318.SH,True
20240912,601318.SH,True
20240913,601318.SH,True
20240918,601318.SH,True
20240919,601318.SH,True
20240920,601318.SH,True
20240923,601318.SH,True
20240924,601318.SH,True
20240925,601318.SH,True
20240926,601318.SH,True
20240927,601318.SH,True
20240930,601318.SH,True
20241008,601318.SH,True
20241009,601318.SH,True
20241010,601318.SH,True
20241011,601318.SH,True
20241014,601318.SH,True
20241015,601318.SH,True
20241016,601318.SH,True
20241017,601318.SH,True
20241018,601318.SH,True
20241021,601318.SH,True
20241022,601318.SH,True
20241023,601318.SH,True
20241024,601318.SH,True
20241025,601318.SH,True
20241028,601318.SH,True
20241029,601318.SH,True
20241030,601318.SH,True
20241031,601318.SH,True
20241101,601318.SH,True
20241104,601318.SH,True
20241105,601318.SH,True
20241106,601318.SH,True
20241107,601318.SH,True
20241108,601318.SH,True
20241111,601318.SH,True
20241112,601318.SH,True
20241113,601318.SH,True
20241114,601318.SH,True
20241115,601318.SH,True
20241118,601318.SH,True
20241119,601318.SH,True
20241120,601318.SH,True
20241121,601318.SH,True
20241122,601318.SH,True
20241125,601318.SH,True
20241126,601318.SH,True
20241127,601318.SH,True
20241128,601318.SH,True
20241129,601318.SH,True
20241202,601318.SH,True
20241203,601318.SH,True
20241204,601318.SH,True
20241205,601318.SH,True
20241206,601318.SH,True
20241209,601318.SH,True
20241210,601318.SH,True
20241211,601318.SH,True
20241212,601318.SH,True
20241213,601318.SH,True
20241216,601318.SH,True
20241217,601318.SH,True
20241218,601318.SH,True
20241219,601318.SH,True
20241220,601318.SH,True
20241223,601318.SH,True
20241224,601318.SH,True
20241225,601318.SH,True
20241226,601318.SH,True
20241227,601318.SH,True
20241230,601318.SH,True
20241231,601318.SH,True
20250102,601318.SH,True
20250103,601318.SH,True
20250106,601318.SH,True
20250107,601318.SH,True
20250108,601318.SH,True
20250109,601318.SH,True
20250110,601318.SH,True
20250113,601318.SH,True
20250114,601318.SH,True
20250115,601318.SH,True
20250116,601318.SH,True
20250117,601318.SH,True
20250120,601318.SH,True
20250121,601318.SH,True
20250122,601318.SH,True
20250123,601318.SH,True
20250124,601318.SH,True
20250127,601318.SH,True
20250205,601318.SH,True
20250206,601318.SH,True
20250207,601318.SH,True
20250210,601318.SH,True
20250211,601318.SH,True
20250212,601318.SH,True
20250213,601318.SH,True
20250214,601318.SH,True
20250217,601318.SH,True
20250218,601318.SH,True
20250219,601318.SH,True
20250220,601318.SH,True
20250221,601318.SH,True
20250224,601318.SH,True
20250225,601318.SH,True
20250226,601318.SH,True
20250227,601318.SH,True
20250228,601318.SH,True
20250303,601318.SH,True
20250304,601318.SH,True
20250305,601318.SH,True
20250306,601318.SH,True
20250307,601318.SH,True
20250310,601318.SH,True
20250311,601318.SH,True
20250312,601318.SH,True
20250313,601318.SH,True
20250314,601318.SH,True
20250317,601318.SH,True
20250318,601318.SH,True
20250319,601318.SH,True
20250320,601318.SH,True
20250321,601318.SH,True
20250324,601318.SH,True
20250325,601318.SH,True
20250326,601318.SH,True
20250327,601318.SH,True
20250328,601318.SH,True
20250331,601318.SH,True
20250401,601318.SH,True
20250402,601318.SH,True
20250403,601318.SH,True
20250407,601318.SH,True
20250408,601318.SH,True
20250409,601318.SH,True
20250410,601318.SH,True
20250411,601318.SH,True
20250414,601318.SH,True
20250415,601318.SH,True
20250416,601318.SH,True
20250417,601318.SH,True
20250418,601318.SH,True
20250421,601318.SH,True
20250422,601318.SH,True
20250423,601318.SH,True
20250424,601318.SH,True
20250425,601318.SH,True
20250428,601318.SH,True
20250429,601318.SH,True
20250430,601318.SH,True
20250506,601318.SH,True
20250507,601318.SH,True
20250508,601318.SH,True
20250509,601318.SH,True
20250512,601318.SH,True
20250513,601318.SH,True
20250514,601318.SH,True
20250515,601318.SH,True
20250516,601318.SH,True
20250519,601318.SH,True
20250520,601318.SH,True
20250521,601318.SH,True
20250522,601318.SH,True
20250523,601318.SH,True
20250526,601318.SH,True
20250527,601318.SH,True
20250528,601318.SH,True
20250529,601318.SH,True
20250530,601318.SH,True
20250603,601318.SH,True
20250604,601318.SH,True
20250605,601318.SH,True
20250606,601318.SH,True
20250609,601318.SH,True
20250610,601318.SH,True
20250611,601318.SH,True
20250612,601318.SH,True
20250613,601318.SH,True
20250616,601318.SH,True
20250617,601318.SH,True
20250618,601318.SH,True
20250619,601318.SH,True
20250620,601318.SH,True
20250623,601318.SH,True
20250624,601318.SH,True
20250625,601318.SH,True
20250626,601318.SH,True
20250627,601318.SH,True
20250630,601318.SH,True
20250701,601318.SH,True
20250702,601318.SH,True
20250703,601318.SH,True
20250704,601318.SH,True
20250707,601318.SH,True
20250708,601318.SH,True
20250709,601318.SH,True
20250710,601318.SH,True
20250711,601318.SH,True
20250714,601318.SH,True
20250715,601318.SH,True
20250716,601318.SH,True
20250717,601318.SH,True
20250718,601318.SH,True
20250721,601318.SH,True
20250722,601318.SH,True
20250723,601318.SH,True
20250724,601318.SH,True
20250725,601318.SH,True
20250728,601318.SH,True
20250729,601318.SH,True
20250730,601318.SH,True
20250731,601318.SH,True
20250801,601318.SH,True
20250804,601318.SH,True
20250805,601318.SH,True
20250806,601318.SH,True
20250807,601318.SH,True
20250808,601318.SH,True
20250811,601318.SH,True
20250812,601318.SH,True
20250813,601318.SH,True
20250814,601318.SH,True
20250815,601318.SH,True
20250818,601318.SH,True
20250819,601318.SH,True
20250820,601318.SH,True
20250821,601318.SH,True
20250822,601318.SH,True
20250825,601318.SH,True
20250826,601318.SH,True
20250827,601318.SH,True
20250828,601318.SH,True
20250829,601318.SH,True
20250901,601318.SH,True
20250902,601318.SH,True
20250903,601318.SH,True
20250904,601318.SH,True
20250905,601318.SH,True
20250908,601318.SH,True
20250909,601318.SH,True
20250910,601318.SH,True
20250911,601318.SH,True
20250912,601318.SH,True
20250915,601318.SH,True
20250916,601318.SH,True
20250917,601318.SH,True
20250918,601318.SH,True
20250919,601318.SH,True
20250922,601318.SH,True
20250923,601318.SH,True
20250924,601318.SH,True
20250925,601318.SH,True
20250926,601318.SH,True
20250929,601318.SH,True
20250930,601318.SH,True
20251009,601318.SH,True
20251010,601318.SH,True
20251013,601318.SH,True
20251014,601318.SH,True
20251015,601318.SH,True
20251016,601318.SH,True
20251017,601318.SH,True
20251020,601318.SH,True
20251021,601318.SH,True
20251022,601318.SH,True
20251023,601318.SH,True
20251024,601318.SH,True
20251027,601318.SH,True
20251028,601318.SH,True
20251029,601318.SH,True
20251030,601318.SH,True
20251031,601318.SH,True
20251103,601318.SH,True
20251104,601318.SH,True
20251105,601318.SH,True
20251106,601318.SH,True
20251107,601318.SH,True
20251110,601318.SH,True
20251111,601318.SH,True
20251112,601318.SH,True
20251113,601318.SH,True
20251114,601318.SH,True
20251117,601318.SH,True
20251118,601318.SH,True
20251119,601318.SH,True
20251120,601318.SH,True
20251121,601318.SH,True
20251124,601318.SH,True
20251125,601318.SH,True
20251126,601318.SH,True
20251127,601318.SH,True
20251128,601318.SH,True
20251201,601318.SH,True
20251202,601318.SH,True
20251203,601318.SH,True
20251204,601318.SH,True
20251205,601318.SH,True
20251208,601318.SH,True
20251209,601318.SH,True
20251210,601318.SH,True
20251211,601318.SH,True
20251212,601318.SH,True
20251215,601318.SH,True
20251216,601318.SH,True
20251217,601318.SH,True
20251218,601318.SH,True
20251219,601318.SH,True
20251222,601318.SH,True
20251223,601318.SH,True
20251224,601318.SH,True
20251225,601318.SH,True
20251226,601318.SH,True
20251229,601318.SH,True
20251230,601318.SH,True
20251231,601318.SH,True
20260105,601318.SH,True
20260106,601318.SH,True
20260107,601318.SH,True
20260108,601318.SH,True
20260109,601318.SH,True
20260112,601318.SH,True
20260113,601318.SH,True
20260114,601318.SH,True
20260115,601318.SH,True
20260116,601318.SH,True
20260119,601318.SH,True
20260120,601318.SH,True
20260121,601318.SH,True
20260122,601318.SH,True
20260123,601318.SH,True
20260126,601318.SH,True
20260127,601318.SH,True
20260128,601318.SH,True
20260129,601318.SH,True
20260130,601318.SH,True
20260202,601318.SH,True
20260203,601318.SH,True
20260204,601318.SH,True
20260205,601318.SH,True
20260206,601318.SH,True
20260209,601318.SH,True
20260210,601318.SH,True
20260211,601318.SH,True
20260212,601318.SH,True
20260213,601318.SH,True
20260225,601318.SH,True
20260226,601318.SH,True
20260227,601318.SH,True
20260302,601318.SH,True
20260303,601318.SH,True
20260304,601318.SH,True
20260306,601318.SH,True
20260309,601318.SH,True
20260310,601318.SH,True
20260311,601318.SH,True
20260312,601318.SH,True
20260313,601318.SH,True
20260316,601318.SH,True
20260317,601318.SH,True
20260318,601318.SH,True
20260319,601318.SH,True
20260320,601318.SH,True
20260323,601318.SH,True
20260324,601318.SH,True
20260325,601318.SH,True
20260326,601318.SH,True
20260327,601318.SH,True
20260330,601318.SH,True
20260331,601318.SH,True
20260401,601318.SH,True
20260402,601318.SH,True
20260403,601318.SH,True
20260407,601318.SH,True
20260408,601318.SH,True
20260409,601318.SH,True
20260410,601318.SH,True
20260413,601318.SH,True
20260414,601318.SH,True
20260415,601318.SH,True
20260416,601318.SH,True
20260417,601318.SH,True
20260420,601318.SH,True
20260421,601318.SH,True
20260422,601318.SH,True
20260423,601318.SH,True
20260424,601318.SH,True
20260427,601318.SH,True
20260428,601318.SH,True
20260429,601318.SH,True
20260430,601318.SH,True
20260506,601318.SH,True
20260507,601318.SH,True
20260508,601318.SH,True
20260511,601318.SH,True
20260512,601318.SH,True
20260513,601318.SH,True
20260514,601318.SH,True
20260515,601318.SH,True
20260518,601318.SH,True
20260519,601318.SH,True
20260520,601318.SH,True
20260521,601318.SH,True
20260522,601318.SH,True
20260525,601318.SH,True
20260526,601318.SH,True
20260527,601318.SH,True
20260528,601318.SH,True
20260529,601318.SH,True
20260601,601318.SH,True
20260602,601318.SH,True
20260603,601318.SH,True
20260604,601318.SH,True
20260605,601318.SH,True
20260608,601318.SH,True
20260609,601318.SH,True
20260610,601318.SH,True
20260611,601318.SH,True
20260612,601318.SH,True
20260615,601318.SH,True
20260616,601318.SH,True
20260617,601318.SH,True
20260618,601318.SH,True
20260622,601318.SH,True
20260623,601318.SH,True
20260624,601318.SH,True
20260625,601318.SH,True
20260626,601318.SH,True
20260629,601318.SH,True
20260630,601318.SH,True
20260701,601318.SH,True
20260702,601318.SH,True
20260703,601318.SH,True
20260706,601318.SH,True
20260707,601318.SH,True
20260708,601318.SH,True
20260709,601318.SH,True
20260710,601318.SH,True
20260713,601318.SH,True
20260714,601318.SH,True
20260715,601318.SH,True
20260716,601318.SH,True
20240102,000001.SZ,True
20240103,000001.SZ,True
20240104,000001.SZ,True
20240105,000001.SZ,True
20240108,000001.SZ,True
20240109,000001.SZ,True
20240110,000001.SZ,True
20240111,000001.SZ,True
20240112,000001.SZ,True
20240115,000001.SZ,True
20240116,000001.SZ,True
20240117,000001.SZ,True
20240118,000001.SZ,True
20240119,000001.SZ,True
20240122,000001.SZ,True
20240123,000001.SZ,True
20240124,000001.SZ,True
20240125,000001.SZ,True
20240126,000001.SZ,True
20240129,000001.SZ,True
20240130,000001.SZ,True
20240131,000001.SZ,True
20240201,000001.SZ,True
20240202,000001.SZ,True
20240205,000001.SZ,True
20240206,000001.SZ,True
20240207,000001.SZ,True
20240208,000001.SZ,True
20240219,000001.SZ,True
20240220,000001.SZ,True
20240221,000001.SZ,True
20240222,000001.SZ,True
20240223,000001.SZ,True
20240226,000001.SZ,True
20240227,000001.SZ,True
20240228,000001.SZ,True
20240229,000001.SZ,True
20240301,000001.SZ,True
20240304,000001.SZ,True
20240305,000001.SZ,True
20240306,000001.SZ,True
20240307,000001.SZ,True
20240308,000001.SZ,True
20240311,000001.SZ,True
20240312,000001.SZ,True
20240313,000001.SZ,True
20240314,000001.SZ,True
20240315,000001.SZ,True
20240318,000001.SZ,True
20240319,000001.SZ,True
20240320,000001.SZ,True
20240321,000001.SZ,True
20240322,000001.SZ,True
20240325,000001.SZ,True
20240326,000001.SZ,True
20240327,000001.SZ,True
20240328,000001.SZ,True
20240329,000001.SZ,True
20240401,000001.SZ,True
20240402,000001.SZ,True
20240403,000001.SZ,True
20240408,000001.SZ,True
20240409,000001.SZ,True
20240410,000001.SZ,True
20240411,000001.SZ,True
20240412,000001.SZ,True
20240415,000001.SZ,True
20240416,000001.SZ,True
20240417,000001.SZ,True
20240418,000001.SZ,True
20240419,000001.SZ,True
20240422,000001.SZ,True
20240423,000001.SZ,True
20240424,000001.SZ,True
20240425,000001.SZ,True
20240426,000001.SZ,True
20240429,000001.SZ,True
20240430,000001.SZ,True
20240506,000001.SZ,True
20240507,000001.SZ,True
20240508,000001.SZ,True
20240509,000001.SZ,True
20240510,000001.SZ,True
20240513,000001.SZ,True
20240514,000001.SZ,True
20240515,000001.SZ,True
20240516,000001.SZ,True
20240517,000001.SZ,True
20240520,000001.SZ,True
20240521,000001.SZ,True
20240522,000001.SZ,True
20240523,000001.SZ,True
20240524,000001.SZ,True
20240527,000001.SZ,True
20240528,000001.SZ,True
20240529,000001.SZ,True
20240530,000001.SZ,True
20240531,000001.SZ,True
20240603,000001.SZ,True
20240604,000001.SZ,True
20240605,000001.SZ,True
20240606,000001.SZ,True
20240607,000001.SZ,True
20240611,000001.SZ,True
20240612,000001.SZ,True
20240613,000001.SZ,True
20240614,000001.SZ,True
20240617,000001.SZ,True
20240618,000001.SZ,True
20240619,000001.SZ,True
20240620,000001.SZ,True
20240621,000001.SZ,True
20240624,000001.SZ,True
20240625,000001.SZ,True
20240626,000001.SZ,True
20240627,000001.SZ,True
20240628,000001.SZ,True
20240701,000001.SZ,True
20240702,000001.SZ,True
20240703,000001.SZ,True
20240704,000001.SZ,True
20240705,000001.SZ,True
20240708,000001.SZ,True
20240709,000001.SZ,True
20240710,000001.SZ,True
20240711,000001.SZ,True
20240712,000001.SZ,True
20240715,000001.SZ,True
20240716,000001.SZ,True
20240717,000001.SZ,True
20240718,000001.SZ,True
20240719,000001.SZ,True
20240722,000001.SZ,True
20240723,000001.SZ,True
20240724,000001.SZ,True
20240725,000001.SZ,True
20240726,000001.SZ,True
20240729,000001.SZ,True
20240730,000001.SZ,True
20240731,000001.SZ,True
20240801,000001.SZ,True
20240802,000001.SZ,True
20240805,000001.SZ,True
20240806,000001.SZ,True
20240807,000001.SZ,True
20240808,000001.SZ,True
20240809,000001.SZ,True
20240812,000001.SZ,True
20240813,000001.SZ,True
20240814,000001.SZ,True
20240815,000001.SZ,True
20240816,000001.SZ,True
20240819,000001.SZ,True
20240820,000001.SZ,True
20240821,000001.SZ,True
20240822,000001.SZ,True
20240823,000001.SZ,True
20240826,000001.SZ,True
20240827,000001.SZ,True
20240828,000001.SZ,True
20240829,000001.SZ,True
20240830,000001.SZ,True
20240902,000001.SZ,True
20240903,000001.SZ,True
20240904,000001.SZ,True
20240905,000001.SZ,True
20240906,000001.SZ,True
20240909,000001.SZ,True
20240910,000001.SZ,True
20240911,000001.SZ,True
20240912,000001.SZ,True
20240913,000001.SZ,True
20240918,000001.SZ,True
20240919,000001.SZ,True
20240920,000001.SZ,True
20240923,000001.SZ,True
20240924,000001.SZ,True
20240925,000001.SZ,True
20240926,000001.SZ,True
20240927,000001.SZ,True
20240930,000001.SZ,True
20241008,000001.SZ,True
20241009,000001.SZ,True
20241010,000001.SZ,True
20241011,000001.SZ,True
20241014,000001.SZ,True
20241015,000001.SZ,True
20241016,000001.SZ,True
20241017,000001.SZ,True
20241018,000001.SZ,True
20241021,000001.SZ,True
20241022,000001.SZ,True
20241023,000001.SZ,True
20241024,000001.SZ,True
20241025,000001.SZ,True
20241028,000001.SZ,True
20241029,000001.SZ,True
20241030,000001.SZ,True
20241031,000001.SZ,True
20241101,000001.SZ,True
20241104,000001.SZ,True
20241105,000001.SZ,True
20241106,000001.SZ,True
20241107,000001.SZ,True
20241108,000001.SZ,True
20241111,000001.SZ,True
20241112,000001.SZ,True
20241113,000001.SZ,True
20241114,000001.SZ,True
20241115,000001.SZ,True
20241118,000001.SZ,True
20241119,000001.SZ,True
20241120,000001.SZ,True
20241121,000001.SZ,True
20241122,000001.SZ,True
20241125,000001.SZ,True
20241126,000001.SZ,True
20241127,000001.SZ,True
20241128,000001.SZ,True
20241129,000001.SZ,True
20241202,000001.SZ,True
20241203,000001.SZ,True
20241204,000001.SZ,True
20241205,000001.SZ,True
20241206,000001.SZ,True
20241209,000001.SZ,True
20241210,000001.SZ,True
20241211,000001.SZ,True
20241212,000001.SZ,True
20241213,000001.SZ,True
20241216,000001.SZ,True
20241217,000001.SZ,True
20241218,000001.SZ,True
20241219,000001.SZ,True
20241220,000001.SZ,True
20241223,000001.SZ,True
20241224,000001.SZ,True
20241225,000001.SZ,True
20241226,000001.SZ,True
20241227,000001.SZ,True
20241230,000001.SZ,True
20241231,000001.SZ,True
20250102,000001.SZ,True
20250103,000001.SZ,True
20250106,000001.SZ,True
20250107,000001.SZ,True
20250108,000001.SZ,True
20250109,000001.SZ,True
20250110,000001.SZ,True
20250113,000001.SZ,True
20250114,000001.SZ,True
20250115,000001.SZ,True
20250116,000001.SZ,True
20250117,000001.SZ,True
20250120,000001.SZ,True
20250121,000001.SZ,True
20250122,000001.SZ,True
20250123,000001.SZ,True
20250124,000001.SZ,True
20250127,000001.SZ,True
20250205,000001.SZ,True
20250206,000001.SZ,True
20250207,000001.SZ,True
20250210,000001.SZ,True
20250211,000001.SZ,True
20250212,000001.SZ,True
20250213,000001.SZ,True
20250214,000001.SZ,True
20250217,000001.SZ,True
20250218,000001.SZ,True
20250219,000001.SZ,True
20250220,000001.SZ,True
20250221,000001.SZ,True
20250224,000001.SZ,True
20250225,000001.SZ,True
20250226,000001.SZ,True
20250227,000001.SZ,True
20250228,000001.SZ,True
20250303,000001.SZ,True
20250304,000001.SZ,True
20250305,000001.SZ,True
20250306,000001.SZ,True
20250307,000001.SZ,True
20250310,000001.SZ,True
20250311,000001.SZ,True
20250312,000001.SZ,True
20250313,000001.SZ,True
20250314,000001.SZ,True
20250317,000001.SZ,True
20250318,000001.SZ,True
20250319,000001.SZ,True
20250320,000001.SZ,True
20250321,000001.SZ,True
20250324,000001.SZ,True
20250325,000001.SZ,True
20250326,000001.SZ,True
20250327,000001.SZ,True
20250328,000001.SZ,True
20250331,000001.SZ,True
20250401,000001.SZ,True
20250402,000001.SZ,True
20250403,000001.SZ,True
20250407,000001.SZ,True
20250408,000001.SZ,True
20250409,000001.SZ,True
20250410,000001.SZ,True
20250411,000001.SZ,True
20250414,000001.SZ,True
20250415,000001.SZ,True
20250416,000001.SZ,True
20250417,000001.SZ,True
20250418,000001.SZ,True
20250421,000001.SZ,True
20250422,000001.SZ,True
20250423,000001.SZ,True
20250424,000001.SZ,True
20250425,000001.SZ,True
20250428,000001.SZ,True
20250429,000001.SZ,True
20250430,000001.SZ,True
20250506,000001.SZ,True
20250507,000001.SZ,True
20250508,000001.SZ,True
20250509,000001.SZ,True
20250512,000001.SZ,True
20250513,000001.SZ,True
20250514,000001.SZ,True
20250515,000001.SZ,True
20250516,000001.SZ,True
20250519,000001.SZ,True
20250520,000001.SZ,True
20250521,000001.SZ,True
20250522,000001.SZ,True
20250523,000001.SZ,True
20250526,000001.SZ,True
20250527,000001.SZ,True
20250528,000001.SZ,True
20250529,000001.SZ,True
20250530,000001.SZ,True
20250603,000001.SZ,True
20250604,000001.SZ,True
20250605,000001.SZ,True
20250606,000001.SZ,True
20250609,000001.SZ,True
20250610,000001.SZ,True
20250611,000001.SZ,True
20250612,000001.SZ,True
20250613,000001.SZ,True
20250616,000001.SZ,True
20250617,000001.SZ,True
20250618,000001.SZ,True
20250619,000001.SZ,True
20250620,000001.SZ,True
20250623,000001.SZ,True
20250624,000001.SZ,True
20250625,000001.SZ,True
20250626,000001.SZ,True
20250627,000001.SZ,True
20250630,000001.SZ,True
20250701,000001.SZ,True
20250702,000001.SZ,True
20250703,000001.SZ,True
20250704,000001.SZ,True
20250707,000001.SZ,True
20250708,000001.SZ,True
20250709,000001.SZ,True
20250710,000001.SZ,True
20250711,000001.SZ,True
20250714,000001.SZ,True
20250715,000001.SZ,True
20250716,000001.SZ,True
20250717,000001.SZ,True
20250718,000001.SZ,True
20250721,000001.SZ,True
20250722,000001.SZ,True
20250723,000001.SZ,True
20250724,000001.SZ,True
20250725,000001.SZ,True
20250728,000001.SZ,True
20250729,000001.SZ,True
20250730,000001.SZ,True
20250731,000001.SZ,True
20250801,000001.SZ,True
20250804,000001.SZ,True
20250805,000001.SZ,True
20250806,000001.SZ,True
20250807,000001.SZ,True
20250808,000001.SZ,True
20250811,000001.SZ,True
20250812,000001.SZ,True
20250813,000001.SZ,True
20250814,000001.SZ,True
20250815,000001.SZ,True
20250818,000001.SZ,True
20250819,000001.SZ,True
20250820,000001.SZ,True
20250821,000001.SZ,True
20250822,000001.SZ,True
20250825,000001.SZ,True
20250826,000001.SZ,True
20250827,000001.SZ,True
20250828,000001.SZ,True
20250829,000001.SZ,True
20250901,000001.SZ,True
20250902,000001.SZ,True
20250903,000001.SZ,True
20250904,000001.SZ,True
20250905,000001.SZ,True
20250908,000001.SZ,True
20250909,000001.SZ,True
20250910,000001.SZ,True
20250911,000001.SZ,True
20250912,000001.SZ,True
20250915,000001.SZ,True
20250916,000001.SZ,True
20250917,000001.SZ,True
20250918,000001.SZ,True
20250919,000001.SZ,True
20250922,000001.SZ,True
20250923,000001.SZ,True
20250924,000001.SZ,True
20250925,000001.SZ,True
20250926,000001.SZ,True
20250929,000001.SZ,True
20250930,000001.SZ,True
20251009,000001.SZ,True
20251010,000001.SZ,True
20251013,000001.SZ,True
20251014,000001.SZ,True
20251015,000001.SZ,True
20251016,000001.SZ,True
20251017,000001.SZ,True
20251020,000001.SZ,True
20251021,000001.SZ,True
20251022,000001.SZ,True
20251023,000001.SZ,True
20251024,000001.SZ,True
20251027,000001.SZ,True
20251028,000001.SZ,True
20251029,000001.SZ,True
20251030,000001.SZ,True
20251031,000001.SZ,True
20251103,000001.SZ,True
20251104,000001.SZ,True
20251105,000001.SZ,True
20251106,000001.SZ,True
20251107,000001.SZ,True
20251110,000001.SZ,True
20251111,000001.SZ,True
20251112,000001.SZ,True
20251113,000001.SZ,True
20251114,000001.SZ,True
20251117,000001.SZ,True
20251118,000001.SZ,True
20251119,000001.SZ,True
20251120,000001.SZ,True
20251121,000001.SZ,True
20251124,000001.SZ,True
20251125,000001.SZ,True
20251126,000001.SZ,True
20251127,000001.SZ,True
20251128,000001.SZ,True
20251201,000001.SZ,True
20251202,000001.SZ,True
20251203,000001.SZ,True
20251204,000001.SZ,True
20251205,000001.SZ,True
20251208,000001.SZ,True
20251209,000001.SZ,True
20251210,000001.SZ,True
20251211,000001.SZ,True
20251212,000001.SZ,True
20251215,000001.SZ,True
20251216,000001.SZ,True
20251217,000001.SZ,True
20251218,000001.SZ,True
20251219,000001.SZ,True
20251222,000001.SZ,True
20251223,000001.SZ,True
20251224,000001.SZ,True
20251225,000001.SZ,True
20251226,000001.SZ,True
20251229,000001.SZ,True
20251230,000001.SZ,True
20251231,000001.SZ,True
20260105,000001.SZ,True
20260106,000001.SZ,True
20260107,000001.SZ,True
20260108,000001.SZ,True
20260109,000001.SZ,True
20260112,000001.SZ,True
20260113,000001.SZ,True
20260114,000001.SZ,True
20260115,000001.SZ,True
20260116,000001.SZ,True
20260119,000001.SZ,True
20260120,000001.SZ,True
20260121,000001.SZ,True
20260122,000001.SZ,True
20260123,000001.SZ,True
20260126,000001.SZ,True
20260127,000001.SZ,True
20260128,000001.SZ,True
20260129,000001.SZ,True
20260130,000001.SZ,True
20260202,000001.SZ,True
20260203,000001.SZ,True
20260204,000001.SZ,True
20260205,000001.SZ,True
20260206,000001.SZ,True
20260209,000001.SZ,True
20260210,000001.SZ,True
20260211,000001.SZ,True
20260212,000001.SZ,True
20260213,000001.SZ,True
20260225,000001.SZ,True
20260226,000001.SZ,True
20260227,000001.SZ,True
20260302,000001.SZ,True
20260303,000001.SZ,True
20260304,000001.SZ,True
20260306,000001.SZ,True
20260309,000001.SZ,True
20260310,000001.SZ,True
20260311,000001.SZ,True
20260312,000001.SZ,True
20260313,000001.SZ,True
20260316,000001.SZ,True
20260317,000001.SZ,True
20260318,000001.SZ,True
20260319,000001.SZ,True
20260320,000001.SZ,True
20260323,000001.SZ,True
20260324,000001.SZ,True
20260325,000001.SZ,True
20260326,000001.SZ,True
20260327,000001.SZ,True
20260330,000001.SZ,True
20260331,000001.SZ,True
20260401,000001.SZ,True
20260402,000001.SZ,True
20260403,000001.SZ,True
20260407,000001.SZ,True
20260408,000001.SZ,True
20260409,000001.SZ,True
20260410,000001.SZ,True
20260413,000001.SZ,True
20260414,000001.SZ,True
20260416,000001.SZ,True
20260417,000001.SZ,True
20260420,000001.SZ,True
20260421,000001.SZ,True
20260422,000001.SZ,True
20260423,000001.SZ,True
20260424,000001.SZ,True
20260427,000001.SZ,True
20260428,000001.SZ,True
20260429,000001.SZ,True
20260430,000001.SZ,True
20260506,000001.SZ,True
20260507,000001.SZ,True
20260508,000001.SZ,True
20260511,000001.SZ,True
20260512,000001.SZ,True
20260513,000001.SZ,True
20260514,000001.SZ,True
20260515,000001.SZ,True
20260518,000001.SZ,True
20260519,000001.SZ,True
20260520,000001.SZ,True
20260521,000001.SZ,True
20260522,000001.SZ,True
20260525,000001.SZ,True
20260526,000001.SZ,True
20260527,000001.SZ,True
20260528,000001.SZ,True
20260529,000001.SZ,True
20260601,000001.SZ,True
20260602,000001.SZ,True
20260603,000001.SZ,True
20260604,000001.SZ,True
20260605,000001.SZ,True
20260608,000001.SZ,True
20260609,000001.SZ,True
20260610,000001.SZ,True
20260611,000001.SZ,True
20260612,000001.SZ,True
20260615,000001.SZ,True
20260616,000001.SZ,True
20260617,000001.SZ,True
20260618,000001.SZ,True
20260622,000001.SZ,True
20260623,000001.SZ,True
20260624,000001.SZ,True
20260625,000001.SZ,True
20260626,000001.SZ,True
20260629,000001.SZ,True
20260630,000001.SZ,True
20260701,000001.SZ,True
20260702,000001.SZ,True
20260703,000001.SZ,True
20260706,000001.SZ,True
20260707,000001.SZ,True
20260708,000001.SZ,True
20260709,000001.SZ,True
20260710,000001.SZ,True
20260713,000001.SZ,True
20260714,000001.SZ,True
20260715,000001.SZ,True
20260716,000001.SZ,True
20240102,600036.SH,True
20240103,600036.SH,True
20240104,600036.SH,True
20240105,600036.SH,True
20240108,600036.SH,True
20240109,600036.SH,True
20240110,600036.SH,True
20240111,600036.SH,True
20240112,600036.SH,True
20240115,600036.SH,True
20240116,600036.SH,True
20240117,600036.SH,True
20240118,600036.SH,True
20240119,600036.SH,True
20240122,600036.SH,True
20240123,600036.SH,True
20240124,600036.SH,True
20240125,600036.SH,True
20240126,600036.SH,True
20240129,600036.SH,True
20240130,600036.SH,True
20240131,600036.SH,True
20240201,600036.SH,True
20240202,600036.SH,True
20240205,600036.SH,True
20240206,600036.SH,True
20240207,600036.SH,True
20240208,600036.SH,True
20240219,600036.SH,True
20240220,600036.SH,True
20240221,600036.SH,True
20240222,600036.SH,True
20240223,600036.SH,True
20240226,600036.SH,True
20240227,600036.SH,True
20240228,600036.SH,True
20240229,600036.SH,True
20240301,600036.SH,True
20240304,600036.SH,True
20240305,600036.SH,True
20240306,600036.SH,True
20240307,600036.SH,True
20240308,600036.SH,True
20240311,600036.SH,True
20240312,600036.SH,True
20240313,600036.SH,True
20240314,600036.SH,True
20240315,600036.SH,True
20240318,600036.SH,True
20240319,600036.SH,True
20240320,600036.SH,True
20240321,600036.SH,True
20240322,600036.SH,True
20240325,600036.SH,True
20240326,600036.SH,True
20240327,600036.SH,True
20240328,600036.SH,True
20240329,600036.SH,True
20240401,600036.SH,True
20240402,600036.SH,True
20240403,600036.SH,True
20240408,600036.SH,True
20240409,600036.SH,True
20240410,600036.SH,True
20240411,600036.SH,True
20240412,600036.SH,True
20240415,600036.SH,True
20240416,600036.SH,True
20240417,600036.SH,True
20240418,600036.SH,True
20240419,600036.SH,True
20240422,600036.SH,True
20240423,600036.SH,True
20240424,600036.SH,True
20240425,600036.SH,True
20240426,600036.SH,True
20240429,600036.SH,True
20240430,600036.SH,True
20240506,600036.SH,True
20240507,600036.SH,True
20240508,600036.SH,True
20240509,600036.SH,True
20240510,600036.SH,True
20240513,600036.SH,True
20240514,600036.SH,True
20240515,600036.SH,True
20240516,600036.SH,True
20240517,600036.SH,True
20240520,600036.SH,True
20240521,600036.SH,True
20240522,600036.SH,True
20240523,600036.SH,True
20240524,600036.SH,True
20240527,600036.SH,True
20240528,600036.SH,True
20240529,600036.SH,True
20240530,600036.SH,True
20240531,600036.SH,True
20240603,600036.SH,True
20240604,600036.SH,True
20240605,600036.SH,True
20240606,600036.SH,True
20240607,600036.SH,True
20240611,600036.SH,True
20240612,600036.SH,True
20240613,600036.SH,True
20240614,600036.SH,True
20240617,600036.SH,True
20240618,600036.SH,True
20240619,600036.SH,True
20240620,600036.SH,True
20240621,600036.SH,True
20240624,600036.SH,True
20240625,600036.SH,True
20240626,600036.SH,True
20240627,600036.SH,True
20240628,600036.SH,True
20240701,600036.SH,True
20240702,600036.SH,True
20240703,600036.SH,True
20240704,600036.SH,True
20240705,600036.SH,True
20240708,600036.SH,True
20240709,600036.SH,True
20240710,600036.SH,True
20240711,600036.SH,True
20240712,600036.SH,True
20240715,600036.SH,True
20240716,600036.SH,True
20240717,600036.SH,True
20240718,600036.SH,True
20240719,600036.SH,True
20240722,600036.SH,True
20240723,600036.SH,True
20240724,600036.SH,True
20240725,600036.SH,True
20240726,600036.SH,True
20240729,600036.SH,True
20240730,600036.SH,True
20240731,600036.SH,True
20240801,600036.SH,True
20240802,600036.SH,True
20240805,600036.SH,True
20240806,600036.SH,True
20240807,600036.SH,True
20240808,600036.SH,True
20240809,600036.SH,True
20240812,600036.SH,True
20240813,600036.SH,True
20240814,600036.SH,True
20240815,600036.SH,True
20240816,600036.SH,True
20240819,600036.SH,True
20240820,600036.SH,True
20240821,600036.SH,True
20240822,600036.SH,True
20240823,600036.SH,True
20240826,600036.SH,True
20240827,600036.SH,True
20240828,600036.SH,True
20240829,600036.SH,True
20240830,600036.SH,True
20240902,600036.SH,True
20240903,600036.SH,True
20240904,600036.SH,True
20240905,600036.SH,True
20240906,600036.SH,True
20240909,600036.SH,True
20240910,600036.SH,True
20240911,600036.SH,True
20240912,600036.SH,True
20240913,600036.SH,True
20240918,600036.SH,True
20240919,600036.SH,True
20240920,600036.SH,True
20240923,600036.SH,True
20240924,600036.SH,True
20240925,600036.SH,True
20240926,600036.SH,True
20240927,600036.SH,True
20240930,600036.SH,True
20241008,600036.SH,True
20241009,600036.SH,True
20241010,600036.SH,True
20241011,600036.SH,True
20241014,600036.SH,True
20241015,600036.SH,True
20241016,600036.SH,True
20241017,600036.SH,True
20241018,600036.SH,True
20241021,600036.SH,True
20241022,600036.SH,True
20241023,600036.SH,True
20241024,600036.SH,True
20241025,600036.SH,True
20241028,600036.SH,True
20241029,600036.SH,True
20241030,600036.SH,True
20241031,600036.SH,True
20241101,600036.SH,True
20241104,600036.SH,True
20241105,600036.SH,True
20241106,600036.SH,True
20241107,600036.SH,True
20241108,600036.SH,True
20241111,600036.SH,True
20241112,600036.SH,True
20241113,600036.SH,True
20241114,600036.SH,True
20241115,600036.SH,True
20241118,600036.SH,True
20241119,600036.SH,True
20241120,600036.SH,True
20241121,600036.SH,True
20241122,600036.SH,True
20241125,600036.SH,True
20241126,600036.SH,True
20241127,600036.SH,True
20241128,600036.SH,True
20241129,600036.SH,True
20241202,600036.SH,True
20241203,600036.SH,True
20241204,600036.SH,True
20241205,600036.SH,True
20241206,600036.SH,True
20241209,600036.SH,True
20241210,600036.SH,True
20241211,600036.SH,True
20241212,600036.SH,True
20241213,600036.SH,True
20241216,600036.SH,True
20241217,600036.SH,True
20241218,600036.SH,True
20241219,600036.SH,True
20241220,600036.SH,True
20241223,600036.SH,True
20241224,600036.SH,True
20241225,600036.SH,True
20241226,600036.SH,True
20241227,600036.SH,True
20241230,600036.SH,True
20241231,600036.SH,True
20250102,600036.SH,True
20250103,600036.SH,True
20250106,600036.SH,True
20250107,600036.SH,True
20250108,600036.SH,True
20250109,600036.SH,True
20250110,600036.SH,True
20250113,600036.SH,True
20250114,600036.SH,True
20250115,600036.SH,True
20250116,600036.SH,True
20250117,600036.SH,True
20250120,600036.SH,True
20250121,600036.SH,True
20250122,600036.SH,True
20250123,600036.SH,True
20250124,600036.SH,True
20250127,600036.SH,True
20250205,600036.SH,True
20250206,600036.SH,True
20250207,600036.SH,True
20250210,600036.SH,True
20250211,600036.SH,True
20250212,600036.SH,True
20250213,600036.SH,True
20250214,600036.SH,True
20250217,600036.SH,True
20250218,600036.SH,True
20250219,600036.SH,True
20250220,600036.SH,True
20250221,600036.SH,True
20250224,600036.SH,True
20250225,600036.SH,True
20250226,600036.SH,True
20250227,600036.SH,True
20250228,600036.SH,True
20250303,600036.SH,True
20250304,600036.SH,True
20250305,600036.SH,True
20250306,600036.SH,True
20250307,600036.SH,True
20250310,600036.SH,True
20250311,600036.SH,True
20250312,600036.SH,True
20250313,600036.SH,True
20250314,600036.SH,True
20250317,600036.SH,True
20250318,600036.SH,True
20250319,600036.SH,True
20250320,600036.SH,True
20250321,600036.SH,True
20250324,600036.SH,True
20250325,600036.SH,True
20250326,600036.SH,True
20250327,600036.SH,True
20250328,600036.SH,True
20250331,600036.SH,True
20250401,600036.SH,True
20250402,600036.SH,True
20250403,600036.SH,True
20250407,600036.SH,True
20250408,600036.SH,True
20250409,600036.SH,True
20250410,600036.SH,True
20250411,600036.SH,True
20250414,600036.SH,True
20250415,600036.SH,True
20250416,600036.SH,True
20250417,600036.SH,True
20250418,600036.SH,True
20250421,600036.SH,True
20250422,600036.SH,True
20250423,600036.SH,True
20250424,600036.SH,True
20250425,600036.SH,True
20250428,600036.SH,True
20250429,600036.SH,True
20250430,600036.SH,True
20250506,600036.SH,True
20250507,600036.SH,True
20250508,600036.SH,True
20250509,600036.SH,True
20250512,600036.SH,True
20250513,600036.SH,True
20250514,600036.SH,True
20250515,600036.SH,True
20250516,600036.SH,True
20250519,600036.SH,True
20250520,600036.SH,True
20250521,600036.SH,True
20250522,600036.SH,True
20250523,600036.SH,True
20250526,600036.SH,True
20250527,600036.SH,True
20250528,600036.SH,True
20250529,600036.SH,True
20250530,600036.SH,True
20250603,600036.SH,True
20250604,600036.SH,True
20250605,600036.SH,True
20250606,600036.SH,True
20250609,600036.SH,True
20250610,600036.SH,True
20250611,600036.SH,True
20250612,600036.SH,True
20250613,600036.SH,True
20250616,600036.SH,True
20250617,600036.SH,True
20250618,600036.SH,True
20250619,600036.SH,True
20250620,600036.SH,True
20250623,600036.SH,True
20250624,600036.SH,True
20250625,600036.SH,True
20250626,600036.SH,True
20250627,600036.SH,True
20250630,600036.SH,True
20250701,600036.SH,True
20250702,600036.SH,True
20250703,600036.SH,True
20250704,600036.SH,True
20250707,600036.SH,True
20250708,600036.SH,True
20250709,600036.SH,True
20250710,600036.SH,True
20250711,600036.SH,True
20250714,600036.SH,True
20250715,600036.SH,True
20250716,600036.SH,True
20250717,600036.SH,True
20250718,600036.SH,True
20250721,600036.SH,True
20250722,600036.SH,True
20250723,600036.SH,True
20250724,600036.SH,True
20250725,600036.SH,True
20250728,600036.SH,True
20250729,600036.SH,True
20250730,600036.SH,True
20250731,600036.SH,True
20250801,600036.SH,True
20250804,600036.SH,True
20250805,600036.SH,True
20250806,600036.SH,True
20250807,600036.SH,True
20250808,600036.SH,True
20250811,600036.SH,True
20250812,600036.SH,True
20250813,600036.SH,True
20250814,600036.SH,True
20250815,600036.SH,True
20250818,600036.SH,True
20250819,600036.SH,True
20250820,600036.SH,True
20250821,600036.SH,True
20250822,600036.SH,True
20250825,600036.SH,True
20250826,600036.SH,True
20250827,600036.SH,True
20250828,600036.SH,True
20250829,600036.SH,True
20250901,600036.SH,True
20250902,600036.SH,True
20250903,600036.SH,True
20250904,600036.SH,True
20250905,600036.SH,True
20250908,600036.SH,True
20250909,600036.SH,True
20250910,600036.SH,True
20250911,600036.SH,True
20250912,600036.SH,True
20250915,600036.SH,True
20250916,600036.SH,True
20250917,600036.SH,True
20250918,600036.SH,True
20250919,600036.SH,True
20250922,600036.SH,True
20250923,600036.SH,True
20250924,600036.SH,True
20250925,600036.SH,True
20250926,600036.SH,True
20250929,600036.SH,True
20250930,600036.SH,True
20251009,600036.SH,True
20251010,600036.SH,True
20251013,600036.SH,True
20251014,600036.SH,True
20251015,600036.SH,True
20251016,600036.SH,True
20251017,600036.SH,True
20251020,600036.SH,True
20251021,600036.SH,True
20251022,600036.SH,True
20251023,600036.SH,True
20251024,600036.SH,True
20251027,600036.SH,True
20251028,600036.SH,True
20251029,600036.SH,True
20251030,600036.SH,True
20251031,600036.SH,True
20251103,600036.SH,True
20251104,600036.SH,True
20251105,600036.SH,True
20251106,600036.SH,True
20251107,600036.SH,True
20251110,600036.SH,True
20251111,600036.SH,True
20251112,600036.SH,True
20251113,600036.SH,True
20251114,600036.SH,True
20251117,600036.SH,True
20251118,600036.SH,True
20251119,600036.SH,True
20251120,600036.SH,True
20251121,600036.SH,True
20251124,600036.SH,True
20251125,600036.SH,True
20251126,600036.SH,True
20251127,600036.SH,True
20251128,600036.SH,True
20251201,600036.SH,True
20251202,600036.SH,True
20251203,600036.SH,True
20251204,600036.SH,True
20251205,600036.SH,True
20251208,600036.SH,True
20251209,600036.SH,True
20251210,600036.SH,True
20251211,600036.SH,True
20251212,600036.SH,True
20251215,600036.SH,True
20251216,600036.SH,True
20251217,600036.SH,True
20251218,600036.SH,True
20251219,600036.SH,True
20251222,600036.SH,True
20251223,600036.SH,True
20251224,600036.SH,True
20251225,600036.SH,True
20251226,600036.SH,True
20251229,600036.SH,True
20251230,600036.SH,True
20251231,600036.SH,True
20260105,600036.SH,True
20260106,600036.SH,True
20260107,600036.SH,True
20260108,600036.SH,True
20260109,600036.SH,True
20260112,600036.SH,True
20260113,600036.SH,True
20260114,600036.SH,True
20260115,600036.SH,True
20260116,600036.SH,True
20260119,600036.SH,True
20260120,600036.SH,True
20260121,600036.SH,True
20260122,600036.SH,True
20260123,600036.SH,True
20260126,600036.SH,True
20260127,600036.SH,True
20260128,600036.SH,True
20260129,600036.SH,True
20260130,600036.SH,True
20260202,600036.SH,True
20260203,600036.SH,True
20260204,600036.SH,True
20260205,600036.SH,True
20260206,600036.SH,True
20260209,600036.SH,True
20260210,600036.SH,True
20260211,600036.SH,True
20260212,600036.SH,True
20260213,600036.SH,True
20260225,600036.SH,True
20260226,600036.SH,True
20260227,600036.SH,True
20260302,600036.SH,True
20260303,600036.SH,True
20260304,600036.SH,True
20260306,600036.SH,True
20260309,600036.SH,True
20260310,600036.SH,True
20260311,600036.SH,True
20260312,600036.SH,True
20260313,600036.SH,True
20260316,600036.SH,True
20260317,600036.SH,True
20260318,600036.SH,True
20260319,600036.SH,True
20260320,600036.SH,True
20260323,600036.SH,True
20260324,600036.SH,True
20260325,600036.SH,True
20260326,600036.SH,True
20260327,600036.SH,True
20260330,600036.SH,True
20260331,600036.SH,True
20260401,600036.SH,True
20260402,600036.SH,True
20260403,600036.SH,True
20260407,600036.SH,True
20260408,600036.SH,True
20260409,600036.SH,True
20260410,600036.SH,True
20260413,600036.SH,True
20260414,600036.SH,True
20260415,600036.SH,True
20260416,600036.SH,True
20260417,600036.SH,True
20260420,600036.SH,True
20260421,600036.SH,True
20260422,600036.SH,True
20260423,600036.SH,True
20260424,600036.SH,True
20260427,600036.SH,True
20260428,600036.SH,True
20260429,600036.SH,True
20260430,600036.SH,True
20260506,600036.SH,True
20260507,600036.SH,True
20260508,600036.SH,True
20260511,600036.SH,True
20260512,600036.SH,True
20260513,600036.SH,True
20260514,600036.SH,True
20260515,600036.SH,True
20260518,600036.SH,True
20260519,600036.SH,True
20260520,600036.SH,True
20260521,600036.SH,True
20260522,600036.SH,True
20260525,600036.SH,True
20260526,600036.SH,True
20260527,600036.SH,True
20260528,600036.SH,True
20260529,600036.SH,True
20260601,600036.SH,True
20260602,600036.SH,True
20260603,600036.SH,True
20260604,600036.SH,True
20260605,600036.SH,True
20260608,600036.SH,True
20260609,600036.SH,True
20260610,600036.SH,True
20260611,600036.SH,True
20260612,600036.SH,True
20260615,600036.SH,True
20260616,600036.SH,True
20260617,600036.SH,True
20260618,600036.SH,True
20260622,600036.SH,True
20260623,600036.SH,True
20260624,600036.SH,True
20260625,600036.SH,True
20260626,600036.SH,True
20260629,600036.SH,True
20260630,600036.SH,True
20260701,600036.SH,True
20260702,600036.SH,True
20260703,600036.SH,True
20260706,600036.SH,True
20260707,600036.SH,True
20260708,600036.SH,True
20260709,600036.SH,True
20260710,600036.SH,True
20260713,600036.SH,True
20260714,600036.SH,True
20260715,600036.SH,True
20260716,600036.SH,True
20240102,000858.SZ,True
20240103,000858.SZ,True
20240104,000858.SZ,True
20240105,000858.SZ,True
20240108,000858.SZ,True
20240109,000858.SZ,True
20240110,000858.SZ,True
20240111,000858.SZ,True
20240112,000858.SZ,True
20240115,000858.SZ,True
20240116,000858.SZ,True
20240117,000858.SZ,True
20240118,000858.SZ,True
20240119,000858.SZ,True
20240122,000858.SZ,True
20240123,000858.SZ,True
20240124,000858.SZ,True
20240125,000858.SZ,True
20240126,000858.SZ,True
20240129,000858.SZ,True
20240130,000858.SZ,True
20240131,000858.SZ,True
20240201,000858.SZ,True
20240202,000858.SZ,True
20240205,000858.SZ,True
20240206,000858.SZ,True
20240207,000858.SZ,True
20240208,000858.SZ,True
20240219,000858.SZ,True
20240220,000858.SZ,True
20240221,000858.SZ,True
20240222,000858.SZ,True
20240223,000858.SZ,True
20240226,000858.SZ,True
20240227,000858.SZ,True
20240228,000858.SZ,True
20240229,000858.SZ,True
20240301,000858.SZ,True
20240304,000858.SZ,True
20240305,000858.SZ,True
20240306,000858.SZ,True
20240307,000858.SZ,True
20240308,000858.SZ,True
20240311,000858.SZ,True
20240312,000858.SZ,True
20240313,000858.SZ,True
20240314,000858.SZ,True
20240315,000858.SZ,True
20240318,000858.SZ,True
20240319,000858.SZ,True
20240320,000858.SZ,True
20240321,000858.SZ,True
20240322,000858.SZ,True
20240325,000858.SZ,True
20240326,000858.SZ,True
20240327,000858.SZ,True
20240328,000858.SZ,True
20240329,000858.SZ,True
20240401,000858.SZ,True
20240402,000858.SZ,True
20240403,000858.SZ,True
20240408,000858.SZ,True
20240409,000858.SZ,True
20240410,000858.SZ,True
20240411,000858.SZ,True
20240412,000858.SZ,True
20240415,000858.SZ,True
20240416,000858.SZ,True
20240417,000858.SZ,True
20240418,000858.SZ,True
20240419,000858.SZ,True
20240422,000858.SZ,True
20240423,000858.SZ,True
20240424,000858.SZ,True
20240425,000858.SZ,True
20240426,000858.SZ,True
20240429,000858.SZ,True
20240430,000858.SZ,True
20240506,000858.SZ,True
20240507,000858.SZ,True
20240508,000858.SZ,True
20240509,000858.SZ,True
20240510,000858.SZ,True
20240513,000858.SZ,True
20240514,000858.SZ,True
20240515,000858.SZ,True
20240516,000858.SZ,True
20240517,000858.SZ,True
20240520,000858.SZ,True
20240521,000858.SZ,True
20240522,000858.SZ,True
20240523,000858.SZ,True
20240524,000858.SZ,True
20240527,000858.SZ,True
20240528,000858.SZ,True
20240529,000858.SZ,True
20240530,000858.SZ,True
20240531,000858.SZ,True
20240603,000858.SZ,True
20240604,000858.SZ,True
20240605,000858.SZ,True
20240606,000858.SZ,True
20240607,000858.SZ,True
20240611,000858.SZ,True
20240612,000858.SZ,True
20240613,000858.SZ,True
20240614,000858.SZ,True
20240617,000858.SZ,True
20240618,000858.SZ,True
20240619,000858.SZ,True
20240620,000858.SZ,True
20240621,000858.SZ,True
20240624,000858.SZ,True
20240625,000858.SZ,True
20240626,000858.SZ,True
20240627,000858.SZ,True
20240628,000858.SZ,True
20240701,000858.SZ,True
20240702,000858.SZ,True
20240703,000858.SZ,True
20240704,000858.SZ,True
20240705,000858.SZ,True
20240708,000858.SZ,True
20240709,000858.SZ,True
20240710,000858.SZ,True
20240711,000858.SZ,True
20240712,000858.SZ,True
20240715,000858.SZ,True
20240716,000858.SZ,True
20240717,000858.SZ,True
20240718,000858.SZ,True
20240719,000858.SZ,True
20240722,000858.SZ,True
20240723,000858.SZ,True
20240724,000858.SZ,True
20240725,000858.SZ,True
20240726,000858.SZ,True
20240729,000858.SZ,True
20240730,000858.SZ,True
20240731,000858.SZ,True
20240801,000858.SZ,True
20240802,000858.SZ,True
20240805,000858.SZ,True
20240806,000858.SZ,True
20240807,000858.SZ,True
20240808,000858.SZ,True
20240809,000858.SZ,True
20240812,000858.SZ,True
20240813,000858.SZ,True
20240814,000858.SZ,True
20240815,000858.SZ,True
20240816,000858.SZ,True
20240819,000858.SZ,True
20240820,000858.SZ,True
20240821,000858.SZ,True
20240822,000858.SZ,True
20240823,000858.SZ,True
20240826,000858.SZ,True
20240827,000858.SZ,True
20240828,000858.SZ,True
20240829,000858.SZ,True
20240830,000858.SZ,True
20240902,000858.SZ,True
20240903,000858.SZ,True
20240904,000858.SZ,True
20240905,000858.SZ,True
20240906,000858.SZ,True
20240909,000858.SZ,True
20240910,000858.SZ,True
20240911,000858.SZ,True
20240912,000858.SZ,True
20240913,000858.SZ,True
20240918,000858.SZ,True
20240919,000858.SZ,True
20240920,000858.SZ,True
20240923,000858.SZ,True
20240924,000858.SZ,True
20240925,000858.SZ,True
20240926,000858.SZ,True
20240927,000858.SZ,True
20240930,000858.SZ,True
20241008,000858.SZ,True
20241009,000858.SZ,True
20241010,000858.SZ,True
20241011,000858.SZ,True
20241014,000858.SZ,True
20241015,000858.SZ,True
20241016,000858.SZ,True
20241017,000858.SZ,True
20241018,000858.SZ,True
20241021,000858.SZ,True
20241022,000858.SZ,True
20241023,000858.SZ,True
20241024,000858.SZ,True
20241025,000858.SZ,True
20241028,000858.SZ,True
20241029,000858.SZ,True
20241030,000858.SZ,True
20241031,000858.SZ,True
20241101,000858.SZ,True
20241104,000858.SZ,True
20241105,000858.SZ,True
20241106,000858.SZ,True
20241107,000858.SZ,True
20241108,000858.SZ,True
20241111,000858.SZ,True
20241112,000858.SZ,True
20241113,000858.SZ,True
20241114,000858.SZ,True
20241115,000858.SZ,True
20241118,000858.SZ,True
20241119,000858.SZ,True
20241120,000858.SZ,True
20241121,000858.SZ,True
20241122,000858.SZ,True
20241125,000858.SZ,True
20241126,000858.SZ,True
20241127,000858.SZ,True
20241128,000858.SZ,True
20241129,000858.SZ,True
20241202,000858.SZ,True
20241203,000858.SZ,True
20241204,000858.SZ,True
20241205,000858.SZ,True
20241206,000858.SZ,True
20241209,000858.SZ,True
20241210,000858.SZ,True
20241211,000858.SZ,True
20241212,000858.SZ,True
20241213,000858.SZ,True
20241216,000858.SZ,True
20241217,000858.SZ,True
20241218,000858.SZ,True
20241219,000858.SZ,True
20241220,000858.SZ,True
20241223,000858.SZ,True
20241224,000858.SZ,True
20241225,000858.SZ,True
20241226,000858.SZ,True
20241227,000858.SZ,True
20241230,000858.SZ,True
20241231,000858.SZ,True
20250102,000858.SZ,True
20250103,000858.SZ,True
20250106,000858.SZ,True
20250107,000858.SZ,True
20250108,000858.SZ,True
20250109,000858.SZ,True
20250110,000858.SZ,True
20250113,000858.SZ,True
20250114,000858.SZ,True
20250115,000858.SZ,True
20250116,000858.SZ,True
20250117,000858.SZ,True
20250120,000858.SZ,True
20250121,000858.SZ,True
20250122,000858.SZ,True
20250123,000858.SZ,True
20250124,000858.SZ,True
20250127,000858.SZ,True
20250205,000858.SZ,True
20250206,000858.SZ,True
20250207,000858.SZ,True
20250210,000858.SZ,True
20250211,000858.SZ,True
20250212,000858.SZ,True
20250213,000858.SZ,True
20250214,000858.SZ,True
20250217,000858.SZ,True
20250218,000858.SZ,True
20250219,000858.SZ,True
20250220,000858.SZ,True
20250221,000858.SZ,True
20250224,000858.SZ,True
20250225,000858.SZ,True
20250226,000858.SZ,True
20250227,000858.SZ,True
20250228,000858.SZ,True
20250303,000858.SZ,True
20250304,000858.SZ,True
20250305,000858.SZ,True
20250306,000858.SZ,True
20250307,000858.SZ,True
20250310,000858.SZ,True
20250311,000858.SZ,True
20250312,000858.SZ,True
20250313,000858.SZ,True
20250314,000858.SZ,True
20250317,000858.SZ,True
20250318,000858.SZ,True
20250319,000858.SZ,True
20250320,000858.SZ,True
20250321,000858.SZ,True
20250324,000858.SZ,True
20250325,000858.SZ,True
20250326,000858.SZ,True
20250327,000858.SZ,True
20250328,000858.SZ,True
20250331,000858.SZ,True
20250401,000858.SZ,True
20250402,000858.SZ,True
20250403,000858.SZ,True
20250407,000858.SZ,True
20250408,000858.SZ,True
20250409,000858.SZ,True
20250410,000858.SZ,True
20250411,000858.SZ,True
20250414,000858.SZ,True
20250415,000858.SZ,True
20250416,000858.SZ,True
20250417,000858.SZ,True
20250418,000858.SZ,True
20250421,000858.SZ,True
20250422,000858.SZ,True
20250423,000858.SZ,True
20250424,000858.SZ,True
20250425,000858.SZ,True
20250428,000858.SZ,True
20250429,000858.SZ,True
20250430,000858.SZ,True
20250506,000858.SZ,True
20250507,000858.SZ,True
20250508,000858.SZ,True
20250509,000858.SZ,True
20250512,000858.SZ,True
20250513,000858.SZ,True
20250514,000858.SZ,True
20250515,000858.SZ,True
20250516,000858.SZ,True
20250519,000858.SZ,True
20250520,000858.SZ,True
20250521,000858.SZ,True
20250522,000858.SZ,True
20250523,000858.SZ,True
20250526,000858.SZ,True
20250527,000858.SZ,True
20250528,000858.SZ,True
20250529,000858.SZ,True
20250530,000858.SZ,True
20250603,000858.SZ,True
20250604,000858.SZ,True
20250605,000858.SZ,True
20250606,000858.SZ,True
20250609,000858.SZ,True
20250610,000858.SZ,True
20250611,000858.SZ,True
20250612,000858.SZ,True
20250613,000858.SZ,True
20250616,000858.SZ,True
20250617,000858.SZ,True
20250618,000858.SZ,True
20250619,000858.SZ,True
20250620,000858.SZ,True
20250623,000858.SZ,True
20250624,000858.SZ,True
20250625,000858.SZ,True
20250626,000858.SZ,True
20250627,000858.SZ,True
20250630,000858.SZ,True
20250701,000858.SZ,True
20250702,000858.SZ,True
20250703,000858.SZ,True
20250704,000858.SZ,True
20250707,000858.SZ,True
20250708,000858.SZ,True
20250709,000858.SZ,True
20250710,000858.SZ,True
20250711,000858.SZ,True
20250714,000858.SZ,True
20250715,000858.SZ,True
20250716,000858.SZ,True
20250717,000858.SZ,True
20250718,000858.SZ,True
20250721,000858.SZ,True
20250722,000858.SZ,True
20250723,000858.SZ,True
20250724,000858.SZ,True
20250725,000858.SZ,True
20250728,000858.SZ,True
20250729,000858.SZ,True
20250730,000858.SZ,True
20250731,000858.SZ,True
20250801,000858.SZ,True
20250804,000858.SZ,True
20250805,000858.SZ,True
20250806,000858.SZ,True
20250807,000858.SZ,True
20250808,000858.SZ,True
20250811,000858.SZ,True
20250812,000858.SZ,True
20250813,000858.SZ,True
20250814,000858.SZ,True
20250815,000858.SZ,True
20250818,000858.SZ,True
20250819,000858.SZ,True
20250820,000858.SZ,True
20250821,000858.SZ,True
20250822,000858.SZ,True
20250825,000858.SZ,True
20250826,000858.SZ,True
20250827,000858.SZ,True
20250828,000858.SZ,True
20250829,000858.SZ,True
20250901,000858.SZ,True
20250902,000858.SZ,True
20250903,000858.SZ,True
20250904,000858.SZ,True
20250905,000858.SZ,True
20250908,000858.SZ,True
20250909,000858.SZ,True
20250910,000858.SZ,True
20250911,000858.SZ,True
20250912,000858.SZ,True
20250915,000858.SZ,True
20250916,000858.SZ,True
20250917,000858.SZ,True
20250918,000858.SZ,True
20250919,000858.SZ,True
20250922,000858.SZ,True
20250923,000858.SZ,True
20250924,000858.SZ,True
20250925,000858.SZ,True
20250926,000858.SZ,True
20250929,000858.SZ,True
20250930,000858.SZ,True
20251009,000858.SZ,True
20251010,000858.SZ,True
20251013,000858.SZ,True
20251014,000858.SZ,True
20251015,000858.SZ,True
20251016,000858.SZ,True
20251017,000858.SZ,True
20251020,000858.SZ,True
20251021,000858.SZ,True
20251022,000858.SZ,True
20251023,000858.SZ,True
20251024,000858.SZ,True
20251027,000858.SZ,True
20251028,000858.SZ,True
20251029,000858.SZ,True
20251030,000858.SZ,True
20251031,000858.SZ,True
20251103,000858.SZ,True
20251104,000858.SZ,True
20251105,000858.SZ,True
20251106,000858.SZ,True
20251107,000858.SZ,True
20251110,000858.SZ,True
20251111,000858.SZ,True
20251112,000858.SZ,True
20251113,000858.SZ,True
20251114,000858.SZ,True
20251117,000858.SZ,True
20251118,000858.SZ,True
20251119,000858.SZ,True
20251120,000858.SZ,True
20251121,000858.SZ,True
20251124,000858.SZ,True
20251125,000858.SZ,True
20251126,000858.SZ,True
20251127,000858.SZ,True
20251128,000858.SZ,True
20251201,000858.SZ,True
20251202,000858.SZ,True
20251203,000858.SZ,True
20251204,000858.SZ,True
20251205,000858.SZ,True
20251208,000858.SZ,True
20251209,000858.SZ,True
20251210,000858.SZ,True
20251211,000858.SZ,True
20251212,000858.SZ,True
20251215,000858.SZ,True
20251216,000858.SZ,True
20251217,000858.SZ,True
20251218,000858.SZ,True
20251219,000858.SZ,True
20251222,000858.SZ,True
20251223,000858.SZ,True
20251224,000858.SZ,True
20251225,000858.SZ,True
20251226,000858.SZ,True
20251229,000858.SZ,True
20251230,000858.SZ,True
20251231,000858.SZ,True
20260105,000858.SZ,True
20260106,000858.SZ,True
20260107,000858.SZ,True
20260108,000858.SZ,True
20260109,000858.SZ,True
20260112,000858.SZ,True
20260113,000858.SZ,True
20260114,000858.SZ,True
20260115,000858.SZ,True
20260116,000858.SZ,True
20260119,000858.SZ,True
20260120,000858.SZ,True
20260121,000858.SZ,True
20260122,000858.SZ,True
20260123,000858.SZ,True
20260126,000858.SZ,True
20260127,000858.SZ,True
20260128,000858.SZ,True
20260129,000858.SZ,True
20260130,000858.SZ,True
20260202,000858.SZ,True
20260203,000858.SZ,True
20260204,000858.SZ,True
20260205,000858.SZ,True
20260206,000858.SZ,True
20260209,000858.SZ,True
20260210,000858.SZ,True
20260211,000858.SZ,True
20260212,000858.SZ,True
20260213,000858.SZ,True
20260225,000858.SZ,True
20260226,000858.SZ,True
20260227,000858.SZ,True
20260302,000858.SZ,True
20260303,000858.SZ,True
20260304,000858.SZ,True
20260306,000858.SZ,True
20260309,000858.SZ,True
20260310,000858.SZ,True
20260311,000858.SZ,True
20260312,000858.SZ,True
20260313,000858.SZ,True
20260316,000858.SZ,True
20260317,000858.SZ,True
20260318,000858.SZ,True
20260319,000858.SZ,True
20260320,000858.SZ,True
20260323,000858.SZ,True
20260324,000858.SZ,True
20260325,000858.SZ,True
20260326,000858.SZ,True
20260327,000858.SZ,True
20260330,000858.SZ,True
20260331,000858.SZ,True
20260401,000858.SZ,True
20260402,000858.SZ,True
20260403,000858.SZ,True
20260407,000858.SZ,True
20260408,000858.SZ,True
20260409,000858.SZ,True
20260410,000858.SZ,True
20260413,000858.SZ,True
20260414,000858.SZ,True
20260416,000858.SZ,True
20260417,000858.SZ,True
20260420,000858.SZ,True
20260421,000858.SZ,True
20260422,000858.SZ,True
20260423,000858.SZ,True
20260424,000858.SZ,True
20260427,000858.SZ,True
20260428,000858.SZ,True
20260429,000858.SZ,True
20260430,000858.SZ,True
20260506,000858.SZ,True
20260507,000858.SZ,True
20260508,000858.SZ,True
20260511,000858.SZ,True
20260512,000858.SZ,True
20260513,000858.SZ,True
20260514,000858.SZ,True
20260515,000858.SZ,True
20260518,000858.SZ,True
20260519,000858.SZ,True
20260520,000858.SZ,True
20260521,000858.SZ,True
20260522,000858.SZ,True
20260525,000858.SZ,True
20260526,000858.SZ,True
20260527,000858.SZ,True
20260528,000858.SZ,True
20260529,000858.SZ,True
20260601,000858.SZ,True
20260602,000858.SZ,True
20260603,000858.SZ,True
20260604,000858.SZ,True
20260605,000858.SZ,True
20260608,000858.SZ,True
20260609,000858.SZ,True
20260610,000858.SZ,True
20260611,000858.SZ,True
20260612,000858.SZ,True
20260615,000858.SZ,True
20260616,000858.SZ,True
20260617,000858.SZ,True
20260618,000858.SZ,True
20260622,000858.SZ,True
20260623,000858.SZ,True
20260624,000858.SZ,True
20260625,000858.SZ,True
20260626,000858.SZ,True
20260629,000858.SZ,True
20260630,000858.SZ,True
20260701,000858.SZ,True
20260702,000858.SZ,True
20260703,000858.SZ,True
20260706,000858.SZ,True
20260707,000858.SZ,True
20260708,000858.SZ,True
20260709,000858.SZ,True
20260710,000858.SZ,True
20260713,000858.SZ,True
20260714,000858.SZ,True
20260715,000858.SZ,True
20260716,000858.SZ,True
20240102,002594.SZ,True
20240103,002594.SZ,True
20240104,002594.SZ,True
20240105,002594.SZ,True
20240108,002594.SZ,True
20240109,002594.SZ,True
20240110,002594.SZ,True
20240111,002594.SZ,True
20240112,002594.SZ,True
20240115,002594.SZ,True
20240116,002594.SZ,True
20240117,002594.SZ,True
20240118,002594.SZ,True
20240119,002594.SZ,True
20240122,002594.SZ,True
20240123,002594.SZ,True
20240124,002594.SZ,True
20240125,002594.SZ,True
20240126,002594.SZ,True
20240129,002594.SZ,True
20240130,002594.SZ,True
20240131,002594.SZ,True
20240201,002594.SZ,True
20240202,002594.SZ,True
20240205,002594.SZ,True
20240206,002594.SZ,True
20240207,002594.SZ,True
20240208,002594.SZ,True
20240219,002594.SZ,True
20240220,002594.SZ,True
20240221,002594.SZ,True
20240222,002594.SZ,True
20240223,002594.SZ,True
20240226,002594.SZ,True
20240227,002594.SZ,True
20240228,002594.SZ,True
20240229,002594.SZ,True
20240301,002594.SZ,True
20240304,002594.SZ,True
20240305,002594.SZ,True
20240306,002594.SZ,True
20240307,002594.SZ,True
20240308,002594.SZ,True
20240311,002594.SZ,True
20240312,002594.SZ,True
20240313,002594.SZ,True
20240314,002594.SZ,True
20240315,002594.SZ,True
20240318,002594.SZ,True
20240319,002594.SZ,True
20240320,002594.SZ,True
20240321,002594.SZ,True
20240322,002594.SZ,True
20240325,002594.SZ,True
20240326,002594.SZ,True
20240327,002594.SZ,True
20240328,002594.SZ,True
20240329,002594.SZ,True
20240401,002594.SZ,True
20240402,002594.SZ,True
20240403,002594.SZ,True
20240408,002594.SZ,True
20240409,002594.SZ,True
20240410,002594.SZ,True
20240411,002594.SZ,True
20240412,002594.SZ,True
20240415,002594.SZ,True
20240416,002594.SZ,True
20240417,002594.SZ,True
20240418,002594.SZ,True
20240419,002594.SZ,True
20240422,002594.SZ,True
20240423,002594.SZ,True
20240424,002594.SZ,True
20240425,002594.SZ,True
20240426,002594.SZ,True
20240429,002594.SZ,True
20240430,002594.SZ,True
20240506,002594.SZ,True
20240507,002594.SZ,True
20240508,002594.SZ,True
20240509,002594.SZ,True
20240510,002594.SZ,True
20240513,002594.SZ,True
20240514,002594.SZ,True
20240515,002594.SZ,True
20240516,002594.SZ,True
20240517,002594.SZ,True
20240520,002594.SZ,True
20240521,002594.SZ,True
20240522,002594.SZ,True
20240523,002594.SZ,True
20240524,002594.SZ,True
20240527,002594.SZ,True
20240528,002594.SZ,True
20240529,002594.SZ,True
20240530,002594.SZ,True
20240531,002594.SZ,True
20240603,002594.SZ,True
20240604,002594.SZ,True
20240605,002594.SZ,True
20240606,002594.SZ,True
20240607,002594.SZ,True
20240611,002594.SZ,True
20240612,002594.SZ,True
20240613,002594.SZ,True
20240614,002594.SZ,True
20240617,002594.SZ,True
20240618,002594.SZ,True
20240619,002594.SZ,True
20240620,002594.SZ,True
20240621,002594.SZ,True
20240624,002594.SZ,True
20240625,002594.SZ,True
20240626,002594.SZ,True
20240627,002594.SZ,True
20240628,002594.SZ,True
20240701,002594.SZ,True
20240702,002594.SZ,True
20240703,002594.SZ,True
20240704,002594.SZ,True
20240705,002594.SZ,True
20240708,002594.SZ,True
20240709,002594.SZ,True
20240710,002594.SZ,True
20240711,002594.SZ,True
20240712,002594.SZ,True
20240715,002594.SZ,True
20240716,002594.SZ,True
20240717,002594.SZ,True
20240718,002594.SZ,True
20240719,002594.SZ,True
20240722,002594.SZ,True
20240723,002594.SZ,True
20240724,002594.SZ,True
20240725,002594.SZ,True
20240726,002594.SZ,True
20240729,002594.SZ,True
20240730,002594.SZ,True
20240731,002594.SZ,True
20240801,002594.SZ,True
20240802,002594.SZ,True
20240805,002594.SZ,True
20240806,002594.SZ,True
20240807,002594.SZ,True
20240808,002594.SZ,True
20240809,002594.SZ,True
20240812,002594.SZ,True
20240813,002594.SZ,True
20240814,002594.SZ,True
20240815,002594.SZ,True
20240816,002594.SZ,True
20240819,002594.SZ,True
20240820,002594.SZ,True
20240821,002594.SZ,True
20240822,002594.SZ,True
20240823,002594.SZ,True
20240826,002594.SZ,True
20240827,002594.SZ,True
20240828,002594.SZ,True
20240829,002594.SZ,True
20240830,002594.SZ,True
20240902,002594.SZ,True
20240903,002594.SZ,True
20240904,002594.SZ,True
20240905,002594.SZ,True
20240906,002594.SZ,True
20240909,002594.SZ,True
20240910,002594.SZ,True
20240911,002594.SZ,True
20240912,002594.SZ,True
20240913,002594.SZ,True
20240918,002594.SZ,True
20240919,002594.SZ,True
20240920,002594.SZ,True
20240923,002594.SZ,True
20240924,002594.SZ,True
20240925,002594.SZ,True
20240926,002594.SZ,True
20240927,002594.SZ,True
20240930,002594.SZ,True
20241008,002594.SZ,True
20241009,002594.SZ,True
20241010,002594.SZ,True
20241011,002594.SZ,True
20241014,002594.SZ,True
20241015,002594.SZ,True
20241016,002594.SZ,True
20241017,002594.SZ,True
20241018,002594.SZ,True
20241021,002594.SZ,True
20241022,002594.SZ,True
20241023,002594.SZ,True
20241024,002594.SZ,True
20241025,002594.SZ,True
20241028,002594.SZ,True
20241029,002594.SZ,True
20241030,002594.SZ,True
20241031,002594.SZ,True
20241101,002594.SZ,True
20241104,002594.SZ,True
20241105,002594.SZ,True
20241106,002594.SZ,True
20241107,002594.SZ,True
20241108,002594.SZ,True
20241111,002594.SZ,True
20241112,002594.SZ,True
20241113,002594.SZ,True
20241114,002594.SZ,True
20241115,002594.SZ,True
20241118,002594.SZ,True
20241119,002594.SZ,True
20241120,002594.SZ,True
20241121,002594.SZ,True
20241122,002594.SZ,True
20241125,002594.SZ,True
20241126,002594.SZ,True
20241127,002594.SZ,True
20241128,002594.SZ,True
20241129,002594.SZ,True
20241202,002594.SZ,True
20241203,002594.SZ,True
20241204,002594.SZ,True
20241205,002594.SZ,True
20241206,002594.SZ,True
20241209,002594.SZ,True
20241210,002594.SZ,True
20241211,002594.SZ,True
20241212,002594.SZ,True
20241213,002594.SZ,True
20241216,002594.SZ,True
20241217,002594.SZ,True
20241218,002594.SZ,True
20241219,002594.SZ,True
20241220,002594.SZ,True
20241223,002594.SZ,True
20241224,002594.SZ,True
20241225,002594.SZ,True
20241226,002594.SZ,True
20241227,002594.SZ,True
20241230,002594.SZ,True
20241231,002594.SZ,True
20250102,002594.SZ,True
20250103,002594.SZ,True
20250106,002594.SZ,True
20250107,002594.SZ,True
20250108,002594.SZ,True
20250109,002594.SZ,True
20250110,002594.SZ,True
20250113,002594.SZ,True
20250114,002594.SZ,True
20250115,002594.SZ,True
20250116,002594.SZ,True
20250117,002594.SZ,True
20250120,002594.SZ,True
20250121,002594.SZ,True
20250122,002594.SZ,True
20250123,002594.SZ,True
20250124,002594.SZ,True
20250127,002594.SZ,True
20250205,002594.SZ,True
20250206,002594.SZ,True
20250207,002594.SZ,True
20250210,002594.SZ,True
20250211,002594.SZ,True
20250212,002594.SZ,True
20250213,002594.SZ,True
20250214,002594.SZ,True
20250217,002594.SZ,True
20250218,002594.SZ,True
20250219,002594.SZ,True
20250220,002594.SZ,True
20250221,002594.SZ,True
20250224,002594.SZ,True
20250225,002594.SZ,True
20250226,002594.SZ,True
20250227,002594.SZ,True
20250228,002594.SZ,True
20250303,002594.SZ,True
20250304,002594.SZ,True
20250305,002594.SZ,True
20250306,002594.SZ,True
20250307,002594.SZ,True
20250310,002594.SZ,True
20250311,002594.SZ,True
20250312,002594.SZ,True
20250313,002594.SZ,True
20250314,002594.SZ,True
20250317,002594.SZ,True
20250318,002594.SZ,True
20250319,002594.SZ,True
20250320,002594.SZ,True
20250321,002594.SZ,True
20250324,002594.SZ,True
20250325,002594.SZ,True
20250326,002594.SZ,True
20250327,002594.SZ,True
20250328,002594.SZ,True
20250331,002594.SZ,True
20250401,002594.SZ,True
20250402,002594.SZ,True
20250403,002594.SZ,True
20250407,002594.SZ,True
20250408,002594.SZ,True
20250409,002594.SZ,True
20250410,002594.SZ,True
20250411,002594.SZ,True
20250414,002594.SZ,True
20250415,002594.SZ,True
20250416,002594.SZ,True
20250417,002594.SZ,True
20250418,002594.SZ,True
20250421,002594.SZ,True
20250422,002594.SZ,True
20250423,002594.SZ,True
20250424,002594.SZ,True
20250425,002594.SZ,True
20250428,002594.SZ,True
20250429,002594.SZ,True
20250430,002594.SZ,True
20250506,002594.SZ,True
20250507,002594.SZ,True
20250508,002594.SZ,True
20250509,002594.SZ,True
20250512,002594.SZ,True
20250513,002594.SZ,True
20250514,002594.SZ,True
20250515,002594.SZ,True
20250516,002594.SZ,True
20250519,002594.SZ,True
20250520,002594.SZ,True
20250521,002594.SZ,True
20250522,002594.SZ,True
20250523,002594.SZ,True
20250526,002594.SZ,True
20250527,002594.SZ,True
20250528,002594.SZ,True
20250529,002594.SZ,True
20250530,002594.SZ,True
20250603,002594.SZ,True
20250604,002594.SZ,True
20250605,002594.SZ,True
20250606,002594.SZ,True
20250609,002594.SZ,True
20250610,002594.SZ,True
20250611,002594.SZ,True
20250612,002594.SZ,True
20250613,002594.SZ,True
20250616,002594.SZ,True
20250617,002594.SZ,True
20250618,002594.SZ,True
20250619,002594.SZ,True
20250620,002594.SZ,True
20250623,002594.SZ,True
20250624,002594.SZ,True
20250625,002594.SZ,True
20250626,002594.SZ,True
20250627,002594.SZ,True
20250630,002594.SZ,True
20250701,002594.SZ,True
20250702,002594.SZ,True
20250703,002594.SZ,True
20250704,002594.SZ,True
20250707,002594.SZ,True
20250708,002594.SZ,True
20250709,002594.SZ,True
20250710,002594.SZ,True
20250711,002594.SZ,True
20250714,002594.SZ,True
20250715,002594.SZ,True
20250716,002594.SZ,True
20250717,002594.SZ,True
20250718,002594.SZ,True
20250721,002594.SZ,True
20250722,002594.SZ,True
20250723,002594.SZ,True
20250724,002594.SZ,True
20250725,002594.SZ,True
20250728,002594.SZ,True
20250729,002594.SZ,True
20250730,002594.SZ,True
20250731,002594.SZ,True
20250801,002594.SZ,True
20250804,002594.SZ,True
20250805,002594.SZ,True
20250806,002594.SZ,True
20250807,002594.SZ,True
20250808,002594.SZ,True
20250811,002594.SZ,True
20250812,002594.SZ,True
20250813,002594.SZ,True
20250814,002594.SZ,True
20250815,002594.SZ,True
20250818,002594.SZ,True
20250819,002594.SZ,True
20250820,002594.SZ,True
20250821,002594.SZ,True
20250822,002594.SZ,True
20250825,002594.SZ,True
20250826,002594.SZ,True
20250827,002594.SZ,True
20250828,002594.SZ,True
20250829,002594.SZ,True
20250901,002594.SZ,True
20250902,002594.SZ,True
20250903,002594.SZ,True
20250904,002594.SZ,True
20250905,002594.SZ,True
20250908,002594.SZ,True
20250909,002594.SZ,True
20250910,002594.SZ,True
20250911,002594.SZ,True
20250912,002594.SZ,True
20250915,002594.SZ,True
20250916,002594.SZ,True
20250917,002594.SZ,True
20250918,002594.SZ,True
20250919,002594.SZ,True
20250922,002594.SZ,True
20250923,002594.SZ,True
20250924,002594.SZ,True
20250925,002594.SZ,True
20250926,002594.SZ,True
20250929,002594.SZ,True
20250930,002594.SZ,True
20251009,002594.SZ,True
20251010,002594.SZ,True
20251013,002594.SZ,True
20251014,002594.SZ,True
20251015,002594.SZ,True
20251016,002594.SZ,True
20251017,002594.SZ,True
20251020,002594.SZ,True
20251021,002594.SZ,True
20251022,002594.SZ,True
20251023,002594.SZ,True
20251024,002594.SZ,True
20251027,002594.SZ,True
20251028,002594.SZ,True
20251029,002594.SZ,True
20251030,002594.SZ,True
20251031,002594.SZ,True
20251103,002594.SZ,True
20251104,002594.SZ,True
20251105,002594.SZ,True
20251106,002594.SZ,True
20251107,002594.SZ,True
20251110,002594.SZ,True
20251111,002594.SZ,True
20251112,002594.SZ,True
20251113,002594.SZ,True
20251114,002594.SZ,True
20251117,002594.SZ,True
20251118,002594.SZ,True
20251119,002594.SZ,True
20251120,002594.SZ,True
20251121,002594.SZ,True
20251124,002594.SZ,True
20251125,002594.SZ,True
20251126,002594.SZ,True
20251127,002594.SZ,True
20251128,002594.SZ,True
20251201,002594.SZ,True
20251202,002594.SZ,True
20251203,002594.SZ,True
20251204,002594.SZ,True
20251205,002594.SZ,True
20251208,002594.SZ,True
20251209,002594.SZ,True
20251210,002594.SZ,True
20251211,002594.SZ,True
20251212,002594.SZ,True
20251215,002594.SZ,True
20251216,002594.SZ,True
20251217,002594.SZ,True
20251218,002594.SZ,True
20251219,002594.SZ,True
20251222,002594.SZ,True
20251223,002594.SZ,True
20251224,002594.SZ,True
20251225,002594.SZ,True
20251226,002594.SZ,True
20251229,002594.SZ,True
20251230,002594.SZ,True
20251231,002594.SZ,True
20260105,002594.SZ,True
20260106,002594.SZ,True
20260107,002594.SZ,True
20260108,002594.SZ,True
20260109,002594.SZ,True
20260112,002594.SZ,True
20260113,002594.SZ,True
20260114,002594.SZ,True
20260115,002594.SZ,True
20260116,002594.SZ,True
20260119,002594.SZ,True
20260120,002594.SZ,True
20260121,002594.SZ,True
20260122,002594.SZ,True
20260123,002594.SZ,True
20260126,002594.SZ,True
20260127,002594.SZ,True
20260128,002594.SZ,True
20260129,002594.SZ,True
20260130,002594.SZ,True
20260202,002594.SZ,True
20260203,002594.SZ,True
20260204,002594.SZ,True
20260205,002594.SZ,True
20260206,002594.SZ,True
20260209,002594.SZ,True
20260210,002594.SZ,True
20260211,002594.SZ,True
20260212,002594.SZ,True
20260213,002594.SZ,True
20260225,002594.SZ,True
20260226,002594.SZ,True
20260227,002594.SZ,True
20260302,002594.SZ,True
20260303,002594.SZ,True
20260304,002594.SZ,True
20260306,002594.SZ,True
20260309,002594.SZ,True
20260310,002594.SZ,True
20260311,002594.SZ,True
20260312,002594.SZ,True
20260313,002594.SZ,True
20260316,002594.SZ,True
20260317,002594.SZ,True
20260318,002594.SZ,True
20260319,002594.SZ,True
20260320,002594.SZ,True
20260323,002594.SZ,True
20260324,002594.SZ,True
20260325,002594.SZ,True
20260326,002594.SZ,True
20260327,002594.SZ,True
20260330,002594.SZ,True
20260331,002594.SZ,True
20260401,002594.SZ,True
20260402,002594.SZ,True
20260403,002594.SZ,True
20260407,002594.SZ,True
20260408,002594.SZ,True
20260409,002594.SZ,True
20260410,002594.SZ,True
20260413,002594.SZ,True
20260414,002594.SZ,True
20260416,002594.SZ,True
20260417,002594.SZ,True
20260420,002594.SZ,True
20260421,002594.SZ,True
20260422,002594.SZ,True
20260423,002594.SZ,True
20260424,002594.SZ,True
20260427,002594.SZ,True
20260428,002594.SZ,True
20260429,002594.SZ,True
20260430,002594.SZ,True
20260506,002594.SZ,True
20260507,002594.SZ,True
20260508,002594.SZ,True
20260511,002594.SZ,True
20260512,002594.SZ,True
20260513,002594.SZ,True
20260514,002594.SZ,True
20260515,002594.SZ,True
20260518,002594.SZ,True
20260519,002594.SZ,True
20260520,002594.SZ,True
20260521,002594.SZ,True
20260522,002594.SZ,True
20260525,002594.SZ,True
20260526,002594.SZ,True
20260527,002594.SZ,True
20260528,002594.SZ,True
20260529,002594.SZ,True
20260601,002594.SZ,True
20260602,002594.SZ,True
20260603,002594.SZ,True
20260604,002594.SZ,True
20260605,002594.SZ,True
20260608,002594.SZ,True
20260609,002594.SZ,True
20260610,002594.SZ,True
20260611,002594.SZ,True
20260612,002594.SZ,True
20260615,002594.SZ,True
20260616,002594.SZ,True
20260617,002594.SZ,True
20260618,002594.SZ,True
20260622,002594.SZ,True
20260623,002594.SZ,True
20260624,002594.SZ,True
20260625,002594.SZ,True
20260626,002594.SZ,True
20260629,002594.SZ,True
20260630,002594.SZ,True
20260701,002594.SZ,True
20260702,002594.SZ,True
20260703,002594.SZ,True
20260706,002594.SZ,True
20260707,002594.SZ,True
20260708,002594.SZ,True
20260709,002594.SZ,True
20260710,002594.SZ,True
20260713,002594.SZ,True
20260714,002594.SZ,True
20260715,002594.SZ,True
20260716,002594.SZ,True
20240102,600030.SH,True
20240103,600030.SH,True
20240104,600030.SH,True
20240105,600030.SH,True
20240108,600030.SH,True
20240109,600030.SH,True
20240110,600030.SH,True
20240111,600030.SH,True
20240112,600030.SH,True
20240115,600030.SH,True
20240116,600030.SH,True
20240117,600030.SH,True
20240118,600030.SH,True
20240119,600030.SH,True
20240122,600030.SH,True
20240123,600030.SH,True
20240124,600030.SH,True
20240125,600030.SH,True
20240126,600030.SH,True
20240129,600030.SH,True
20240130,600030.SH,True
20240131,600030.SH,True
20240201,600030.SH,True
20240202,600030.SH,True
20240205,600030.SH,True
20240206,600030.SH,True
20240207,600030.SH,True
20240208,600030.SH,True
20240219,600030.SH,True
20240220,600030.SH,True
20240221,600030.SH,True
20240222,600030.SH,True
20240223,600030.SH,True
20240226,600030.SH,True
20240227,600030.SH,True
20240228,600030.SH,True
20240229,600030.SH,True
20240301,600030.SH,True
20240304,600030.SH,True
20240305,600030.SH,True
20240306,600030.SH,True
20240307,600030.SH,True
20240308,600030.SH,True
20240311,600030.SH,True
20240312,600030.SH,True
20240313,600030.SH,True
20240314,600030.SH,True
20240315,600030.SH,True
20240318,600030.SH,True
20240319,600030.SH,True
20240320,600030.SH,True
20240321,600030.SH,True
20240322,600030.SH,True
20240325,600030.SH,True
20240326,600030.SH,True
20240327,600030.SH,True
20240328,600030.SH,True
20240329,600030.SH,True
20240401,600030.SH,True
20240402,600030.SH,True
20240403,600030.SH,True
20240408,600030.SH,True
20240409,600030.SH,True
20240410,600030.SH,True
20240411,600030.SH,True
20240412,600030.SH,True
20240415,600030.SH,True
20240416,600030.SH,True
20240417,600030.SH,True
20240418,600030.SH,True
20240419,600030.SH,True
20240422,600030.SH,True
20240423,600030.SH,True
20240424,600030.SH,True
20240425,600030.SH,True
20240426,600030.SH,True
20240429,600030.SH,True
20240430,600030.SH,True
20240506,600030.SH,True
20240507,600030.SH,True
20240508,600030.SH,True
20240509,600030.SH,True
20240510,600030.SH,True
20240513,600030.SH,True
20240514,600030.SH,True
20240515,600030.SH,True
20240516,600030.SH,True
20240517,600030.SH,True
20240520,600030.SH,True
20240521,600030.SH,True
20240522,600030.SH,True
20240523,600030.SH,True
20240524,600030.SH,True
20240527,600030.SH,True
20240528,600030.SH,True
20240529,600030.SH,True
20240530,600030.SH,True
20240531,600030.SH,True
20240603,600030.SH,True
20240604,600030.SH,True
20240605,600030.SH,True
20240606,600030.SH,True
20240607,600030.SH,True
20240611,600030.SH,True
20240612,600030.SH,True
20240613,600030.SH,True
20240614,600030.SH,True
20240617,600030.SH,True
20240618,600030.SH,True
20240619,600030.SH,True
20240620,600030.SH,True
20240621,600030.SH,True
20240624,600030.SH,True
20240625,600030.SH,True
20240626,600030.SH,True
20240627,600030.SH,True
20240628,600030.SH,True
20240701,600030.SH,True
20240702,600030.SH,True
20240703,600030.SH,True
20240704,600030.SH,True
20240705,600030.SH,True
20240708,600030.SH,True
20240709,600030.SH,True
20240710,600030.SH,True
20240711,600030.SH,True
20240712,600030.SH,True
20240715,600030.SH,True
20240716,600030.SH,True
20240717,600030.SH,True
20240718,600030.SH,True
20240719,600030.SH,True
20240722,600030.SH,True
20240723,600030.SH,True
20240724,600030.SH,True
20240725,600030.SH,True
20240726,600030.SH,True
20240729,600030.SH,True
20240730,600030.SH,True
20240731,600030.SH,True
20240801,600030.SH,True
20240802,600030.SH,True
20240805,600030.SH,True
20240806,600030.SH,True
20240807,600030.SH,True
20240808,600030.SH,True
20240809,600030.SH,True
20240812,600030.SH,True
20240813,600030.SH,True
20240814,600030.SH,True
20240815,600030.SH,True
20240816,600030.SH,True
20240819,600030.SH,True
20240820,600030.SH,True
20240821,600030.SH,True
20240822,600030.SH,True
20240823,600030.SH,True
20240826,600030.SH,True
20240827,600030.SH,True
20240828,600030.SH,True
20240829,600030.SH,True
20240830,600030.SH,True
20240902,600030.SH,True
20240903,600030.SH,True
20240904,600030.SH,True
20240905,600030.SH,True
20240906,600030.SH,True
20240909,600030.SH,True
20240910,600030.SH,True
20240911,600030.SH,True
20240912,600030.SH,True
20240913,600030.SH,True
20240918,600030.SH,True
20240919,600030.SH,True
20240920,600030.SH,True
20240923,600030.SH,True
20240924,600030.SH,True
20240925,600030.SH,True
20240926,600030.SH,True
20240927,600030.SH,True
20240930,600030.SH,True
20241008,600030.SH,True
20241009,600030.SH,True
20241010,600030.SH,True
20241011,600030.SH,True
20241014,600030.SH,True
20241015,600030.SH,True
20241016,600030.SH,True
20241017,600030.SH,True
20241018,600030.SH,True
20241021,600030.SH,True
20241022,600030.SH,True
20241023,600030.SH,True
20241024,600030.SH,True
20241025,600030.SH,True
20241028,600030.SH,True
20241029,600030.SH,True
20241030,600030.SH,True
20241031,600030.SH,True
20241101,600030.SH,True
20241104,600030.SH,True
20241105,600030.SH,True
20241106,600030.SH,True
20241107,600030.SH,True
20241108,600030.SH,True
20241111,600030.SH,True
20241112,600030.SH,True
20241113,600030.SH,True
20241114,600030.SH,True
20241115,600030.SH,True
20241118,600030.SH,True
20241119,600030.SH,True
20241120,600030.SH,True
20241121,600030.SH,True
20241122,600030.SH,True
20241125,600030.SH,True
20241126,600030.SH,True
20241127,600030.SH,True
20241128,600030.SH,True
20241129,600030.SH,True
20241202,600030.SH,True
20241203,600030.SH,True
20241204,600030.SH,True
20241205,600030.SH,True
20241206,600030.SH,True
20241209,600030.SH,True
20241210,600030.SH,True
20241211,600030.SH,True
20241212,600030.SH,True
20241213,600030.SH,True
20241216,600030.SH,True
20241217,600030.SH,True
20241218,600030.SH,True
20241219,600030.SH,True
20241220,600030.SH,True
20241223,600030.SH,True
20241224,600030.SH,True
20241225,600030.SH,True
20241226,600030.SH,True
20241227,600030.SH,True
20241230,600030.SH,True
20241231,600030.SH,True
20250102,600030.SH,True
20250103,600030.SH,True
20250106,600030.SH,True
20250107,600030.SH,True
20250108,600030.SH,True
20250109,600030.SH,True
20250110,600030.SH,True
20250113,600030.SH,True
20250114,600030.SH,True
20250115,600030.SH,True
20250116,600030.SH,True
20250117,600030.SH,True
20250120,600030.SH,True
20250121,600030.SH,True
20250122,600030.SH,True
20250123,600030.SH,True
20250124,600030.SH,True
20250127,600030.SH,True
20250205,600030.SH,True
20250206,600030.SH,True
20250207,600030.SH,True
20250210,600030.SH,True
20250211,600030.SH,True
20250212,600030.SH,True
20250213,600030.SH,True
20250214,600030.SH,True
20250217,600030.SH,True
20250218,600030.SH,True
20250219,600030.SH,True
20250220,600030.SH,True
20250221,600030.SH,True
20250224,600030.SH,True
20250225,600030.SH,True
20250226,600030.SH,True
20250227,600030.SH,True
20250228,600030.SH,True
20250303,600030.SH,True
20250304,600030.SH,True
20250305,600030.SH,True
20250306,600030.SH,True
20250307,600030.SH,True
20250310,600030.SH,True
20250311,600030.SH,True
20250312,600030.SH,True
20250313,600030.SH,True
20250314,600030.SH,True
20250317,600030.SH,True
20250318,600030.SH,True
20250319,600030.SH,True
20250320,600030.SH,True
20250321,600030.SH,True
20250324,600030.SH,True
20250325,600030.SH,True
20250326,600030.SH,True
20250327,600030.SH,True
20250328,600030.SH,True
20250331,600030.SH,True
20250401,600030.SH,True
20250402,600030.SH,True
20250403,600030.SH,True
20250407,600030.SH,True
20250408,600030.SH,True
20250409,600030.SH,True
20250410,600030.SH,True
20250411,600030.SH,True
20250414,600030.SH,True
20250415,600030.SH,True
20250416,600030.SH,True
20250417,600030.SH,True
20250418,600030.SH,True
20250421,600030.SH,True
20250422,600030.SH,True
20250423,600030.SH,True
20250424,600030.SH,True
20250425,600030.SH,True
20250428,600030.SH,True
20250429,600030.SH,True
20250430,600030.SH,True
20250506,600030.SH,True
20250507,600030.SH,True
20250508,600030.SH,True
20250509,600030.SH,True
20250512,600030.SH,True
20250513,600030.SH,True
20250514,600030.SH,True
20250515,600030.SH,True
20250516,600030.SH,True
20250519,600030.SH,True
20250520,600030.SH,True
20250521,600030.SH,True
20250522,600030.SH,True
20250523,600030.SH,True
20250526,600030.SH,True
20250527,600030.SH,True
20250528,600030.SH,True
20250529,600030.SH,True
20250530,600030.SH,True
20250603,600030.SH,True
20250604,600030.SH,True
20250605,600030.SH,True
20250606,600030.SH,True
20250609,600030.SH,True
20250610,600030.SH,True
20250611,600030.SH,True
20250612,600030.SH,True
20250613,600030.SH,True
20250616,600030.SH,True
20250617,600030.SH,True
20250618,600030.SH,True
20250619,600030.SH,True
20250620,600030.SH,True
20250623,600030.SH,True
20250624,600030.SH,True
20250625,600030.SH,True
20250626,600030.SH,True
20250627,600030.SH,True
20250630,600030.SH,True
20250701,600030.SH,True
20250702,600030.SH,True
20250703,600030.SH,True
20250704,600030.SH,True
20250707,600030.SH,True
20250708,600030.SH,True
20250709,600030.SH,True
20250710,600030.SH,True
20250711,600030.SH,True
20250714,600030.SH,True
20250715,600030.SH,True
20250716,600030.SH,True
20250717,600030.SH,True
20250718,600030.SH,True
20250721,600030.SH,True
20250722,600030.SH,True
20250723,600030.SH,True
20250724,600030.SH,True
20250725,600030.SH,True
20250728,600030.SH,True
20250729,600030.SH,True
20250730,600030.SH,True
20250731,600030.SH,True
20250801,600030.SH,True
20250804,600030.SH,True
20250805,600030.SH,True
20250806,600030.SH,True
20250807,600030.SH,True
20250808,600030.SH,True
20250811,600030.SH,True
20250812,600030.SH,True
20250813,600030.SH,True
20250814,600030.SH,True
20250815,600030.SH,True
20250818,600030.SH,True
20250819,600030.SH,True
20250820,600030.SH,True
20250821,600030.SH,True
20250822,600030.SH,True
20250825,600030.SH,True
20250826,600030.SH,True
20250827,600030.SH,True
20250828,600030.SH,True
20250829,600030.SH,True
20250901,600030.SH,True
20250902,600030.SH,True
20250903,600030.SH,True
20250904,600030.SH,True
20250905,600030.SH,True
20250908,600030.SH,True
20250909,600030.SH,True
20250910,600030.SH,True
20250911,600030.SH,True
20250912,600030.SH,True
20250915,600030.SH,True
20250916,600030.SH,True
20250917,600030.SH,True
20250918,600030.SH,True
20250919,600030.SH,True
20250922,600030.SH,True
20250923,600030.SH,True
20250924,600030.SH,True
20250925,600030.SH,True
20250926,600030.SH,True
20250929,600030.SH,True
20250930,600030.SH,True
20251009,600030.SH,True
20251010,600030.SH,True
20251013,600030.SH,True
20251014,600030.SH,True
20251015,600030.SH,True
20251016,600030.SH,True
20251017,600030.SH,True
20251020,600030.SH,True
20251021,600030.SH,True
20251022,600030.SH,True
20251023,600030.SH,True
20251024,600030.SH,True
20251027,600030.SH,True
20251028,600030.SH,True
20251029,600030.SH,True
20251030,600030.SH,True
20251031,600030.SH,True
20251103,600030.SH,True
20251104,600030.SH,True
20251105,600030.SH,True
20251106,600030.SH,True
20251107,600030.SH,True
20251110,600030.SH,True
20251111,600030.SH,True
20251112,600030.SH,True
20251113,600030.SH,True
20251114,600030.SH,True
20251117,600030.SH,True
20251118,600030.SH,True
20251119,600030.SH,True
20251120,600030.SH,True
20251121,600030.SH,True
20251124,600030.SH,True
20251125,600030.SH,True
20251126,600030.SH,True
20251127,600030.SH,True
20251128,600030.SH,True
20251201,600030.SH,True
20251202,600030.SH,True
20251203,600030.SH,True
20251204,600030.SH,True
20251205,600030.SH,True
20251208,600030.SH,True
20251209,600030.SH,True
20251210,600030.SH,True
20251211,600030.SH,True
20251212,600030.SH,True
20251215,600030.SH,True
20251216,600030.SH,True
20251217,600030.SH,True
20251218,600030.SH,True
20251219,600030.SH,True
20251222,600030.SH,True
20251223,600030.SH,True
20251224,600030.SH,True
20251225,600030.SH,True
20251226,600030.SH,True
20251229,600030.SH,True
20251230,600030.SH,True
20251231,600030.SH,True
20260105,600030.SH,True
20260106,600030.SH,True
20260107,600030.SH,True
20260108,600030.SH,True
20260109,600030.SH,True
20260112,600030.SH,True
20260113,600030.SH,True
20260114,600030.SH,True
20260115,600030.SH,True
20260116,600030.SH,True
20260119,600030.SH,True
20260120,600030.SH,True
20260121,600030.SH,True
20260122,600030.SH,True
20260123,600030.SH,True
20260126,600030.SH,True
20260127,600030.SH,True
20260128,600030.SH,True
20260129,600030.SH,True
20260130,600030.SH,True
20260202,600030.SH,True
20260203,600030.SH,True
20260204,600030.SH,True
20260205,600030.SH,True
20260206,600030.SH,True
20260209,600030.SH,True
20260210,600030.SH,True
20260211,600030.SH,True
20260212,600030.SH,True
20260213,600030.SH,True
20260225,600030.SH,True
20260226,600030.SH,True
20260227,600030.SH,True
20260302,600030.SH,True
20260303,600030.SH,True
20260304,600030.SH,True
20260306,600030.SH,True
20260309,600030.SH,True
20260310,600030.SH,True
20260311,600030.SH,True
20260312,600030.SH,True
20260313,600030.SH,True
20260316,600030.SH,True
20260317,600030.SH,True
20260318,600030.SH,True
20260319,600030.SH,True
20260320,600030.SH,True
20260323,600030.SH,True
20260324,600030.SH,True
20260325,600030.SH,True
20260326,600030.SH,True
20260327,600030.SH,True
20260330,600030.SH,True
20260331,600030.SH,True
20260401,600030.SH,True
20260402,600030.SH,True
20260403,600030.SH,True
20260407,600030.SH,True
20260408,600030.SH,True
20260409,600030.SH,True
20260410,600030.SH,True
20260413,600030.SH,True
20260414,600030.SH,True
20260415,600030.SH,True
20260416,600030.SH,True
20260417,600030.SH,True
20260420,600030.SH,True
20260421,600030.SH,True
20260422,600030.SH,True
20260423,600030.SH,True
20260424,600030.SH,True
20260427,600030.SH,True
20260428,600030.SH,True
20260429,600030.SH,True
20260430,600030.SH,True
20260506,600030.SH,True
20260507,600030.SH,True
20260508,600030.SH,True
20260511,600030.SH,True
20260512,600030.SH,True
20260513,600030.SH,True
20260514,600030.SH,True
20260515,600030.SH,True
20260518,600030.SH,True
20260519,600030.SH,True
20260520,600030.SH,True
20260521,600030.SH,True
20260522,600030.SH,True
20260525,600030.SH,True
20260526,600030.SH,True
20260527,600030.SH,True
20260528,600030.SH,True
20260529,600030.SH,True
20260601,600030.SH,True
20260602,600030.SH,True
20260603,600030.SH,True
20260604,600030.SH,True
20260605,600030.SH,True
20260608,600030.SH,True
20260609,600030.SH,True
20260610,600030.SH,True
20260611,600030.SH,True
20260612,600030.SH,True
20260615,600030.SH,True
20260616,600030.SH,True
20260617,600030.SH,True
20260618,600030.SH,True
20260622,600030.SH,True
20260623,600030.SH,True
20260624,600030.SH,True
20260625,600030.SH,True
20260626,600030.SH,True
20260629,600030.SH,True
20260630,600030.SH,True
20260701,600030.SH,True
20260702,600030.SH,True
20260703,600030.SH,True
20260706,600030.SH,True
20260707,600030.SH,True
20260708,600030.SH,True
20260709,600030.SH,True
20260710,600030.SH,True
20260713,600030.SH,True
20260714,600030.SH,True
20260715,600030.SH,True
20260716,600030.SH,True
20240102,600900.SH,True
20240103,600900.SH,True
20240104,600900.SH,True
20240105,600900.SH,True
20240108,600900.SH,True
20240109,600900.SH,True
20240110,600900.SH,True
20240111,600900.SH,True
20240112,600900.SH,True
20240115,600900.SH,True
20240116,600900.SH,True
20240117,600900.SH,True
20240118,600900.SH,True
20240119,600900.SH,True
20240122,600900.SH,True
20240123,600900.SH,True
20240124,600900.SH,True
20240125,600900.SH,True
20240126,600900.SH,True
20240129,600900.SH,True
20240130,600900.SH,True
20240131,600900.SH,True
20240201,600900.SH,True
20240202,600900.SH,True
20240205,600900.SH,True
20240206,600900.SH,True
20240207,600900.SH,True
20240208,600900.SH,True
20240219,600900.SH,True
20240220,600900.SH,True
20240221,600900.SH,True
20240222,600900.SH,True
20240223,600900.SH,True
20240226,600900.SH,True
20240227,600900.SH,True
20240228,600900.SH,True
20240229,600900.SH,True
20240301,600900.SH,True
20240304,600900.SH,True
20240305,600900.SH,True
20240306,600900.SH,True
20240307,600900.SH,True
20240308,600900.SH,True
20240311,600900.SH,True
20240312,600900.SH,True
20240313,600900.SH,True
20240314,600900.SH,True
20240315,600900.SH,True
20240318,600900.SH,True
20240319,600900.SH,True
20240320,600900.SH,True
20240321,600900.SH,True
20240322,600900.SH,True
20240325,600900.SH,True
20240326,600900.SH,True
20240327,600900.SH,True
20240328,600900.SH,True
20240329,600900.SH,True
20240401,600900.SH,True
20240402,600900.SH,True
20240403,600900.SH,True
20240408,600900.SH,True
20240409,600900.SH,True
20240410,600900.SH,True
20240411,600900.SH,True
20240412,600900.SH,True
20240415,600900.SH,True
20240416,600900.SH,True
20240417,600900.SH,True
20240418,600900.SH,True
20240419,600900.SH,True
20240422,600900.SH,True
20240423,600900.SH,True
20240424,600900.SH,True
20240425,600900.SH,True
20240426,600900.SH,True
20240429,600900.SH,True
20240430,600900.SH,True
20240506,600900.SH,True
20240507,600900.SH,True
20240508,600900.SH,True
20240509,600900.SH,True
20240510,600900.SH,True
20240513,600900.SH,True
20240514,600900.SH,True
20240515,600900.SH,True
20240516,600900.SH,True
20240517,600900.SH,True
20240520,600900.SH,True
20240521,600900.SH,True
20240522,600900.SH,True
20240523,600900.SH,True
20240524,600900.SH,True
20240527,600900.SH,True
20240528,600900.SH,True
20240529,600900.SH,True
20240530,600900.SH,True
20240531,600900.SH,True
20240603,600900.SH,True
20240604,600900.SH,True
20240605,600900.SH,True
20240606,600900.SH,True
20240607,600900.SH,True
20240611,600900.SH,True
20240612,600900.SH,True
20240613,600900.SH,True
20240614,600900.SH,True
20240617,600900.SH,True
20240618,600900.SH,True
20240619,600900.SH,True
20240620,600900.SH,True
20240621,600900.SH,True
20240624,600900.SH,True
20240625,600900.SH,True
20240626,600900.SH,True
20240627,600900.SH,True
20240628,600900.SH,True
20240701,600900.SH,True
20240702,600900.SH,True
20240703,600900.SH,True
20240704,600900.SH,True
20240705,600900.SH,True
20240708,600900.SH,True
20240709,600900.SH,True
20240710,600900.SH,True
20240711,600900.SH,True
20240712,600900.SH,True
20240715,600900.SH,True
20240716,600900.SH,True
20240717,600900.SH,True
20240718,600900.SH,True
20240719,600900.SH,True
20240722,600900.SH,True
20240723,600900.SH,True
20240724,600900.SH,True
20240725,600900.SH,True
20240726,600900.SH,True
20240729,600900.SH,True
20240730,600900.SH,True
20240731,600900.SH,True
20240801,600900.SH,True
20240802,600900.SH,True
20240805,600900.SH,True
20240806,600900.SH,True
20240807,600900.SH,True
20240808,600900.SH,True
20240809,600900.SH,True
20240812,600900.SH,True
20240813,600900.SH,True
20240814,600900.SH,True
20240815,600900.SH,True
20240816,600900.SH,True
20240819,600900.SH,True
20240820,600900.SH,True
20240821,600900.SH,True
20240822,600900.SH,True
20240823,600900.SH,True
20240826,600900.SH,True
20240827,600900.SH,True
20240828,600900.SH,True
20240829,600900.SH,True
20240830,600900.SH,True
20240902,600900.SH,True
20240903,600900.SH,True
20240904,600900.SH,True
20240905,600900.SH,True
20240906,600900.SH,True
20240909,600900.SH,True
20240910,600900.SH,True
20240911,600900.SH,True
20240912,600900.SH,True
20240913,600900.SH,True
20240918,600900.SH,True
20240919,600900.SH,True
20240920,600900.SH,True
20240923,600900.SH,True
20240924,600900.SH,True
20240925,600900.SH,True
20240926,600900.SH,True
20240927,600900.SH,True
20240930,600900.SH,True
20241008,600900.SH,True
20241009,600900.SH,True
20241010,600900.SH,True
20241011,600900.SH,True
20241014,600900.SH,True
20241015,600900.SH,True
20241016,600900.SH,True
20241017,600900.SH,True
20241018,600900.SH,True
20241021,600900.SH,True
20241022,600900.SH,True
20241023,600900.SH,True
20241024,600900.SH,True
20241025,600900.SH,True
20241028,600900.SH,True
20241029,600900.SH,True
20241030,600900.SH,True
20241031,600900.SH,True
20241101,600900.SH,True
20241104,600900.SH,True
20241105,600900.SH,True
20241106,600900.SH,True
20241107,600900.SH,True
20241108,600900.SH,True
20241111,600900.SH,True
20241112,600900.SH,True
20241113,600900.SH,True
20241114,600900.SH,True
20241115,600900.SH,True
20241118,600900.SH,True
20241119,600900.SH,True
20241120,600900.SH,True
20241121,600900.SH,True
20241122,600900.SH,True
20241125,600900.SH,True
20241126,600900.SH,True
20241127,600900.SH,True
20241128,600900.SH,True
20241129,600900.SH,True
20241202,600900.SH,True
20241203,600900.SH,True
20241204,600900.SH,True
20241205,600900.SH,True
20241206,600900.SH,True
20241209,600900.SH,True
20241210,600900.SH,True
20241211,600900.SH,True
20241212,600900.SH,True
20241213,600900.SH,True
20241216,600900.SH,True
20241217,600900.SH,True
20241218,600900.SH,True
20241219,600900.SH,True
20241220,600900.SH,True
20241223,600900.SH,True
20241224,600900.SH,True
20241225,600900.SH,True
20241226,600900.SH,True
20241227,600900.SH,True
20241230,600900.SH,True
20241231,600900.SH,True
20250102,600900.SH,True
20250103,600900.SH,True
20250106,600900.SH,True
20250107,600900.SH,True
20250108,600900.SH,True
20250109,600900.SH,True
20250110,600900.SH,True
20250113,600900.SH,True
20250114,600900.SH,True
20250115,600900.SH,True
20250116,600900.SH,True
20250117,600900.SH,True
20250120,600900.SH,True
20250121,600900.SH,True
20250122,600900.SH,True
20250123,600900.SH,True
20250124,600900.SH,True
20250127,600900.SH,True
20250205,600900.SH,True
20250206,600900.SH,True
20250207,600900.SH,True
20250210,600900.SH,True
20250211,600900.SH,True
20250212,600900.SH,True
20250213,600900.SH,True
20250214,600900.SH,True
20250217,600900.SH,True
20250218,600900.SH,True
20250219,600900.SH,True
20250220,600900.SH,True
20250221,600900.SH,True
20250224,600900.SH,True
20250225,600900.SH,True
20250226,600900.SH,True
20250227,600900.SH,True
20250228,600900.SH,True
20250303,600900.SH,True
20250304,600900.SH,True
20250305,600900.SH,True
20250306,600900.SH,True
20250307,600900.SH,True
20250310,600900.SH,True
20250311,600900.SH,True
20250312,600900.SH,True
20250313,600900.SH,True
20250314,600900.SH,True
20250317,600900.SH,True
20250318,600900.SH,True
20250319,600900.SH,True
20250320,600900.SH,True
20250321,600900.SH,True
20250324,600900.SH,True
20250325,600900.SH,True
20250326,600900.SH,True
20250327,600900.SH,True
20250328,600900.SH,True
20250331,600900.SH,True
20250401,600900.SH,True
20250402,600900.SH,True
20250403,600900.SH,True
20250407,600900.SH,True
20250408,600900.SH,True
20250409,600900.SH,True
20250410,600900.SH,True
20250411,600900.SH,True
20250414,600900.SH,True
20250415,600900.SH,True
20250416,600900.SH,True
20250417,600900.SH,True
20250418,600900.SH,True
20250421,600900.SH,True
20250422,600900.SH,True
20250423,600900.SH,True
20250424,600900.SH,True
20250425,600900.SH,True
20250428,600900.SH,True
20250429,600900.SH,True
20250430,600900.SH,True
20250506,600900.SH,True
20250507,600900.SH,True
20250508,600900.SH,True
20250509,600900.SH,True
20250512,600900.SH,True
20250513,600900.SH,True
20250514,600900.SH,True
20250515,600900.SH,True
20250516,600900.SH,True
20250519,600900.SH,True
20250520,600900.SH,True
20250521,600900.SH,True
20250522,600900.SH,True
20250523,600900.SH,True
20250526,600900.SH,True
20250527,600900.SH,True
20250528,600900.SH,True
20250529,600900.SH,True
20250530,600900.SH,True
20250603,600900.SH,True
20250604,600900.SH,True
20250605,600900.SH,True
20250606,600900.SH,True
20250609,600900.SH,True
20250610,600900.SH,True
20250611,600900.SH,True
20250612,600900.SH,True
20250613,600900.SH,True
20250616,600900.SH,True
20250617,600900.SH,True
20250618,600900.SH,True
20250619,600900.SH,True
20250620,600900.SH,True
20250623,600900.SH,True
20250624,600900.SH,True
20250625,600900.SH,True
20250626,600900.SH,True
20250627,600900.SH,True
20250630,600900.SH,True
20250701,600900.SH,True
20250702,600900.SH,True
20250703,600900.SH,True
20250704,600900.SH,True
20250707,600900.SH,True
20250708,600900.SH,True
20250709,600900.SH,True
20250710,600900.SH,True
20250711,600900.SH,True
20250714,600900.SH,True
20250715,600900.SH,True
20250716,600900.SH,True
20250717,600900.SH,True
20250718,600900.SH,True
20250721,600900.SH,True
20250722,600900.SH,True
20250723,600900.SH,True
20250724,600900.SH,True
20250725,600900.SH,True
20250728,600900.SH,True
20250729,600900.SH,True
20250730,600900.SH,True
20250731,600900.SH,True
20250801,600900.SH,True
20250804,600900.SH,True
20250805,600900.SH,True
20250806,600900.SH,True
20250807,600900.SH,True
20250808,600900.SH,True
20250811,600900.SH,True
20250812,600900.SH,True
20250813,600900.SH,True
20250814,600900.SH,True
20250815,600900.SH,True
20250818,600900.SH,True
20250819,600900.SH,True
20250820,600900.SH,True
20250821,600900.SH,True
20250822,600900.SH,True
20250825,600900.SH,True
20250826,600900.SH,True
20250827,600900.SH,True
20250828,600900.SH,True
20250829,600900.SH,True
20250901,600900.SH,True
20250902,600900.SH,True
20250903,600900.SH,True
20250904,600900.SH,True
20250905,600900.SH,True
20250908,600900.SH,True
20250909,600900.SH,True
20250910,600900.SH,True
20250911,600900.SH,True
20250912,600900.SH,True
20250915,600900.SH,True
20250916,600900.SH,True
20250917,600900.SH,True
20250918,600900.SH,True
20250919,600900.SH,True
20250922,600900.SH,True
20250923,600900.SH,True
20250924,600900.SH,True
20250925,600900.SH,True
20250926,600900.SH,True
20250929,600900.SH,True
20250930,600900.SH,True
20251009,600900.SH,True
20251010,600900.SH,True
20251013,600900.SH,True
20251014,600900.SH,True
20251015,600900.SH,True
20251016,600900.SH,True
20251017,600900.SH,True
20251020,600900.SH,True
20251021,600900.SH,True
20251022,600900.SH,True
20251023,600900.SH,True
20251024,600900.SH,True
20251027,600900.SH,True
20251028,600900.SH,True
20251029,600900.SH,True
20251030,600900.SH,True
20251031,600900.SH,True
20251103,600900.SH,True
20251104,600900.SH,True
20251105,600900.SH,True
20251106,600900.SH,True
20251107,600900.SH,True
20251110,600900.SH,True
20251111,600900.SH,True
20251112,600900.SH,True
20251113,600900.SH,True
20251114,600900.SH,True
20251117,600900.SH,True
20251118,600900.SH,True
20251119,600900.SH,True
20251120,600900.SH,True
20251121,600900.SH,True
20251124,600900.SH,True
20251125,600900.SH,True
20251126,600900.SH,True
20251127,600900.SH,True
20251128,600900.SH,True
20251201,600900.SH,True
20251202,600900.SH,True
20251203,600900.SH,True
20251204,600900.SH,True
20251205,600900.SH,True
20251208,600900.SH,True
20251209,600900.SH,True
20251210,600900.SH,True
20251211,600900.SH,True
20251212,600900.SH,True
20251215,600900.SH,True
20251216,600900.SH,True
20251217,600900.SH,True
20251218,600900.SH,True
20251219,600900.SH,True
20251222,600900.SH,True
20251223,600900.SH,True
20251224,600900.SH,True
20251225,600900.SH,True
20251226,600900.SH,True
20251229,600900.SH,True
20251230,600900.SH,True
20251231,600900.SH,True
20260105,600900.SH,True
20260106,600900.SH,True
20260107,600900.SH,True
20260108,600900.SH,True
20260109,600900.SH,True
20260112,600900.SH,True
20260113,600900.SH,True
20260114,600900.SH,True
20260115,600900.SH,True
20260116,600900.SH,True
20260119,600900.SH,True
20260120,600900.SH,True
20260121,600900.SH,True
20260122,600900.SH,True
20260123,600900.SH,True
20260126,600900.SH,True
20260127,600900.SH,True
20260128,600900.SH,True
20260129,600900.SH,True
20260130,600900.SH,True
20260202,600900.SH,True
20260203,600900.SH,True
20260204,600900.SH,True
20260205,600900.SH,True
20260206,600900.SH,True
20260209,600900.SH,True
20260210,600900.SH,True
20260211,600900.SH,True
20260212,600900.SH,True
20260213,600900.SH,True
20260225,600900.SH,True
20260226,600900.SH,True
20260227,600900.SH,True
20260302,600900.SH,True
20260303,600900.SH,True
20260304,600900.SH,True
20260306,600900.SH,True
20260309,600900.SH,True
20260310,600900.SH,True
20260311,600900.SH,True
20260312,600900.SH,True
20260313,600900.SH,True
20260316,600900.SH,True
20260317,600900.SH,True
20260318,600900.SH,True
20260319,600900.SH,True
20260320,600900.SH,True
20260323,600900.SH,True
20260324,600900.SH,True
20260325,600900.SH,True
20260326,600900.SH,True
20260327,600900.SH,True
20260330,600900.SH,True
20260331,600900.SH,True
20260401,600900.SH,True
20260402,600900.SH,True
20260403,600900.SH,True
20260407,600900.SH,True
20260408,600900.SH,True
20260409,600900.SH,True
20260410,600900.SH,True
20260413,600900.SH,True
20260414,600900.SH,True
20260415,600900.SH,True
20260416,600900.SH,True
20260417,600900.SH,True
20260420,600900.SH,True
20260421,600900.SH,True
20260422,600900.SH,True
20260423,600900.SH,True
20260424,600900.SH,True
20260427,600900.SH,True
20260428,600900.SH,True
20260429,600900.SH,True
20260430,600900.SH,True
20260506,600900.SH,True
20260507,600900.SH,True
20260508,600900.SH,True
20260511,600900.SH,True
20260512,600900.SH,True
20260513,600900.SH,True
20260514,600900.SH,True
20260515,600900.SH,True
20260518,600900.SH,True
20260519,600900.SH,True
20260520,600900.SH,True
20260521,600900.SH,True
20260522,600900.SH,True
20260525,600900.SH,True
20260526,600900.SH,True
20260527,600900.SH,True
20260528,600900.SH,True
20260529,600900.SH,True
20260601,600900.SH,True
20260602,600900.SH,True
20260603,600900.SH,True
20260604,600900.SH,True
20260605,600900.SH,True
20260608,600900.SH,True
20260609,600900.SH,True
20260610,600900.SH,True
20260611,600900.SH,True
20260612,600900.SH,True
20260615,600900.SH,True
20260616,600900.SH,True
20260617,600900.SH,True
20260618,600900.SH,True
20260622,600900.SH,True
20260623,600900.SH,True
20260624,600900.SH,True
20260625,600900.SH,True
20260626,600900.SH,True
20260629,600900.SH,True
20260630,600900.SH,True
20260701,600900.SH,True
20260702,600900.SH,True
20260703,600900.SH,True
20260706,600900.SH,True
20260707,600900.SH,True
20260708,600900.SH,True
20260709,600900.SH,True
20260710,600900.SH,True
20260713,600900.SH,True
20260714,600900.SH,True
20260715,600900.SH,True
20260716,600900.SH,True
20240102,601166.SH,True
20240103,601166.SH,True
20240104,601166.SH,True
20240105,601166.SH,True
20240108,601166.SH,True
20240109,601166.SH,True
20240110,601166.SH,True
20240111,601166.SH,True
20240112,601166.SH,True
20240115,601166.SH,True
20240116,601166.SH,True
20240117,601166.SH,True
20240118,601166.SH,True
20240119,601166.SH,True
20240122,601166.SH,True
20240123,601166.SH,True
20240124,601166.SH,True
20240125,601166.SH,True
20240126,601166.SH,True
20240129,601166.SH,True
20240130,601166.SH,True
20240131,601166.SH,True
20240201,601166.SH,True
20240202,601166.SH,True
20240205,601166.SH,True
20240206,601166.SH,True
20240207,601166.SH,True
20240208,601166.SH,True
20240219,601166.SH,True
20240220,601166.SH,True
20240221,601166.SH,True
20240222,601166.SH,True
20240223,601166.SH,True
20240226,601166.SH,True
20240227,601166.SH,True
20240228,601166.SH,True
20240229,601166.SH,True
20240301,601166.SH,True
20240304,601166.SH,True
20240305,601166.SH,True
20240306,601166.SH,True
20240307,601166.SH,True
20240308,601166.SH,True
20240311,601166.SH,True
20240312,601166.SH,True
20240313,601166.SH,True
20240314,601166.SH,True
20240315,601166.SH,True
20240318,601166.SH,True
20240319,601166.SH,True
20240320,601166.SH,True
20240321,601166.SH,True
20240322,601166.SH,True
20240325,601166.SH,True
20240326,601166.SH,True
20240327,601166.SH,True
20240328,601166.SH,True
20240329,601166.SH,True
20240401,601166.SH,True
20240402,601166.SH,True
20240403,601166.SH,True
20240408,601166.SH,True
20240409,601166.SH,True
20240410,601166.SH,True
20240411,601166.SH,True
20240412,601166.SH,True
20240415,601166.SH,True
20240416,601166.SH,True
20240417,601166.SH,True
20240418,601166.SH,True
20240419,601166.SH,True
20240422,601166.SH,True
20240423,601166.SH,True
20240424,601166.SH,True
20240425,601166.SH,True
20240426,601166.SH,True
20240429,601166.SH,True
20240430,601166.SH,True
20240506,601166.SH,True
20240507,601166.SH,True
20240508,601166.SH,True
20240509,601166.SH,True
20240510,601166.SH,True
20240513,601166.SH,True
20240514,601166.SH,True
20240515,601166.SH,True
20240516,601166.SH,True
20240517,601166.SH,True
20240520,601166.SH,True
20240521,601166.SH,True
20240522,601166.SH,True
20240523,601166.SH,True
20240524,601166.SH,True
20240527,601166.SH,True
20240528,601166.SH,True
20240529,601166.SH,True
20240530,601166.SH,True
20240531,601166.SH,True
20240603,601166.SH,True
20240604,601166.SH,True
20240605,601166.SH,True
20240606,601166.SH,True
20240607,601166.SH,True
20240611,601166.SH,True
20240612,601166.SH,True
20240613,601166.SH,True
20240614,601166.SH,True
20240617,601166.SH,True
20240618,601166.SH,True
20240619,601166.SH,True
20240620,601166.SH,True
20240621,601166.SH,True
20240624,601166.SH,True
20240625,601166.SH,True
20240626,601166.SH,True
20240627,601166.SH,True
20240628,601166.SH,True
20240701,601166.SH,True
20240702,601166.SH,True
20240703,601166.SH,True
20240704,601166.SH,True
20240705,601166.SH,True
20240708,601166.SH,True
20240709,601166.SH,True
20240710,601166.SH,True
20240711,601166.SH,True
20240712,601166.SH,True
20240715,601166.SH,True
20240716,601166.SH,True
20240717,601166.SH,True
20240718,601166.SH,True
20240719,601166.SH,True
20240722,601166.SH,True
20240723,601166.SH,True
20240724,601166.SH,True
20240725,601166.SH,True
20240726,601166.SH,True
20240729,601166.SH,True
20240730,601166.SH,True
20240731,601166.SH,True
20240801,601166.SH,True
20240802,601166.SH,True
20240805,601166.SH,True
20240806,601166.SH,True
20240807,601166.SH,True
20240808,601166.SH,True
20240809,601166.SH,True
20240812,601166.SH,True
20240813,601166.SH,True
20240814,601166.SH,True
20240815,601166.SH,True
20240816,601166.SH,True
20240819,601166.SH,True
20240820,601166.SH,True
20240821,601166.SH,True
20240822,601166.SH,True
20240823,601166.SH,True
20240826,601166.SH,True
20240827,601166.SH,True
20240828,601166.SH,True
20240829,601166.SH,True
20240830,601166.SH,True
20240902,601166.SH,True
20240903,601166.SH,True
20240904,601166.SH,True
20240905,601166.SH,True
20240906,601166.SH,True
20240909,601166.SH,True
20240910,601166.SH,True
20240911,601166.SH,True
20240912,601166.SH,True
20240913,601166.SH,True
20240918,601166.SH,True
20240919,601166.SH,True
20240920,601166.SH,True
20240923,601166.SH,True
20240924,601166.SH,True
20240925,601166.SH,True
20240926,601166.SH,True
20240927,601166.SH,True
20240930,601166.SH,True
20241008,601166.SH,True
20241009,601166.SH,True
20241010,601166.SH,True
20241011,601166.SH,True
20241014,601166.SH,True
20241015,601166.SH,True
20241016,601166.SH,True
20241017,601166.SH,True
20241018,601166.SH,True
20241021,601166.SH,True
20241022,601166.SH,True
20241023,601166.SH,True
20241024,601166.SH,True
20241025,601166.SH,True
20241028,601166.SH,True
20241029,601166.SH,True
20241030,601166.SH,True
20241031,601166.SH,True
20241101,601166.SH,True
20241104,601166.SH,True
20241105,601166.SH,True
20241106,601166.SH,True
20241107,601166.SH,True
20241108,601166.SH,True
20241111,601166.SH,True
20241112,601166.SH,True
20241113,601166.SH,True
20241114,601166.SH,True
20241115,601166.SH,True
20241118,601166.SH,True
20241119,601166.SH,True
20241120,601166.SH,True
20241121,601166.SH,True
20241122,601166.SH,True
20241125,601166.SH,True
20241126,601166.SH,True
20241127,601166.SH,True
20241128,601166.SH,True
20241129,601166.SH,True
20241202,601166.SH,True
20241203,601166.SH,True
20241204,601166.SH,True
20241205,601166.SH,True
20241206,601166.SH,True
20241209,601166.SH,True
20241210,601166.SH,True
20241211,601166.SH,True
20241212,601166.SH,True
20241213,601166.SH,True
20241216,601166.SH,True
20241217,601166.SH,True
20241218,601166.SH,True
20241219,601166.SH,True
20241220,601166.SH,True
20241223,601166.SH,True
20241224,601166.SH,True
20241225,601166.SH,True
20241226,601166.SH,True
20241227,601166.SH,True
20241230,601166.SH,True
20241231,601166.SH,True
20250102,601166.SH,True
20250103,601166.SH,True
20250106,601166.SH,True
20250107,601166.SH,True
20250108,601166.SH,True
20250109,601166.SH,True
20250110,601166.SH,True
20250113,601166.SH,True
20250114,601166.SH,True
20250115,601166.SH,True
20250116,601166.SH,True
20250117,601166.SH,True
20250120,601166.SH,True
20250121,601166.SH,True
20250122,601166.SH,True
20250123,601166.SH,True
20250124,601166.SH,True
20250127,601166.SH,True
20250205,601166.SH,True
20250206,601166.SH,True
20250207,601166.SH,True
20250210,601166.SH,True
20250211,601166.SH,True
20250212,601166.SH,True
20250213,601166.SH,True
20250214,601166.SH,True
20250217,601166.SH,True
20250218,601166.SH,True
20250219,601166.SH,True
20250220,601166.SH,True
20250221,601166.SH,True
20250224,601166.SH,True
20250225,601166.SH,True
20250226,601166.SH,True
20250227,601166.SH,True
20250228,601166.SH,True
20250303,601166.SH,True
20250304,601166.SH,True
20250305,601166.SH,True
20250306,601166.SH,True
20250307,601166.SH,True
20250310,601166.SH,True
20250311,601166.SH,True
20250312,601166.SH,True
20250313,601166.SH,True
20250314,601166.SH,True
20250317,601166.SH,True
20250318,601166.SH,True
20250319,601166.SH,True
20250320,601166.SH,True
20250321,601166.SH,True
20250324,601166.SH,True
20250325,601166.SH,True
20250326,601166.SH,True
20250327,601166.SH,True
20250328,601166.SH,True
20250331,601166.SH,True
20250401,601166.SH,True
20250402,601166.SH,True
20250403,601166.SH,True
20250407,601166.SH,True
20250408,601166.SH,True
20250409,601166.SH,True
20250410,601166.SH,True
20250411,601166.SH,True
20250414,601166.SH,True
20250415,601166.SH,True
20250416,601166.SH,True
20250417,601166.SH,True
20250418,601166.SH,True
20250421,601166.SH,True
20250422,601166.SH,True
20250423,601166.SH,True
20250424,601166.SH,True
20250425,601166.SH,True
20250428,601166.SH,True
20250429,601166.SH,True
20250430,601166.SH,True
20250506,601166.SH,True
20250507,601166.SH,True
20250508,601166.SH,True
20250509,601166.SH,True
20250512,601166.SH,True
20250513,601166.SH,True
20250514,601166.SH,True
20250515,601166.SH,True
20250516,601166.SH,True
20250519,601166.SH,True
20250520,601166.SH,True
20250521,601166.SH,True
20250522,601166.SH,True
20250523,601166.SH,True
20250526,601166.SH,True
20250527,601166.SH,True
20250528,601166.SH,True
20250529,601166.SH,True
20250530,601166.SH,True
20250603,601166.SH,True
20250604,601166.SH,True
20250605,601166.SH,True
20250606,601166.SH,True
20250609,601166.SH,True
20250610,601166.SH,True
20250611,601166.SH,True
20250612,601166.SH,True
20250613,601166.SH,True
20250616,601166.SH,True
20250617,601166.SH,True
20250618,601166.SH,True
20250619,601166.SH,True
20250620,601166.SH,True
20250623,601166.SH,True
20250624,601166.SH,True
20250625,601166.SH,True
20250626,601166.SH,True
20250627,601166.SH,True
20250630,601166.SH,True
20250701,601166.SH,True
20250702,601166.SH,True
20250703,601166.SH,True
20250704,601166.SH,True
20250707,601166.SH,True
20250708,601166.SH,True
20250709,601166.SH,True
20250710,601166.SH,True
20250711,601166.SH,True
20250714,601166.SH,True
20250715,601166.SH,True
20250716,601166.SH,True
20250717,601166.SH,True
20250718,601166.SH,True
20250721,601166.SH,True
20250722,601166.SH,True
20250723,601166.SH,True
20250724,601166.SH,True
20250725,601166.SH,True
20250728,601166.SH,True
20250729,601166.SH,True
20250730,601166.SH,True
20250731,601166.SH,True
20250801,601166.SH,True
20250804,601166.SH,True
20250805,601166.SH,True
20250806,601166.SH,True
20250807,601166.SH,True
20250808,601166.SH,True
20250811,601166.SH,True
20250812,601166.SH,True
20250813,601166.SH,True
20250814,601166.SH,True
20250815,601166.SH,True
20250818,601166.SH,True
20250819,601166.SH,True
20250820,601166.SH,True
20250821,601166.SH,True
20250822,601166.SH,True
20250825,601166.SH,True
20250826,601166.SH,True
20250827,601166.SH,True
20250828,601166.SH,True
20250829,601166.SH,True
20250901,601166.SH,True
20250902,601166.SH,True
20250903,601166.SH,True
20250904,601166.SH,True
20250905,601166.SH,True
20250908,601166.SH,True
20250909,601166.SH,True
20250910,601166.SH,True
20250911,601166.SH,True
20250912,601166.SH,True
20250915,601166.SH,True
20250916,601166.SH,True
20250917,601166.SH,True
20250918,601166.SH,True
20250919,601166.SH,True
20250922,601166.SH,True
20250923,601166.SH,True
20250924,601166.SH,True
20250925,601166.SH,True
20250926,601166.SH,True
20250929,601166.SH,True
20250930,601166.SH,True
20251009,601166.SH,True
20251010,601166.SH,True
20251013,601166.SH,True
20251014,601166.SH,True
20251015,601166.SH,True
20251016,601166.SH,True
20251017,601166.SH,True
20251020,601166.SH,True
20251021,601166.SH,True
20251022,601166.SH,True
20251023,601166.SH,True
20251024,601166.SH,True
20251027,601166.SH,True
20251028,601166.SH,True
20251029,601166.SH,True
20251030,601166.SH,True
20251031,601166.SH,True
20251103,601166.SH,True
20251104,601166.SH,True
20251105,601166.SH,True
20251106,601166.SH,True
20251107,601166.SH,True
20251110,601166.SH,True
20251111,601166.SH,True
20251112,601166.SH,True
20251113,601166.SH,True
20251114,601166.SH,True
20251117,601166.SH,True
20251118,601166.SH,True
20251119,601166.SH,True
20251120,601166.SH,True
20251121,601166.SH,True
20251124,601166.SH,True
20251125,601166.SH,True
20251126,601166.SH,True
20251127,601166.SH,True
20251128,601166.SH,True
20251201,601166.SH,True
20251202,601166.SH,True
20251203,601166.SH,True
20251204,601166.SH,True
20251205,601166.SH,True
20251208,601166.SH,True
20251209,601166.SH,True
20251210,601166.SH,True
20251211,601166.SH,True
20251212,601166.SH,True
20251215,601166.SH,True
20251216,601166.SH,True
20251217,601166.SH,True
20251218,601166.SH,True
20251219,601166.SH,True
20251222,601166.SH,True
20251223,601166.SH,True
20251224,601166.SH,True
20251225,601166.SH,True
20251226,601166.SH,True
20251229,601166.SH,True
20251230,601166.SH,True
20251231,601166.SH,True
20260105,601166.SH,True
20260106,601166.SH,True
20260107,601166.SH,True
20260108,601166.SH,True
20260109,601166.SH,True
20260112,601166.SH,True
20260113,601166.SH,True
20260114,601166.SH,True
20260115,601166.SH,True
20260116,601166.SH,True
20260119,601166.SH,True
20260120,601166.SH,True
20260121,601166.SH,True
20260122,601166.SH,True
20260123,601166.SH,True
20260126,601166.SH,True
20260127,601166.SH,True
20260128,601166.SH,True
20260129,601166.SH,True
20260130,601166.SH,True
20260202,601166.SH,True
20260203,601166.SH,True
20260204,601166.SH,True
20260205,601166.SH,True
20260206,601166.SH,True
20260209,601166.SH,True
20260210,601166.SH,True
20260211,601166.SH,True
20260212,601166.SH,True
20260213,601166.SH,True
20260225,601166.SH,True
20260226,601166.SH,True
20260227,601166.SH,True
20260302,601166.SH,True
20260303,601166.SH,True
20260304,601166.SH,True
20260306,601166.SH,True
20260309,601166.SH,True
20260310,601166.SH,True
20260311,601166.SH,True
20260312,601166.SH,True
20260313,601166.SH,True
20260316,601166.SH,True
20260317,601166.SH,True
20260318,601166.SH,True
20260319,601166.SH,True
20260320,601166.SH,True
20260323,601166.SH,True
20260324,601166.SH,True
20260325,601166.SH,True
20260326,601166.SH,True
20260327,601166.SH,True
20260330,601166.SH,True
20260331,601166.SH,True
20260401,601166.SH,True
20260402,601166.SH,True
20260403,601166.SH,True
20260407,601166.SH,True
20260408,601166.SH,True
20260409,601166.SH,True
20260410,601166.SH,True
20260413,601166.SH,True
20260414,601166.SH,True
20260415,601166.SH,True
20260416,601166.SH,True
20260417,601166.SH,True
20260420,601166.SH,True
20260421,601166.SH,True
20260422,601166.SH,True
20260423,601166.SH,True
20260424,601166.SH,True
20260427,601166.SH,True
20260428,601166.SH,True
20260429,601166.SH,True
20260430,601166.SH,True
20260506,601166.SH,True
20260507,601166.SH,True
20260508,601166.SH,True
20260511,601166.SH,True
20260512,601166.SH,True
20260513,601166.SH,True
20260514,601166.SH,True
20260515,601166.SH,True
20260518,601166.SH,True
20260519,601166.SH,True
20260520,601166.SH,True
20260521,601166.SH,True
20260522,601166.SH,True
20260525,601166.SH,True
20260526,601166.SH,True
20260527,601166.SH,True
20260528,601166.SH,True
20260529,601166.SH,True
20260601,601166.SH,True
20260602,601166.SH,True
20260603,601166.SH,True
20260604,601166.SH,True
20260605,601166.SH,True
20260608,601166.SH,True
20260609,601166.SH,True
20260610,601166.SH,True
20260611,601166.SH,True
20260612,601166.SH,True
20260615,601166.SH,True
20260616,601166.SH,True
20260617,601166.SH,True
20260618,601166.SH,True
20260622,601166.SH,True
20260623,601166.SH,True
20260624,601166.SH,True
20260625,601166.SH,True
20260626,601166.SH,True
20260629,601166.SH,True
20260630,601166.SH,True
20260701,601166.SH,True
20260702,601166.SH,True
20260703,601166.SH,True
20260706,601166.SH,True
20260707,601166.SH,True
20260708,601166.SH,True
20260709,601166.SH,True
20260710,601166.SH,True
20260713,601166.SH,True
20260714,601166.SH,True
20260715,601166.SH,True
20260716,601166.SH,True
